rank,symbol,name,exchange,price_180d_ago,past_date_used,price_today,return_pct_final,mktcap_cr,cap_bucket,sector,avg_daily_volume,avg_daily_value_rs,penny_flag,xsrc_price,xsrc_mismatch_pct,xsrc_ok,isin_norm,yahoo_ticker,industry
1,ARIHANT,Arihant Foundations & Housing Limited,NSE,39.65,2026-04-13,802.8,1924.72,,,Real Estate,7032.0,5817433.0,False,,,False,INE413D01011,ARIHANT.NS,Real Estate - Development
2,STLTECH,Sterlite Technologies Limited,NSE,91.56,2026-01-20,520.4,461.99,,,Technology,5411100.0,1316065045.0,False,,,False,INE089C01029,STLTECH.NS,Communication Equipment
3,SANGINITA,Sanginita Chemicals Limited,NSE,11.44,2026-01-20,55.85,392.5,,,Basic Materials,173790.0,3680099.0,False,,,False,INE753W01010,SANGINITA.NS,Chemicals
4,UFBL,United Foodbrands Limited,NSE,179.0,2026-01-20,701.9,283.55,,,Consumer Cyclical,254846.0,101803059.0,False,,,False,INE382M01027,UFBL.NS,Restaurants
5,DEEDEV,DEE Development Engineers Limited,NSE,190.09,2026-01-20,691.75,251.09,,,Industrials,2163355.0,644631301.0,False,,,False,INE841L01016,DEEDEV.NS,Metal Fabrication
6,HFCL,HFCL Limited,NSE,63.32,2026-01-20,213.17,236.66,,,Technology,35918538.0,4330289237.0,False,,,False,INE548A01028,HFCL.NS,Communication Equipment
7,SIGMAADV,SIGMA ADVANCED SYSTEMS LIMITED,NSE,173.45,2026-01-20,557.8,220.63,,,Industrials,269179.0,93832390.0,False,,,False,INE933B01012,SIGMAADV.NS,Aerospace & Defense
8,BLISSGVS,Bliss GVS Pharma Limited,NSE,156.87,2026-01-20,483.5,208.22,,,Healthcare,3287579.0,764654519.0,False,,,False,INE416D01022,BLISSGVS.NS,Drug Manufacturers - Specialty & Generic
9,OMNI,Omnitech Engineering Limited,NSE,204.93,2026-03-05,565.6,196.73,,,Industrials,917623.0,323926724.0,False,,,False,INE0UH301010,OMNI.NS,Specialty Industrial Machinery
10,GVPIL,GE Power India Limited,NSE,283.65,2026-01-20,792.95,178.37,,,Industrials,638393.0,355659895.0,False,,,False,INE878A01011,GVPIL.NS,Engineering & Construction
11,NINSYS,NINtec Systems Limited,NSE,339.8,2026-01-20,893.6,162.98,,,Technology,13560.0,5866366.0,False,,,False,INE395U01014,NINSYS.NS,Information Technology Services
12,CUPID,Cupid Limited,NSE,80.67,2026-01-20,214.78,161.8,,,Consumer Defensive,33601825.0,3782519326.0,False,,,False,INE509F01029,CUPID.NS,Household & Personal Products
13,CPPLUS,Aditya Infotech Limited,NSE,1400.0,2026-01-20,3614.4,160.67,,,Industrials,277253.0,650769720.0,False,,,False,INE819V01029,CPPLUS.NS,Building Products & Equipment
14,INDOTECH,Indo Tech Transformers Limited,NSE,1318.7,2026-01-20,3400.9,157.9,,,Industrials,47721.0,101113349.0,False,,,False,INE332H01014,INDOTECH.NS,Electrical Equipment & Parts
15,CEMPRO,Cemindia Projects Limited,NSE,626.35,2026-01-20,1615.0,151.42,,,Industrials,786891.0,725557069.0,False,,,False,INE686A01026,CEMPRO.NS,Engineering & Construction
16,BHAGYANGR,Bhagyanagar India Limited,NSE,160.3,2026-01-20,401.05,144.8,,,Basic Materials,216047.0,48408365.0,False,,,False,INE458B01036,BHAGYANGR.NS,Copper
17,AEROFLEX,Aeroflex Industries Limited,NSE,168.93,2026-01-20,410.6,143.06,,,Industrials,2578580.0,774743977.0,False,,,False,INE024001021,AEROFLEX.NS,Metal Fabrication
18,GRWRHITECH,Garware Hi-Tech Films Limited,NSE,2745.3,2026-01-20,6970.5,142.41,,,Basic Materials,83238.0,389921462.0,False,,,False,INE291A01017,GRWRHITECH.NS,Specialty Chemicals
19,OMAXAUTO,Omax Autos Limited,NSE,94.34,2026-01-20,228.38,142.08,,,Consumer Cyclical,129725.0,21542401.0,False,,,False,INE090B01011,OMAXAUTO.NS,Auto Parts
20,KSHINTL,KSH International Limited,NSE,350.35,2026-01-20,864.75,141.08,,,Industrials,451347.0,259897732.0,False,,,False,INE987S01020,KSHINTL.NS,Electrical Equipment & Parts
21,SPORTKING,Sportking India Limited,NSE,81.81,2026-01-20,197.21,141.06,,,Consumer Cyclical,350049.0,53690646.0,False,,,False,INE885H01029,SPORTKING.NS,Textile Manufacturing
22,MTARTECH,Mtar Technologies Limited,NSE,2516.0,2026-01-20,6046.0,140.3,,,Industrials,875606.0,5167815078.0,False,,,False,INE864I01014,MTARTECH.NS,Specialty Industrial Machinery
23,VENUSREM,Venus Remedies Limited,NSE,726.25,2026-01-20,1770.0,137.98,,,Healthcare,61844.0,74165445.0,False,,,False,INE411B01019,VENUSREM.NS,Drug Manufacturers - Specialty & Generic
24,YASHO,Yasho Industries Limited,NSE,1270.5,2026-01-20,3010.7,136.97,,,Basic Materials,30372.0,56759148.0,False,,,False,INE616Z01012,YASHO.NS,Specialty Chemicals
25,ONELIFECAP,Onelife Capital Advisors Limited,NSE,15.67,2026-01-20,36.88,135.35,,,Financial Services,143466.0,2504459.0,False,,,False,INE912L01015,ONELIFECAP.NS,Capital Markets
26,NOVARTIND,Novartis India Limited,NSE,672.25,2026-04-15,1570.1,133.56,,,Healthcare,34157.0,47727691.0,False,,,False,INE234A01025,NOVARTIND.NS,Drug Manufacturers - Specialty & Generic
27,KOVAI,Kovai Medical Center & Hospital Limited,NSE,2576.65,2026-04-13,5986.0,132.32,,,Healthcare,5082.0,29456647.0,False,,,False,INE177F01017,KOVAI.NS,Medical Care Facilities
28,IBULLSLTD,Indiabulls Limited,NSE,12.55,2026-01-20,28.99,131.0,,,Real Estate,8143711.0,142782557.0,False,,,False,INE126M01010,IBULLSLTD.NS,Real Estate - Development
29,SUVEN,Suven Life Sciences Limited,NSE,143.49,2026-01-20,325.9,127.12,,,Healthcare,1018524.0,254301099.0,False,,,False,INE495B01038,SUVEN.NS,Drug Manufacturers - Specialty & Generic
30,CONFIPET,Confidence Petroleum India Limited,NSE,32.45,2026-01-20,73.12,124.43,,,Energy,2823674.0,157704932.0,False,,,False,INE552D01024,CONFIPET.NS,Oil & Gas Refining & Marketing
31,JNKINDIA,JNK India Limited,NSE,208.85,2026-01-20,477.15,122.86,,,Industrials,768075.0,303946598.0,False,,,False,INE0OAF01028,JNKINDIA.NS,Specialty Industrial Machinery
32,SHILPAMED,Shilpa Medicare Limited,NSE,279.2,2026-01-20,620.25,122.15,,,Healthcare,747123.0,338541699.0,False,,,False,INE790G01031,SHILPAMED.NS,Drug Manufacturers - Specialty & Generic
33,UNIVPHOTO,Universus Photo Imagings Limited,NSE,188.53,2026-01-20,436.3,120.7,,,Healthcare,14760.0,6407971.0,False,,,False,INE03V001013,UNIVPHOTO.NS,Medical Devices
34,ACUTAAS,Acutaas Chemicals Limited,NSE,1626.5,2026-01-20,3619.4,120.1,,,Basic Materials,425268.0,1054636815.0,False,,,False,INE00FF01025,ACUTAAS.NS,Specialty Chemicals
35,PAISALO,Paisalo Digital Limited,NSE,32.75,2026-01-20,71.75,119.08,,,Financial Services,9617848.0,502501952.0,False,,,False,INE420C01059,PAISALO.NS,Credit Services
36,ATLANTAELE,Atlanta Electricals Limited,NSE,777.6,2026-01-20,1698.3,118.4,,,Industrials,156906.0,203304024.0,False,,,False,INE0Z4F01028,ATLANTAELE.NS,Electrical Equipment & Parts
37,532380,Baba Arts Ltd-$,BSE,7.37,2026-01-20,15.99,116.96,,,n/a,72019.0,967211.0,False,15.99,0.0,True,INE893A01036,532380.BO,
38,RUBICON,Rubicon Research Limited,NSE,663.85,2026-01-20,1439.6,116.86,,,Healthcare,336768.0,354701825.0,False,,,False,INE506V01022,RUBICON.NS,Drug Manufacturers - General
39,SETL,Standard Engineering Technology Limited,NSE,130.03,2026-01-20,281.1,116.18,,,Industrials,556371.0,107366931.0,False,,,False,INE0M4D01010,SETL.NS,Specialty Industrial Machinery
40,INDSWFTLAB,Ind-Swift Laboratories Limited,NSE,107.42,2026-01-20,231.47,115.48,,,Healthcare,954412.0,148051331.0,False,,,False,INE915B01019,INDSWFTLAB.NS,Drug Manufacturers - Specialty & Generic
41,SAKAR,Sakar Healthcare Limited,NSE,408.6,2026-01-20,877.7,114.81,,,Healthcare,131932.0,86556783.0,False,,,False,INE732S01012,SAKAR.NS,Drug Manufacturers - Specialty & Generic
42,RUBYMILLS,The Ruby Mills Limited,NSE,194.03,2026-01-20,413.6,111.35,,,Consumer Cyclical,61377.0,16088886.0,False,,,False,INE301D01026,RUBYMILLS.NS,Textile Manufacturing
43,SHADOWFAX,Shadowfax Technologies Limited,NSE,109.98,2026-01-28,223.25,109.39,,,Industrials,2827099.0,453487196.0,False,,,False,INE12UN01015,SHADOWFAX.NS,Integrated Freight & Logistics
44,WELCORP,Welspun Corp Limited,NSE,758.6,2026-01-20,1581.5,108.48,,,Basic Materials,794944.0,922600405.0,False,,,False,INE191B01025,WELCORP.NS,Steel
45,RPTECH,Rashi Peripherals Limited,NSE,344.8,2026-01-20,734.45,108.0,,,Technology,587654.0,377024630.0,False,,,False,INE0J1F01024,RPTECH.NS,Electronics & Computer Distribution
46,SCHNEIDER,Schneider Electric Infrastructure Limited,NSE,585.45,2026-01-20,1278.5,107.28,,,Industrials,406480.0,403869746.0,False,,,False,INE839M01018,SCHNEIDER.NS,Electrical Equipment & Parts
47,ATHERENERG,Ather Energy Limited,NSE,606.9,2026-01-20,1282.2,107.22,,,Consumer Cyclical,3451847.0,3122987299.0,False,,,False,INE0LEZ01016,ATHERENERG.NS,Auto Manufacturers
48,VIDYAWIRES,Vidya Wires Limited,NSE,45.95,2026-01-20,94.82,106.35,,,Industrials,5260124.0,377825497.0,False,,,False,INE14UN01029,VIDYAWIRES.NS,Electrical Equipment & Parts
49,IOLCP,IOL Chemicals and Pharmaceuticals Limited,NSE,71.54,2026-01-20,148.33,106.07,,,Healthcare,2804080.0,348134814.0,False,,,False,INE485C01029,IOLCP.NS,Drug Manufacturers - Specialty & Generic
50,EBGNG,GNG Electronics Limited,NSE,260.1,2026-01-20,543.0,105.88,,,Technology,431250.0,195175353.0,False,,,False,INE18JU01028,EBGNG.NS,Computer Hardware
51,NGLFINE,NGL Fine-Chem Limited,NSE,1531.7,2026-01-20,3131.9,104.47,,,Healthcare,10973.0,28221704.0,False,,,False,INE887E01022,NGLFINE.NS,Drug Manufacturers - General
52,SYRMA,Syrma SGS Technology Limited,NSE,646.75,2026-01-20,1359.1,103.6,,,Technology,1336524.0,1287491729.0,False,,,False,INE0DYJ01015,SYRMA.NS,Electronic Components
53,NITTAGELA,Nitta Gelatin India Limited,NSE,922.65,2026-04-23,1880.0,103.14,,,Basic Materials,19667.0,30908026.0,False,,,False,INE265B01019,NITTAGELA.NS,Specialty Chemicals
54,KIRLOSENG,Kirloskar Oil Engines Limited,NSE,1099.0,2026-01-20,2255.7,102.65,,,Industrials,653774.0,1138526785.0,False,,,False,INE146L01010,KIRLOSENG.NS,Specialty Industrial Machinery
55,AVALON,Avalon Technologies Limited,NSE,856.55,2026-01-20,1724.0,101.27,,,Technology,341706.0,437220446.0,False,,,False,INE0LCL01028,AVALON.NS,Electronic Components
56,LOKESHMACH,Lokesh Machines Limited,NSE,164.29,2026-01-20,329.85,100.66,,,Industrials,78363.0,16279968.0,False,,,False,INE397H01017,LOKESHMACH.NS,Specialty Industrial Machinery
57,AEGISLOG,Aegis Logistics Limited,NSE,672.9,2026-01-20,1349.1,100.49,,,Energy,1566951.0,1429970194.0,False,,,False,INE208C01025,AEGISLOG.NS,Oil & Gas Refining & Marketing
58,TIRUPATIFL,Tirupati Forge Limited,NSE,33.6,2026-01-20,68.17,100.44,,,Industrials,598872.0,29265537.0,False,,,False,INE319Y01024,TIRUPATIFL.NS,Metal Fabrication
59,NRL,Nupur Recyclers Limited,NSE,53.69,2026-01-20,107.84,99.63,,,Industrials,81186.0,5522752.0,False,,,False,INE0JM501013,NRL.NS,Waste Management
60,MODISONLTD,MODISON LIMITED,NSE,145.77,2026-01-20,295.4,97.82,,,Industrials,121816.0,27884287.0,False,,,False,INE737D01021,MODISONLTD.NS,Electrical Equipment & Parts
61,PARACABLES,Paramount Communications Limited,NSE,32.71,2026-01-20,64.35,96.73,,,Technology,2158933.0,118783433.0,False,,,False,INE074B01023,PARACABLES.NS,Communication Equipment
62,IDEAFORGE,Ideaforge Technology Limited,NSE,423.25,2026-01-20,843.75,96.45,,,Technology,1038911.0,617819961.0,False,,,False,INE349Y01013,IDEAFORGE.NS,Computer Hardware
63,KRN,KRN Heat Exchanger and Refrigeration Limited,NSE,641.45,2026-01-20,1249.9,94.86,,,Technology,844296.0,829207373.0,False,,,False,INE0Q3J01015,KRN.NS,Electronic Components
64,JAYBARMARU,Jay Bharat Maruti Limited,NSE,87.74,2026-01-20,170.79,94.65,,,Consumer Cyclical,863645.0,109478923.0,False,,,False,INE571B01036,JAYBARMARU.NS,Auto Parts
65,HIRECT,Hind Rectifiers Limited,NSE,639.65,2026-01-20,1244.5,94.56,,,Industrials,172075.0,165678684.0,False,,,False,INE835D01023,HIRECT.NS,Electrical Equipment & Parts
66,WHEELS,Wheels India Limited,NSE,759.85,2026-01-20,1472.1,93.74,,,Consumer Cyclical,140081.0,185850464.0,False,,,False,INE715A01015,WHEELS.NS,Auto Parts
67,SGMART,SG Mart Limited,NSE,323.45,2026-01-20,635.85,93.24,,,Industrials,365845.0,190802146.0,False,,,False,INE385F01024,SGMART.NS,Industrial Distribution
68,POWERINDIA,Hitachi Energy India Limited,NSE,16630.0,2026-01-20,32075.0,92.19,,,Industrials,162626.0,4347221892.0,False,,,False,INE07Y701011,POWERINDIA.NS,Electrical Equipment & Parts
69,APARINDS,Apar Industries Limited,NSE,7035.0,2026-01-20,13836.0,91.78,,,Industrials,118277.0,1386582321.0,False,,,False,INE372A01015,APARINDS.NS,Electrical Equipment & Parts
70,543828,Sudarshan Pharma Industries Ltd,BSE,20.86,2026-01-20,40.0,91.75,,,n/a,225974.0,6737929.0,False,40.0,0.0,True,INE00TV01023,543828.BO,
71,SKYGOLD,SKY GOLD AND DIAMONDS LIMITED,NSE,326.5,2026-01-20,621.3,91.49,,,Consumer Cyclical,1093803.0,480106195.0,False,,,False,INE01IU01018,SKYGOLD.NS,Luxury Goods
72,539730,Fredun Pharmaceuticals Ltd,BSE,501.62,2026-01-20,955.2,90.52,,,n/a,35992.0,24228685.0,False,955.2,0.0,True,INE194R01017,539730.BO,
73,INDOBORAX,Indo Borax & Chemicals Limited,NSE,243.8,2026-01-20,465.7,90.16,,,Basic Materials,153360.0,52110368.0,False,,,False,INE803D01021,INDOBORAX.NS,Chemicals
74,BAJAJCON,Bajaj Consumer Care Limited,NSE,260.7,2026-01-20,525.65,90.07,,,Consumer Defensive,1369689.0,571703842.0,False,,,False,INE933K01021,BAJAJCON.NS,Household & Personal Products
75,ASTRAMICRO,Astra Microwave Products Limited,NSE,889.85,2026-01-20,1720.8,89.73,,,Technology,592802.0,765206622.0,False,,,False,INE386C01029,ASTRAMICRO.NS,Communication Equipment
76,ADANIENSOL,Adani Energy Solutions Limited,NSE,885.5,2026-01-20,1722.6,89.63,,,Utilities,2353785.0,2974823645.0,False,,,False,INE931S01010,ADANIENSOL.NS,Utilities - Independent Power Producers
77,RISHABH,Rishabh Instruments Limited,NSE,340.0,2026-01-20,656.1,89.43,,,Technology,152830.0,79245467.0,False,,,False,INE0N2P01017,RISHABH.NS,Scientific & Technical Instruments
78,LLOYDSENGG,LLOYDS ENGINEERING WORKS LIMITED,NSE,46.88,2026-01-20,88.56,88.91,,,Industrials,9754998.0,682038606.0,False,,,False,INE093R01011,LLOYDSENGG.NS,Specialty Industrial Machinery
79,BALAMINES,Balaji Amines Limited,NSE,1212.1,2026-01-20,2289.1,88.85,,,Basic Materials,415605.0,634481799.0,False,,,False,INE050E01027,BALAMINES.NS,Specialty Chemicals
80,KOTYARK,Kotyark Industries Limited,NSE,18.26,2026-01-20,34.55,88.69,,,Basic Materials,356086.0,12425545.0,False,,,False,INE0J0B01017,KOTYARK.NS,Specialty Chemicals
81,E2E,E2E Networks Limited,NSE,214.99,2026-01-20,404.95,88.36,,,Technology,1508589.0,462479097.0,False,,,False,INE255Z01027,E2E.NS,Software - Infrastructure
82,SEDEMAC,SEDEMAC Mechatronics Limited,NSE,1451.1,2026-03-11,2712.3,86.91,,,Consumer Cyclical,230137.0,458704165.0,False,,,False,INE00XB01019,SEDEMAC.NS,Auto Parts
83,ANTELOPUS,Antelopus Selan Energy Limited,NSE,414.8,2026-01-20,820.8,86.46,,,Energy,394702.0,226543698.0,False,,,False,INE818A01017,ANTELOPUS.NS,Oil & Gas E&P
84,SKMEGGPROD,SKM Egg Products Export (India) Limited,NSE,180.65,2026-01-20,318.95,84.9,,,Consumer Defensive,610385.0,140050611.0,False,,,False,INE411D01023,SKMEGGPROD.NS,Packaged Foods
85,APOLLOPIPE,Apollo Pipes Limited,NSE,270.3,2026-01-20,499.5,84.79,,,Industrials,928078.0,380504744.0,False,,,False,INE126J01016,APOLLOPIPE.NS,Building Products & Equipment
86,ACMESOLAR,Acme Solar Holdings Limited,NSE,209.68,2026-01-20,385.25,83.73,,,Utilities,1705076.0,500234933.0,False,,,False,INE622W01025,ACMESOLAR.NS,Utilities - Renewable
87,SANSERA,Sansera Engineering Limited,NSE,1759.0,2026-01-20,3218.8,82.99,,,Consumer Cyclical,245523.0,601524767.0,False,,,False,INE953O01021,SANSERA.NS,Auto Parts
88,GAYAPROJ,Gayatri Projects Limited,NSE,12.1,2026-01-20,22.12,82.81,,,Industrials,300912.0,5962343.0,False,,,False,INE336H01023,GAYAPROJ.NS,Engineering & Construction
89,SPARC,Sun Pharma Advanced Research Company Limited,NSE,127.99,2026-01-20,235.2,81.55,,,Healthcare,4717229.0,847613325.0,False,,,False,INE232I01014,SPARC.NS,Drug Manufacturers - Specialty & Generic
90,PARAS,Paras Defence and Space Technologies Limited,NSE,626.3,2026-01-20,1176.3,81.49,,,Industrials,2175468.0,2088094984.0,False,,,False,INE045601023,PARAS.NS,Aerospace & Defense
91,CONSOFINVT,Consolidated Finvest & Holdings Limited,NSE,152.79,2026-01-20,279.01,81.25,,,Financial Services,23294.0,5182455.0,False,,,False,INE025A01027,CONSOFINVT.NS,Capital Markets
92,ARVIND,Arvind Limited,NSE,292.65,2026-01-20,535.95,79.49,,,Consumer Cyclical,725959.0,314150655.0,False,,,False,INE034A01011,ARVIND.NS,Textile Manufacturing
93,SPECTRUM,Spectrum Electrical Industries Limited,NSE,1090.9,2026-01-20,1959.3,79.13,,,Industrials,18071.0,30327112.0,False,,,False,INE01EO01010,SPECTRUM.NS,Electrical Equipment & Parts
94,BUILDPRO,Shankara Buildpro Limited,NSE,691.35,2026-01-20,1233.4,78.4,,,Consumer Cyclical,86095.0,90417133.0,False,,,False,INE24OJ01011,BUILDPRO.NS,Home Improvement Retail
95,DATAPATTNS,Data Patterns (India) Limited,NSE,2250.6,2026-01-20,4085.8,78.15,,,Industrials,942023.0,3418304114.0,False,,,False,INE0IX101010,DATAPATTNS.NS,Aerospace & Defense
96,GAUDIUMIVF,Gaudium IVF and Women Health Limited,NSE,80.26,2026-02-27,143.78,77.99,,,Healthcare,855294.0,84360570.0,False,,,False,INE0P8B01020,GAUDIUMIVF.NS,Medical Care Facilities
97,PARKHOSPS,Park Medi World Limited,NSE,153.92,2026-01-20,273.95,77.98,,,Healthcare,1414221.0,275640478.0,False,,,False,INE119201023,PARKHOSPS.NS,Medical Care Facilities
98,INOXINDIA,INOX India Limited,NSE,1096.6,2026-01-20,1980.2,77.87,,,Industrials,229869.0,371449667.0,False,,,False,INE616N01034,INOXINDIA.NS,Specialty Industrial Machinery
99,J&KBANK,The Jammu & Kashmir Bank Limited,NSE,98.92,2026-01-20,182.69,77.71,,,Financial Services,4904147.0,638372312.0,False,,,False,INE168A01041,J&KBANK.NS,Banks - Regional
100,WABAG,VA Tech Wabag Limited,NSE,1123.9,2026-01-20,1991.1,77.16,,,Industrials,487566.0,773374113.0,False,,,False,INE956G01038,WABAG.NS,Engineering & Construction
101,GCSL,Gretex Corporate Services Limited,NSE,295.4,2026-01-20,525.7,76.8,,,Financial Services,226759.0,96901961.0,False,,,False,INE199P01028,GCSL.NS,Capital Markets
102,UNIVASTU,Univastu India Limited,NSE,65.88,2026-01-20,116.23,76.43,,,Industrials,116259.0,9171608.0,False,,,False,INE562X01013,UNIVASTU.NS,Engineering & Construction
103,TDPOWERSYS,TD Power Systems Limited,NSE,640.65,2026-01-20,1127.7,76.02,,,Industrials,1113213.0,1124501299.0,False,,,False,INE419M01027,TDPOWERSYS.NS,Specialty Industrial Machinery
104,NITINSPIN,Nitin Spinners Limited,NSE,307.45,2026-01-20,550.35,75.86,,,Consumer Cyclical,366900.0,148501291.0,False,,,False,INE229H01012,NITINSPIN.NS,Textile Manufacturing
105,544023,Kalyani Cast-Tech Ltd,BSE,459.4,2026-01-20,820.0,75.57,,,n/a,11203.0,6519035.0,False,820.0,0.0,True,INE0N6U01018,544023.BO,
106,NEOGEN,Neogen Chemicals Limited,NSE,1205.5,2026-01-20,2175.6,75.34,,,Basic Materials,185530.0,253323214.0,False,,,False,INE136S01016,NEOGEN.NS,Specialty Chemicals
107,SHREEJISPG,Shreeji Shipping Global Limited,NSE,336.5,2026-01-20,596.3,74.43,,,Industrials,1114953.0,450155858.0,False,,,False,INE1B6101010,SHREEJISPG.NS,Marine Shipping
108,SENORES,Senores Pharmaceuticals Limited,NSE,784.55,2026-01-20,1405.1,74.34,,,Healthcare,323382.0,320487668.0,False,,,False,INE0RB801010,SENORES.NS,Drug Manufacturers - General
109,RAMCOSYS,Ramco Systems Limited,NSE,452.7,2026-01-20,789.05,74.3,,,Technology,998360.0,707827954.0,False,,,False,INE246B01019,RAMCOSYS.NS,Software - Application
110,QPOWER,Quality Power Electrical Equipments Limited,NSE,667.3,2026-01-20,1163.0,74.28,,,Industrials,867811.0,813624295.0,False,,,False,INE0SII01026,QPOWER.NS,Electrical Equipment & Parts
111,UTLSOLAR,Fujiyama Power Systems Limited,NSE,209.07,2026-01-20,365.15,73.77,,,Technology,524368.0,137976798.0,False,,,False,INE12UR01024,UTLSOLAR.NS,Solar
112,BLUSPRING,Bluspring Enterprises Limited,NSE,64.07,2026-01-20,111.33,73.76,,,Industrials,589625.0,51305755.0,False,,,False,INE0U4101014,BLUSPRING.NS,Specialty Business Services
113,NAHARSPING,Nahar Spinning Mills Limited,NSE,159.4,2026-01-20,276.75,73.62,,,Consumer Cyclical,27661.0,5741947.0,False,,,False,INE290A01027,NAHARSPING.NS,Textile Manufacturing
114,RPEL,Raghav Productivity Enhancers Limited,NSE,757.2,2026-01-20,1313.8,73.51,,,Basic Materials,92966.0,84884557.0,False,,,False,INE912T01018,RPEL.NS,Chemicals
115,THANGAMAYL,Thangamayil Jewellery Limited,NSE,3712.3,2026-01-20,6436.0,73.37,,,Consumer Cyclical,175863.0,778659974.0,False,,,False,INE085J01014,THANGAMAYL.NS,Luxury Goods
116,FCL,Fineotex Chemical Limited,NSE,22.13,2026-01-20,38.75,73.07,,,Basic Materials,10423389.0,359940040.0,False,,,False,INE045J01034,FCL.NS,Specialty Chemicals
117,GANECOS,Ganesha Ecosphere Limited,NSE,697.05,2026-01-20,1203.15,72.61,,,Consumer Cyclical,449357.0,447414941.0,False,,,False,INE845D01014,GANECOS.NS,Textile Manufacturing
118,DIACABS,Diamond Power Infrastructure Limited,NSE,127.05,2026-01-20,222.38,72.2,,,Industrials,3395079.0,623152248.0,False,,,False,INE989C01038,DIACABS.NS,Specialty Industrial Machinery
119,COCKERILL,John Cockerill India Limited,NSE,5277.35,2026-04-22,8959.0,71.83,,,Industrials,22062.0,190665701.0,False,,,False,INE515A01019,COCKERILL.NS,Metal Fabrication
120,APOLLO,Apollo Micro Systems Limited,NSE,227.4,2026-01-20,397.8,71.24,,,Industrials,11895352.0,4098645799.0,False,,,False,INE713T01028,APOLLO.NS,Aerospace & Defense
121,HESTERBIO,Hester Biosciences Limited,NSE,1410.3,2026-01-20,2447.8,70.59,,,Healthcare,13814.0,28863641.0,False,,,False,INE782E01017,HESTERBIO.NS,Drug Manufacturers - Specialty & Generic
122,540492,Starlineps Enterprises Ltd,BSE,6.24,2026-01-20,10.64,70.51,,,n/a,994045.0,8796334.0,False,10.64,0.0,True,INE594W01042,540492.BO,
123,MBAPL,Madhya Bharat Agro Products Limited,NSE,79.29,2026-01-20,136.2,70.27,,,Basic Materials,1163414.0,117603338.0,False,,,False,INE900L01028,MBAPL.NS,Agricultural Inputs
124,SBCL,Shivalik Bimetal Controls Limited,NSE,433.2,2026-01-20,737.35,70.21,,,Industrials,328552.0,205487454.0,False,,,False,INE386D01027,SBCL.NS,Metal Fabrication
125,IZMO,IZMO Limited,NSE,657.25,2026-01-20,1124.0,70.08,,,Technology,127190.0,107464702.0,False,,,False,INE848A01014,IZMO.NS,Software - Application
126,SATIN,Satin Creditcare Network Limited,NSE,148.72,2026-01-20,255.07,70.0,,,Financial Services,558578.0,119743854.0,False,,,False,INE836B01017,SATIN.NS,Credit Services
127,524520,KMC Speciality Hospitals (India) Ltd,BSE,76.55,2026-01-20,134.65,69.52,,,n/a,136985.0,14327982.0,False,134.65,0.0,True,INE879K01018,524520.BO,
128,AEQUS,Aequs Limited,NSE,135.42,2026-01-20,228.38,69.21,,,Industrials,6131335.0,1122029553.0,False,,,False,INE947N01017,AEQUS.NS,Aerospace & Defense
129,HONASA,Honasa Consumer Limited,NSE,277.6,2026-01-20,466.95,68.21,,,Consumer Defensive,1823754.0,651139822.0,False,,,False,INE0J5401028,HONASA.NS,Household & Personal Products
130,KERNEX,Kernex Microsystems (India) Limited,NSE,1207.5,2026-01-20,2039.3,68.11,,,Technology,266108.0,387956600.0,False,,,False,INE202H01019,KERNEX.NS,Software - Application
131,NRBBEARING,NRB Bearing Limited,NSE,243.25,2026-01-20,407.4,67.48,,,Consumer Cyclical,558372.0,203203540.0,False,,,False,INE349A01021,NRBBEARING.NS,Auto Parts
132,ADANIGREEN,Adani Green Energy Limited,NSE,883.2,2026-01-20,1513.9,67.41,,,Utilities,3488888.0,3967132681.0,False,,,False,INE364U01010,ADANIGREEN.NS,Utilities - Renewable
133,GVT&D,GE Vernova T&D India Limited,NSE,2600.8,2026-01-20,4387.4,67.37,,,Industrials,797481.0,3195611088.0,False,,,False,INE200A01026,GVT&D.NS,Specialty Industrial Machinery
134,WANBURY,Wanbury Limited,NSE,198.57,2026-01-20,332.2,67.3,,,Healthcare,173610.0,49894712.0,False,,,False,INE107F01022,WANBURY.NS,Drug Manufacturers - Specialty & Generic
135,BHEL,Bharat Heavy Electricals Limited,NSE,250.15,2026-01-20,422.0,67.23,,,Industrials,14948425.0,4897074365.0,False,,,False,INE257A01026,BHEL.NS,Specialty Industrial Machinery
136,543920,CFF Fluid Control Ltd,BSE,544.1,2026-01-20,917.6,67.02,,,n/a,31275.0,21976522.0,False,917.6,0.0,True,INE0NJ001013,543920.BO,
137,JINDALPOLY,Jindal Poly Films Limited,NSE,380.35,2026-01-20,659.05,66.7,,,Consumer Cyclical,228867.0,152531709.0,False,,,False,INE197D01010,JINDALPOLY.NS,Packaging & Containers
138,SGFIN,SG Finserve Limited,NSE,374.5,2026-01-20,631.15,66.46,,,Financial Services,347657.0,183943459.0,False,,,False,INE618R01015,SGFIN.NS,Capital Markets
139,UNIVCABLES,Universal Cables Limited,NSE,689.3,2026-01-20,1166.7,66.2,,,Industrials,175135.0,180738473.0,False,,,False,INE279A01012,UNIVCABLES.NS,Electrical Equipment & Parts
140,KABRAEXTRU,Kabra Extrusion Technik Limited,NSE,182.58,2026-01-20,330.7,66.11,,,Industrials,57452.0,14854019.0,False,,,False,INE900B01029,KABRAEXTRU.NS,Specialty Industrial Machinery
141,MOREPENLAB,Morepen Laboratories Limited,NSE,35.52,2026-01-20,58.9,65.82,,,Healthcare,6682418.0,323118820.0,False,,,False,INE083A01026,MOREPENLAB.NS,Drug Manufacturers - Specialty & Generic
142,EMMVEE,Emmvee Photovoltaic Power Limited,NSE,202.03,2026-01-20,345.05,65.63,,,Technology,3861834.0,1008499213.0,False,,,False,INE1C6T01020,EMMVEE.NS,Solar
143,AVADHSUGAR,Avadh Sugar & Energy Limited,NSE,311.25,2026-01-20,533.9,65.45,,,Consumer Defensive,72723.0,30742781.0,False,,,False,INE349W01017,AVADHSUGAR.NS,Confectioners
144,PRECWIRE,Precision Wires India Limited,NSE,213.23,2026-01-20,361.65,65.1,,,Industrials,942516.0,298643280.0,False,,,False,INE372C01037,PRECWIRE.NS,Electrical Equipment & Parts
145,CENTUM,Centum Electronics Limited,NSE,2224.7,2026-01-20,3711.4,64.9,,,Technology,73215.0,208011254.0,False,,,False,INE320B01020,CENTUM.NS,Electronic Components
146,GNA,GNA Axles Limited,NSE,340.4,2026-01-20,567.05,64.89,,,Consumer Cyclical,261623.0,115666712.0,False,,,False,INE934S01014,GNA.NS,Auto Parts
147,SOTL,Savita Oil Technologies Limited,NSE,347.35,2026-01-20,580.25,64.82,,,Basic Materials,226427.0,118850746.0,False,,,False,INE035D01020,SOTL.NS,Specialty Chemicals
148,INDNIPPON,India Nippon Electricals Limited,NSE,717.8,2026-01-20,1213.4,64.67,,,Consumer Cyclical,48574.0,44285771.0,False,,,False,INE092B01025,INDNIPPON.NS,Auto Parts
149,STYL,Seshaasai Technologies Limited,NSE,243.0,2026-01-20,399.95,64.59,,,Technology,194588.0,53958999.0,False,,,False,INE04VU01023,STYL.NS,Software - Infrastructure
150,KPL,Kwality Pharmaceuticals Limited,NSE,1662.6,2026-04-20,2702.0,64.58,,,n/a,41074.0,92382833.0,False,,,False,INE552U01010,KPL.NS,
151,FILATEX,Filatex India Limited,NSE,42.93,2026-01-20,71.57,64.42,,,Consumer Cyclical,1585268.0,89417111.0,False,,,False,INE816B01035,FILATEX.NS,Textile Manufacturing
152,TEJASNET,Tejas Networks Limited,NSE,328.0,2026-01-20,538.9,64.3,,,Technology,8597067.0,4091440883.0,False,,,False,INE010J01012,TEJASNET.NS,Communication Equipment
153,531911,Galaxy Agrico Exports Ltd,BSE,42.62,2026-01-20,69.9,64.01,,,n/a,121554.0,5710113.0,False,69.9,0.0,True,INE803L01016,531911.BO,
154,GALAPREC,Gala Precision Engineering Limited,NSE,720.15,2026-01-20,1182.0,63.87,,,Industrials,43427.0,42259328.0,False,,,False,INE0RE001014,GALAPREC.NS,Specialty Industrial Machinery
155,BBOX,Black Box Limited,NSE,497.7,2026-01-20,825.5,63.82,,,Technology,652404.0,482647911.0,False,,,False,INE676A01027,BBOX.NS,Software - Application
156,CMPDI,Central Mine Planning & Design Institute Limited,NSE,154.06,2026-03-30,254.91,63.41,,,Basic Materials,5318555.0,1207181388.0,False,,,False,INE05HV01027,CMPDI.NS,Other Industrial Metals & Mining
157,ADFFOODS,ADF Foods Limited,NSE,181.14,2026-01-20,299.1,62.8,,,Consumer Defensive,352897.0,94031670.0,False,,,False,INE982B01027,ADFFOODS.NS,Packaged Foods
158,AMANTA,Amanta Healthcare Limited,NSE,100.62,2026-01-20,168.0,62.77,,,Healthcare,163068.0,21461535.0,False,,,False,INE084K01015,AMANTA.NS,Drug Manufacturers - Specialty & Generic
159,540786,Sharika Enterprises Ltd,BSE,12.78,2026-01-20,20.89,62.44,,,n/a,76808.0,1144697.0,False,20.89,0.0,True,INE669Y01022,540786.BO,
160,ELPROINTL,Elpro International Limited,NSE,105.35,2026-04-22,174.63,62.43,,,n/a,150016.0,22580058.0,False,,,False,INE579B01039,ELPROINTL.NS,
161,MANINDS,Man Industries (India) Limited,NSE,326.25,2026-01-20,529.55,62.31,,,Basic Materials,805252.0,373487781.0,False,,,False,INE993A01026,MANINDS.NS,Steel
162,ICIL,Indo Count Industries Limited,NSE,239.95,2026-01-20,389.3,62.24,,,Consumer Cyclical,771372.0,255197712.0,False,,,False,INE483B01026,ICIL.NS,Textile Manufacturing
163,AYMSYNTEX,AYM Syntex Limited,NSE,149.87,2026-01-20,244.91,62.04,,,Consumer Cyclical,36139.0,7566798.0,False,,,False,INE193B01039,AYMSYNTEX.NS,Textile Manufacturing
164,TALBROAUTO,Talbros Automotive Components Limited,NSE,236.7,2026-01-20,405.1,61.65,,,Consumer Cyclical,212892.0,70575654.0,False,,,False,INE187D01029,TALBROAUTO.NS,Auto Parts
165,HSCL,Himadri Speciality Chemical Limited,NSE,448.95,2026-01-20,741.55,61.65,,,Basic Materials,6269516.0,3812959448.0,False,,,False,INE019C01026,HSCL.NS,Specialty Chemicals
166,SCPL,Sheetal Cool Products Limited,NSE,297.2,2026-01-20,490.15,61.21,,,Consumer Defensive,30176.0,11287563.0,False,,,False,INE501Y01019,SCPL.NS,Packaged Foods
167,VENUSPIPES,Venus Pipes & Tubes Limited,NSE,1018.3,2026-01-20,1708.8,60.99,,,Basic Materials,83799.0,114480022.0,False,,,False,INE0JA001018,VENUSPIPES.NS,Steel
168,SPAL,S. P. Apparels Limited,NSE,616.3,2026-01-20,992.2,60.99,,,Consumer Cyclical,144231.0,132642247.0,False,,,False,INE212I01016,SPAL.NS,Apparel Manufacturing
169,RRKABEL,R R Kabel Limited,NSE,1411.8,2026-01-20,2293.3,60.97,,,Industrials,426231.0,796002143.0,False,,,False,INE777K01022,RRKABEL.NS,Electrical Equipment & Parts
170,SIGNPOST,Signpost India Limited,NSE,201.51,2026-01-20,326.9,60.51,,,Communication Services,281121.0,79761145.0,False,,,False,INE0KGZ01021,SIGNPOST.NS,Advertising Agencies
171,VADILALIND,Vadilal Industries Limited,NSE,4185.2,2026-01-20,6716.0,60.47,,,Consumer Defensive,18911.0,97095459.0,False,,,False,INE694D01016,VADILALIND.NS,Packaged Foods
172,DECNGOLD,Deccan Gold Mines Limited,NSE,120.2,2026-04-20,192.75,60.36,,,n/a,2538479.0,459160688.0,False,,,False,INE945F01025,DECNGOLD.NS,
173,WALCHANNAG,Walchandnagar Industries Limited,NSE,144.02,2026-01-20,245.9,60.31,,,Industrials,2157718.0,467753218.0,False,,,False,INE711A01022,WALCHANNAG.NS,Engineering & Construction
174,MENONBE,Menon Bearings Limited,NSE,122.09,2026-01-20,199.67,60.11,,,Consumer Cyclical,128793.0,19286508.0,False,,,False,INE071D01033,MENONBE.NS,Auto Parts
175,UNIPARTS,Uniparts India Limited,NSE,410.2,2026-01-20,676.0,59.96,,,Industrials,134829.0,76373890.0,False,,,False,INE244O01017,UNIPARTS.NS,Farm & Heavy Construction Machinery
176,LLOYDSME,Lloyds Metals And Energy Limited,NSE,1166.8,2026-01-20,1865.4,59.87,,,Basic Materials,601958.0,880747404.0,False,,,False,INE281B01032,LLOYDSME.NS,Steel
177,GHCLTEXTIL,GHCL Textiles Limited,NSE,71.18,2026-01-20,113.7,59.74,,,Consumer Cyclical,386362.0,35064663.0,False,,,False,INE0PA801013,GHCLTEXTIL.NS,Textile Manufacturing
178,MAYURUNIQ,Mayur Uniquoters Ltd,NSE,492.2,2026-01-20,785.25,59.54,,,Consumer Cyclical,157993.0,107120052.0,False,,,False,INE040D01038,MAYURUNIQ.NS,Textile Manufacturing
179,RSWM,RSWM Limited,NSE,128.58,2026-01-20,212.68,59.47,,,Consumer Cyclical,92371.0,16772359.0,False,,,False,INE611A01016,RSWM.NS,Textile Manufacturing
180,ROSSTECH,Rossell Techsys Limited,NSE,578.2,2026-01-20,990.9,59.36,,,Industrials,174616.0,145518902.0,False,,,False,INE0OJW01016,ROSSTECH.NS,Aerospace & Defense
181,SUDEEPPHRM,Sudeep Pharma Limited,NSE,530.0,2026-01-20,862.75,59.3,,,Healthcare,362052.0,253982571.0,False,,,False,INE0QPI01025,SUDEEPPHRM.NS,Drug Manufacturers - Specialty & Generic
182,THERMAX,Thermax Limited,NSE,2921.4,2026-01-20,4662.0,59.15,,,Industrials,217405.0,886072386.0,False,,,False,INE152A01029,THERMAX.NS,Conglomerates
183,AZAD,Azad Engineering Limited,NSE,1464.9,2026-01-20,2329.7,59.03,,,Industrials,353442.0,702336394.0,False,,,False,INE02IJ01035,AZAD.NS,Specialty Industrial Machinery
184,ZIMLAB,Zim Laboratories Limited,NSE,76.22,2026-01-20,121.0,58.75,,,Healthcare,73892.0,6466392.0,False,,,False,INE518E01015,ZIMLAB.NS,Drug Manufacturers - Specialty & Generic
185,BLSE,BLS E-Services Limited,NSE,167.09,2026-01-20,274.37,58.63,,,Industrials,505485.0,103676373.0,False,,,False,INE0NLT01010,BLSE.NS,Specialty Business Services
186,543787,Macfos Ltd,BSE,722.05,2026-01-20,1143.7,58.4,,,n/a,9134.0,8803931.0,False,1143.7,0.0,True,INE0OLH01013,543787.BO,
187,ABB,ABB India Limited,NSE,4691.5,2026-01-20,7506.0,57.84,,,Industrials,379048.0,2430164259.0,False,,,False,INE117A01022,ABB.NS,Specialty Industrial Machinery
188,AKUMS,Akums Drugs and Pharmaceuticals Limited,NSE,421.45,2026-01-20,664.95,57.78,,,Healthcare,264825.0,140646040.0,False,,,False,INE09XN01023,AKUMS.NS,Drug Manufacturers - Specialty & Generic
189,CYIENTDLM,Cyient DLM Limited,NSE,366.3,2026-01-20,578.65,57.69,,,Industrials,681399.0,243137675.0,False,,,False,INE055S01018,CYIENTDLM.NS,Aerospace & Defense
190,CGPOWER,CG Power and Industrial Solutions Limited,NSE,573.75,2026-01-20,905.0,57.6,,,Industrials,3745594.0,2868078607.0,False,,,False,INE067A01029,CGPOWER.NS,Electrical Equipment & Parts
191,SONACOMS,Sona BLW Precision Forgings Limited,NSE,445.95,2026-01-20,704.85,57.46,,,Consumer Cyclical,2026908.0,1122893795.0,False,,,False,INE073K01018,SONACOMS.NS,Auto Parts
192,MARKSANS,Marksans Pharma Limited,NSE,169.47,2026-01-20,267.1,57.3,,,Healthcare,1652319.0,372046865.0,False,,,False,INE750C01026,MARKSANS.NS,Drug Manufacturers - General
193,PANACHE,Panache Digilife Limited,NSE,274.9,2026-01-20,431.0,56.78,,,Technology,16015.0,5590657.0,False,,,False,INE895W01019,PANACHE.NS,Communication Equipment
194,STEELCAS,Steelcast Limited,NSE,192.47,2026-01-20,301.6,56.7,,,Basic Materials,128768.0,35390169.0,False,,,False,INE124E01038,STEELCAS.NS,Steel
195,RAYMOND,Raymond Limited,NSE,383.0,2026-01-20,604.75,56.61,,,Industrials,605417.0,290225677.0,False,,,False,INE301A01014,RAYMOND.NS,Specialty Industrial Machinery
196,VTL,Vardhman Textiles Limited,NSE,402.85,2026-01-20,636.55,56.36,,,Consumer Cyclical,507507.0,274865783.0,False,,,False,INE825A01020,VTL.NS,Textile Manufacturing
197,TIMEX,Timex Group India Limited,NSE,344.55,2026-04-23,534.0,56.19,,,Consumer Cyclical,535726.0,242145829.0,False,,,False,INE064A01026,TIMEX.NS,Luxury Goods
198,STOVEKRAFT,Stove Kraft Limited,NSE,488.05,2026-01-20,773.25,56.18,,,Consumer Cyclical,246009.0,137510079.0,False,,,False,INE00IN01015,STOVEKRAFT.NS,"Furnishings, Fixtures & Appliances"
199,RML,Rane (Madras) Limited,NSE,737.95,2026-01-20,1179.2,55.41,,,Consumer Cyclical,47434.0,47679057.0,False,,,False,INE050H01012,RML.NS,Auto Parts
200,BHARATFORG,Bharat Forge Limited,NSE,1394.1,2026-01-20,2190.5,54.79,,,Consumer Cyclical,1260658.0,2272249411.0,False,,,False,INE465A01025,BHARATFORG.NS,Auto Parts
201,DCMSIL,DCM Shriram International Limited,NSE,52.21,2026-02-17,84.77,54.63,,,Industrials,129435.0,10065813.0,False,,,False,INE0OU201013,DCMSIL.NS,Industrial Distribution
202,MACPOWER,Macpower CNC Machines Limited,NSE,858.0,2026-01-20,1326.7,54.36,,,Industrials,31667.0,34133831.0,False,,,False,INE155Z01011,MACPOWER.NS,Specialty Industrial Machinery
203,GRANULES,Granules India Limited,NSE,552.75,2026-01-20,880.8,54.17,,,Healthcare,1150248.0,782980818.0,False,,,False,INE101D01020,GRANULES.NS,Drug Manufacturers - Specialty & Generic
204,SAILIFE,Sai Life Sciences Limited,NSE,821.45,2026-01-20,1272.0,53.99,,,Healthcare,560690.0,575633237.0,False,,,False,INE570L01029,SAILIFE.NS,Diagnostics & Research
205,AMAGI,Amagi Media Labs Limited,NSE,348.25,2026-01-21,562.8,53.94,,,Technology,726740.0,292309849.0,False,,,False,INE121R01077,AMAGI.NS,Software - Application
206,EXICOM,Exicom Tele-Systems Limited,NSE,105.14,2026-01-20,161.51,53.61,,,Industrials,2761466.0,412174765.0,False,,,False,INE777F01014,EXICOM.NS,Electrical Equipment & Parts
207,DIVGIITTS,Divgi Torqtransfer Systems Limited,NSE,592.45,2026-01-20,913.5,53.34,,,Consumer Cyclical,102431.0,92470077.0,False,,,False,INE753U01022,DIVGIITTS.NS,Auto Parts
208,TBZ,Tribhovandas Bhimji Zaveri Limited,NSE,168.41,2026-01-20,258.13,53.27,,,Consumer Cyclical,1184214.0,228213795.0,False,,,False,INE760L01018,TBZ.NS,Luxury Goods
209,UNICHEMLAB,Unichem Laboratories Limited,NSE,384.4,2026-01-20,589.05,53.24,,,Healthcare,345600.0,172563539.0,False,,,False,INE351A01035,UNICHEMLAB.NS,Drug Manufacturers - Specialty & Generic
210,MEGASTAR,Megastar Foods Limited,NSE,220.15,2026-01-20,337.35,53.24,,,Consumer Defensive,30370.0,9429458.0,False,,,False,INE00EM01016,MEGASTAR.NS,Packaged Foods
211,RAYMONDREL,Raymond Realty Limited,NSE,446.0,2026-01-20,683.3,53.21,,,Real Estate,706767.0,406443605.0,False,,,False,INE1SY401010,RAYMONDREL.NS,Real Estate - Development
212,VISL,Vedanta Iron and Steel Limited,NSE,21.06,2026-06-15,33.87,53.19,,,Basic Materials,87638903.0,2837925559.0,False,,,False,INE1CLE01013,VISL.NS,Steel
213,CARYSIL,CARYSIL LIMITED,NSE,759.0,2026-01-20,1170.4,53.14,,,Consumer Cyclical,120487.0,121400000.0,False,,,False,INE482D01024,CARYSIL.NS,"Furnishings, Fixtures & Appliances"
214,GRANDOAK,Grand Oak Canyons Distillery Limited,NSE,28.9,2026-04-20,44.21,52.98,,,n/a,52627.0,1988571.0,False,,,False,INE926B01016,GRANDOAK.NS,
215,KAMDHENU,Kamdhenu Limited,NSE,21.85,2026-01-20,33.54,52.8,,,Basic Materials,1721795.0,41616257.0,False,,,False,INE390H01020,KAMDHENU.NS,Steel
216,KIRLPNU,Kirloskar Pneumatic Company Limited,NSE,1100.1,2026-01-20,1696.0,52.71,,,Industrials,150411.0,226143771.0,False,,,False,INE811A01020,KIRLPNU.NS,Specialty Industrial Machinery
217,HAPPYFORGE,Happy Forgings Limited,NSE,1033.3,2026-01-20,1595.3,52.59,,,Industrials,78596.0,105621957.0,False,,,False,INE330T01021,HAPPYFORGE.NS,Metal Fabrication
218,ADANIPOWER,Adani Power Limited,NSE,137.48,2026-01-20,214.45,52.57,,,Utilities,30947714.0,5931527648.0,False,,,False,INE814H01029,ADANIPOWER.NS,Utilities - Independent Power Producers
219,GOCLCORP,GOCL Corporation Limited,NSE,263.1,2026-01-20,403.7,52.14,,,Basic Materials,202512.0,62350426.0,False,,,False,INE077F01035,GOCLCORP.NS,Specialty Chemicals
220,SERVOTECH,Servotech Renewable Power System Limited,NSE,65.85,2026-01-20,99.8,51.56,,,Industrials,1342700.0,119733831.0,False,,,False,INE782X01033,SERVOTECH.NS,Electrical Equipment & Parts
221,SKIPPER,Skipper Limited,NSE,353.6,2026-01-20,538.8,51.56,,,Industrials,610402.0,287323057.0,False,,,False,INE439E01022,SKIPPER.NS,Engineering & Construction
222,ADANIENT,Adani Enterprises Limited,NSE,2055.1,2026-01-20,3160.7,51.49,,,Energy,1963959.0,4782664491.0,False,,,False,INE423A01024,ADANIENT.NS,Thermal Coal
223,SUYOG,Suyog Telematics Limited,NSE,561.75,2026-01-20,849.85,51.45,,,Communication Services,37482.0,26829088.0,False,,,False,INE442P01014,SUYOG.NS,Telecom Services
224,APCOTEXIND,Apcotex Industries Limited,NSE,343.7,2026-01-20,529.1,51.45,,,Basic Materials,67800.0,32586556.0,False,,,False,INE116A01032,APCOTEXIND.NS,Specialty Chemicals
225,GREAVESCOT,Greaves Cotton Limited,NSE,163.97,2026-01-20,249.46,51.05,,,Industrials,1517504.0,292371638.0,False,,,False,INE224A01026,GREAVESCOT.NS,Specialty Industrial Machinery
226,FAZE3Q,Faze Three Limited,NSE,371.3,2026-01-20,560.6,50.98,,,Consumer Cyclical,64256.0,30544347.0,False,,,False,INE963C01033,FAZE3Q.NS,Textile Manufacturing
227,AETHER,Aether Industries Limited,NSE,966.45,2026-01-20,1475.3,50.64,,,Basic Materials,346377.0,393674751.0,False,,,False,INE0BWX01014,AETHER.NS,Specialty Chemicals
228,ELGIRUBCO,Elgi Rubber Company Limited,NSE,40.35,2026-01-20,61.84,50.54,,,Consumer Cyclical,78006.0,3896776.0,False,,,False,INE819L01012,ELGIRUBCO.NS,Auto Parts
229,BANDHANBNK,Bandhan Bank Limited,NSE,139.39,2026-01-20,213.25,49.69,,,Financial Services,10675529.0,1904298698.0,False,,,False,INE545U01014,BANDHANBNK.NS,Banks - Regional
230,KTKBANK,The Karnataka Bank Limited,NSE,182.12,2026-01-20,273.15,49.67,,,Financial Services,3409688.0,774783499.0,False,,,False,INE614B01018,KTKBANK.NS,Banks - Regional
231,STYLAMIND,Stylam Industries Limited,NSE,2169.9,2026-01-20,3250.4,49.44,,,Consumer Cyclical,53359.0,128759383.0,False,,,False,INE239C01020,STYLAMIND.NS,"Furnishings, Fixtures & Appliances"
232,526433,ASM Technologies Ltd,BSE,2745.35,2026-01-20,4099.7,49.33,,,n/a,23507.0,74137709.0,False,4099.7,0.0,True,INE867C01010,526433.BO,
233,ARROWGREEN,Arrow Greentech Limited,NSE,448.8,2026-01-20,670.0,49.29,,,Consumer Cyclical,62424.0,32548559.0,False,,,False,INE570D01018,ARROWGREEN.NS,Packaging & Containers
234,ADVAIT,Advait Energy Transitions Limited,NSE,1391.8,2026-01-20,2085.4,49.28,,,Industrials,57294.0,112018080.0,False,,,False,INE0ALI01010,ADVAIT.NS,Specialty Industrial Machinery
235,KOPRAN,Kopran Limited,NSE,135.91,2026-01-20,203.63,49.21,,,Healthcare,495479.0,80892912.0,False,,,False,INE082A01010,KOPRAN.NS,Drug Manufacturers - General
236,BTTL,Bhilwara Technical Textiles Limited,NSE,34.7,2026-04-22,51.77,49.19,,,Consumer Cyclical,57744.0,2714520.0,False,,,False,INE274K01012,BTTL.NS,Textile Manufacturing
237,ENRIN,Siemens Energy India Limited,NSE,2269.4,2026-01-20,3385.5,49.18,,,Utilities,567022.0,1722054631.0,False,,,False,INE1NPP01017,ENRIN.NS,Utilities - Renewable
238,BOROSCI,Borosil Scientific Limited,NSE,107.78,2026-01-20,160.75,49.15,,,Consumer Cyclical,158678.0,22565194.0,False,,,False,INE02L001032,BOROSCI.NS,Packaging & Containers
239,OFSS,Oracle Financial Services Software Limited,NSE,7825.0,2026-01-20,11771.0,49.06,,,Technology,227799.0,2019948120.0,False,,,False,INE881D01027,OFSS.NS,Software - Infrastructure
240,CALSOFT,California Software Company Limited,NSE,15.02,2026-01-20,22.12,48.96,,,Technology,120314.0,2335622.0,False,,,False,INE526B01014,CALSOFT.NS,Software - Application
241,KISSHT,OnEMI Technology Solutions Limited,NSE,208.63,2026-05-08,310.65,48.9,,,Financial Services,5142813.0,1284284238.0,False,,,False,INE12F801023,KISSHT.NS,Credit Services
242,BHARATSE,Bharat Seats Limited,NSE,151.28,2026-01-20,225.09,48.79,,,Consumer Cyclical,715286.0,152592696.0,False,,,False,INE415D01024,BHARATSE.NS,Auto Parts
243,SAREGAMA,Saregama India Limited,NSE,332.75,2026-01-20,494.85,48.72,,,Communication Services,1757099.0,713108416.0,False,,,False,INE979A01025,SAREGAMA.NS,Entertainment
244,RAIN,Rain Industries Limited,NSE,132.65,2026-01-20,206.77,48.67,,,Basic Materials,5215294.0,829624774.0,False,,,False,INE855B01025,RAIN.NS,Specialty Chemicals
245,GOLDIAM,Goldiam International Limited,NSE,232.57,2026-01-20,345.4,48.51,,,Consumer Cyclical,1126406.0,340572293.0,False,,,False,INE025B01025,GOLDIAM.NS,Luxury Goods
246,544037,Amic Forging Ltd,BSE,1165.8,2026-01-20,1767.05,48.02,,,n/a,49945.0,80691124.0,False,1767.05,0.0,True,INE0P9J01013,544037.BO,
247,STEELXIND,STEEL EXCHANGE INDIA LIMITED,NSE,8.12,2026-01-20,12.03,47.79,,,Basic Materials,2667878.0,28769415.0,False,,,False,INE503B01021,STEELXIND.NS,Steel
248,LAURUSLABS,Laurus Labs Limited,NSE,1035.5,2026-01-20,1529.8,47.74,,,Healthcare,1896751.0,2251415255.0,False,,,False,INE947Q01028,LAURUSLABS.NS,Drug Manufacturers - Specialty & Generic
249,ORCHPHARMA,Orchid Pharma Limited,NSE,700.8,2026-01-20,1041.35,47.69,,,Healthcare,119435.0,98283243.0,False,,,False,INE191A01027,ORCHPHARMA.NS,Drug Manufacturers - Specialty & Generic
250,TINNARUBR,Tinna Rubber and Infrastructure Limited,NSE,671.75,2026-01-20,991.6,47.61,,,Basic Materials,44505.0,35365920.0,False,,,False,INE015C01016,TINNARUBR.NS,Specialty Chemicals
251,LIKHITHA,Likhitha Infrastructure Limited,NSE,161.94,2026-01-20,240.6,47.51,,,Energy,98804.0,19067564.0,False,,,False,INE060901027,LIKHITHA.NS,Oil & Gas Equipment & Services
252,INNOVACAP,Innova Captab Limited,NSE,652.75,2026-01-20,962.7,47.48,,,Healthcare,78004.0,59607916.0,False,,,False,INE0DUT01020,INNOVACAP.NS,Drug Manufacturers - Specialty & Generic
253,DJML,DJ Mediaprint & Logistics Limited,NSE,72.94,2026-01-20,106.68,47.29,,,Industrials,217432.0,20627840.0,False,,,False,INE0B1K01014,DJML.NS,Specialty Business Services
254,AMBIKCO,Ambika Cotton Mills Limited,NSE,1139.4,2026-01-20,1728.2,47.23,,,Consumer Cyclical,12045.0,18169179.0,False,,,False,INE540G01014,AMBIKCO.NS,Textile Manufacturing
255,CLEANMAX,Clean Max Enviro Energy Solutions Limited,NSE,867.5,2026-03-02,1262.2,47.2,,,Utilities,400598.0,433125644.0,False,,,False,INE647U01026,CLEANMAX.NS,Utilities - Renewable
256,SHRIPISTON,SPR Auto Technologies Limited,NSE,2738.7,2026-01-20,4169.9,47.2,,,Consumer Cyclical,121025.0,387097273.0,False,,,False,INE526E01018,SHRIPISTON.NS,Auto Parts
257,BALRAMCHIN,Balrampur Chini Mills Limited,NSE,410.9,2026-01-20,604.45,47.1,,,Consumer Defensive,679285.0,342810585.0,False,,,False,INE119A01028,BALRAMCHIN.NS,Confectioners
258,DENORA,De Nora India Limited,NSE,592.35,2026-01-20,871.1,47.06,,,Industrials,8457.0,6497261.0,False,,,False,INE244A01016,DENORA.NS,Electrical Equipment & Parts
259,PREMIERENE,Premier Energies Limited,NSE,732.65,2026-01-20,1086.2,46.99,,,Technology,1971416.0,1750651490.0,False,,,False,INE0BS701011,PREMIERENE.NS,Solar
260,JITFINFRA,JITF Infralogistics Limited,NSE,250.3,2026-01-20,367.7,46.9,,,Industrials,29552.0,9721550.0,False,,,False,INE863T01013,JITFINFRA.NS,Engineering & Construction
261,APEX,Apex Frozen Foods Limited,NSE,272.0,2026-01-20,400.25,46.67,,,Consumer Defensive,1101038.0,425128699.0,False,,,False,INE346W01013,APEX.NS,Farm Products
262,CAPLIPOINT,Caplin Point Laboratories Limited,NSE,1782.6,2026-01-20,2614.2,46.65,,,Healthcare,119377.0,242657716.0,False,,,False,INE475E01026,CAPLIPOINT.NS,Drug Manufacturers - Specialty & Generic
263,CGCL,Capri Global Capital Limited,NSE,174.94,2026-01-20,256.38,46.55,,,Financial Services,2360892.0,474877033.0,False,,,False,INE180C01042,CGCL.NS,Credit Services
264,JETFREIGHT,Jet Freight Logistics Limited,NSE,16.09,2026-01-20,23.68,46.44,,,Industrials,165767.0,3446980.0,False,,,False,INE982V01025,JETFREIGHT.NS,Integrated Freight & Logistics
265,IRISDOREME,Iris Clothings Limited,NSE,31.65,2026-01-20,46.54,46.44,,,Consumer Cyclical,487866.0,17690300.0,False,,,False,INE01GN01025,IRISDOREME.NS,Apparel Manufacturing
266,PPAP,PPAP Automotive Limited,NSE,201.48,2026-01-20,296.52,46.42,,,Consumer Cyclical,80138.0,23548221.0,False,,,False,INE095I01015,PPAP.NS,Auto Parts
267,SBC,SBC Exports Limited,NSE,28.88,2026-01-20,42.27,46.36,,,Industrials,11868559.0,396396760.0,False,,,False,INE04AK01028,SBC.NS,Conglomerates
268,RATEGAIN,Rategain Travel Technologies Limited,NSE,649.95,2026-01-20,950.7,46.27,,,Technology,493931.0,333845170.0,False,,,False,INE0CLI01024,RATEGAIN.NS,Software - Application
269,ABSLAMC,Aditya Birla Sun Life AMC Limited,NSE,786.65,2026-01-20,1150.6,46.27,,,Financial Services,440896.0,427354010.0,False,,,False,INE404A01024,ABSLAMC.NS,Asset Management
270,543916,Hemant Surgical Industries Ltd,BSE,257.7,2026-01-20,389.0,46.24,,,n/a,27612.0,9175013.0,False,389.0,0.0,True,INE0GYI01028,543916.BO,
271,KDDL,KDDL Limited,NSE,2179.5,2026-01-20,3186.8,46.22,,,Consumer Cyclical,29737.0,79689517.0,False,,,False,INE291D01011,KDDL.NS,Luxury Goods
272,506597,Amal Ltd,BSE,492.4,2026-01-20,752.15,46.09,,,n/a,9959.0,5994465.0,False,752.15,0.0,True,INE841D01013,506597.BO,
273,KRISHANA,Krishana Phoschem Limited,NSE,94.1,2026-01-20,140.45,45.88,,,Basic Materials,1000359.0,125590621.0,False,,,False,INE506W01020,KRISHANA.NS,Agricultural Inputs
274,OCCLLTD,OCCL Limited,NSE,90.91,2026-01-20,135.27,45.78,,,Basic Materials,129558.0,14895881.0,False,,,False,INE0PK601023,OCCLLTD.NS,Chemicals
275,SASKEN,Sasken Technologies Limited,NSE,1289.6,2026-01-20,1886.2,45.64,,,Technology,114110.0,201668837.0,False,,,False,INE231F01020,SASKEN.NS,Information Technology Services
276,PRADPME,Pradeep Metals Limited,NSE,370.6,2026-04-20,546.7,45.34,,,n/a,27045.0,12954069.0,False,,,False,INE770A01010,PRADPME.NS,
277,GABRIEL,Gabriel India Limited,NSE,885.2,2026-01-20,1336.6,45.33,,,Consumer Cyclical,408013.0,428028585.0,False,,,False,INE524A01029,GABRIEL.NS,Auto Parts
278,QUESS,Quess Corp Limited,NSE,198.78,2026-01-20,290.95,45.13,,,Industrials,633831.0,144277162.0,False,,,False,INE615P01015,QUESS.NS,Staffing & Employment Services
279,BIRLACABLE,Birla Cable Limited,NSE,125.09,2026-01-20,182.57,45.12,,,Technology,76376.0,12666542.0,False,,,False,INE800A01015,BIRLACABLE.NS,Communication Equipment
280,SHILCTECH,Shilchar Technologies Limited,NSE,3004.9,2026-01-20,4413.9,45.12,,,Industrials,34859.0,141486379.0,False,,,False,INE024F01011,SHILCTECH.NS,Electrical Equipment & Parts
281,PREMIERPOL,Premier Polyfilm Limited,NSE,50.83,2026-01-20,73.75,45.09,,,Basic Materials,237944.0,13950086.0,False,,,False,INE309M01020,PREMIERPOL.NS,Specialty Chemicals
282,MUNJALAU,Munjal Auto Industries Limited,NSE,70.5,2026-01-20,103.79,45.08,,,Consumer Cyclical,610841.0,61896257.0,False,,,False,INE672B01032,MUNJALAU.NS,Auto Parts
283,POWERICA,Powerica Limited,NSE,390.0,2026-04-02,572.65,44.97,,,Industrials,510758.0,260205302.0,False,,,False,INE921L01032,POWERICA.NS,Specialty Industrial Machinery
284,CHENNPETRO,Chennai Petroleum Corporation Limited,NSE,803.75,2026-01-20,1200.6,44.9,,,Energy,1730919.0,1747026444.0,False,,,False,INE178A01016,CHENNPETRO.NS,Oil & Gas Refining & Marketing
285,VINDHYATEL,Vindhya Telelinks Limited,NSE,1205.0,2026-01-20,1806.5,44.76,,,Industrials,53648.0,94433608.0,False,,,False,INE707A01012,VINDHYATEL.NS,Engineering & Construction
286,DBOL,Dhampur Bio Organics Limited,NSE,74.62,2026-01-20,111.78,44.74,,,Consumer Defensive,175639.0,18575951.0,False,,,False,INE0I3401014,DBOL.NS,Farm Products
287,GLAND,Gland Pharma Limited,NSE,1668.9,2026-01-20,2449.0,44.69,,,Healthcare,349489.0,750445934.0,False,,,False,INE068V01023,GLAND.NS,Drug Manufacturers - Specialty & Generic
288,AEROENTER,Aeroflex Enterprises Limited,NSE,80.56,2026-01-20,117.46,44.66,,,Basic Materials,624275.0,68405150.0,False,,,False,INE065D01027,AEROENTER.NS,Steel
289,RADICO,Radico Khaitan Limited,NSE,2753.5,2026-01-20,4097.9,44.42,,,Consumer Defensive,406053.0,1286828682.0,False,,,False,INE944F01028,RADICO.NS,Beverages - Wineries & Distilleries
290,JINDALSAW,Jindal Saw Limited,NSE,186.8,2026-01-20,269.45,44.25,,,Basic Materials,5340833.0,1071934683.0,False,,,False,INE324A01032,JINDALSAW.NS,Steel
291,PANAMAPET,Panama Petrochem Limited,NSE,283.0,2026-01-20,418.05,44.16,,,Energy,317473.0,126494408.0,False,,,False,INE305C01029,PANAMAPET.NS,Oil & Gas Refining & Marketing
292,SOLARINDS,Solar Industries India Limited,NSE,12596.0,2026-01-20,18467.0,43.88,,,Basic Materials,163279.0,2457851471.0,False,,,False,INE343H01029,SOLARINDS.NS,Specialty Chemicals
293,BETA,Beta Drugs Limited,NSE,1538.6,2026-01-20,2229.1,43.88,,,Healthcare,19039.0,31176440.0,False,,,False,INE351Y01019,BETA.NS,Drug Manufacturers - Specialty & Generic
294,526873,Rajasthan Securities Ltd,BSE,37.19,2026-01-20,54.45,43.82,,,n/a,145349.0,6679535.0,False,54.45,0.0,True,INE184D01026,526873.BO,
295,INGERRAND,Ingersoll Rand (India) Limited,NSE,3180.3,2026-01-20,4571.2,43.73,,,Industrials,18842.0,75210488.0,False,,,False,INE177A01018,INGERRAND.NS,Specialty Industrial Machinery
296,TMB,Tamilnad Mercantile Bank Limited,NSE,540.75,2026-01-20,797.35,43.64,,,Financial Services,378415.0,252271208.0,False,,,False,INE668A01016,TMB.NS,Banks - Regional
297,KECL,Kirloskar Electric Company Limited,NSE,83.05,2026-01-20,119.11,43.42,,,Industrials,291417.0,30940448.0,False,,,False,INE134B01017,KECL.NS,Specialty Industrial Machinery
298,PANACEABIO,Panacea Biotec Limited,NSE,382.95,2026-01-20,548.85,43.32,,,Healthcare,768386.0,353453128.0,False,,,False,INE922B01023,PANACEABIO.NS,Biotechnology
299,EMIL,Electronics Mart India Limited,NSE,89.93,2026-01-20,128.77,43.19,,,Consumer Cyclical,1254272.0,143383500.0,False,,,False,INE02YR01019,EMIL.NS,Specialty Retail
300,ASTERDM,Aster DM Healthcare Limited,NSE,551.6,2026-01-20,819.9,43.09,,,Healthcare,754921.0,515167241.0,False,,,False,INE914M01019,ASTERDM.NS,Medical Care Facilities
301,MANCREDIT,Mangal Credit and Fincorp Limited,NSE,158.21,2026-01-20,233.39,42.98,,,Financial Services,147445.0,31145279.0,False,,,False,INE545L01039,MANCREDIT.NS,Credit Services
302,GOODLUCK,Goodluck India Limited,NSE,1100.7,2026-01-20,1546.6,42.98,,,Basic Materials,145155.0,188518033.0,False,,,False,INE127I01024,GOODLUCK.NS,Steel
303,UNIMECH,Unimech Aerospace and Manufacturing Limited,NSE,898.75,2026-01-20,1282.8,42.94,,,Industrials,110952.0,110898898.0,False,,,False,INE0U3I01011,UNIMECH.NS,Aerospace & Defense
304,SANGAMIND,Sangam (India) Limited,NSE,445.75,2026-01-20,636.95,42.89,,,Consumer Cyclical,69663.0,38456247.0,False,,,False,INE495C01010,SANGAMIND.NS,Textile Manufacturing
305,SCANSTL,Scan Steels Limited,NSE,33.7,2026-04-20,48.3,42.69,,,n/a,104400.0,4498010.0,False,,,False,INE099G01011,SCANSTL.NS,
306,AARTIIND,Aarti Industries Limited,NSE,345.75,2026-01-20,493.95,42.57,,,Basic Materials,1165282.0,520410174.0,False,,,False,INE769A01020,AARTIIND.NS,Specialty Chemicals
307,YATHARTH,Yatharth Hospital & Trauma Care Services Limited,NSE,593.55,2026-01-20,844.0,42.2,,,Healthcare,427185.0,311223752.0,False,,,False,INE0JO301016,YATHARTH.NS,Medical Care Facilities
308,TARSONS,Tarsons Products Limited,NSE,198.98,2026-01-20,287.45,41.82,,,Healthcare,390588.0,100342731.0,False,,,False,INE144Z01023,TARSONS.NS,Medical Instruments & Supplies
309,NARMADA,Narmada Agrobase Limited,NSE,27.63,2026-01-20,39.18,41.8,,,Basic Materials,576630.0,21318212.0,False,,,False,INE117Z01011,NARMADA.NS,Agricultural Inputs
310,TRIVENI,Triveni Engineering & Industries Limited,NSE,330.95,2026-01-20,472.15,41.77,,,Consumer Defensive,592682.0,235052007.0,False,,,False,INE256C01024,TRIVENI.NS,Confectioners
311,SANGHVIMOV,Sanghvi Movers Limited,NSE,297.45,2026-01-20,421.2,41.6,,,Industrials,385381.0,131709278.0,False,,,False,INE989A01032,SANGHVIMOV.NS,Rental & Leasing Services
312,OPTIEMUS,Optiemus Infracom Limited,NSE,416.25,2026-01-20,588.95,41.49,,,Technology,195141.0,84799190.0,False,,,False,INE350C01017,OPTIEMUS.NS,Electronics & Computer Distribution
313,MANORAMA,Manorama Industries Limited,NSE,1125.6,2026-01-20,1591.5,41.39,,,Consumer Defensive,141048.0,199652451.0,False,,,False,INE00VM01036,MANORAMA.NS,Packaged Foods
314,CORONA,CORONA Remedies Limited,NSE,1458.8,2026-01-20,2062.2,41.36,,,Healthcare,179194.0,265382479.0,False,,,False,INE02ZQ01018,CORONA.NS,Drug Manufacturers - General
315,ASIANENE,Asian Energy Services Limited,NSE,249.8,2026-01-20,356.65,41.25,,,Energy,263290.0,86304593.0,False,,,False,INE276G01015,ASIANENE.NS,Oil & Gas Equipment & Services
316,PGIL,Pearl Global Industries Limited,NSE,1402.5,2026-01-20,2041.3,41.03,,,Consumer Cyclical,113190.0,195707277.0,False,,,False,INE940H01022,PGIL.NS,Apparel Manufacturing
317,LUXIND,Lux Industries Limited,NSE,897.5,2026-01-20,1278.2,40.96,,,Consumer Cyclical,133678.0,168528471.0,False,,,False,INE150G01020,LUXIND.NS,Apparel Manufacturing
318,DIFFNKG,Diffusion Engineers Limited,NSE,269.75,2026-01-20,380.25,40.96,,,Industrials,121819.0,39119149.0,False,,,False,INE184O01015,DIFFNKG.NS,Specialty Industrial Machinery
319,NDLVENTURE,NDL Ventures Limited,NSE,89.58,2026-01-20,128.18,40.7,,,Communication Services,42792.0,5070468.0,False,,,False,INE353A01023,NDLVENTURE.NS,Entertainment
320,530249,Bridge Securities Ltd,BSE,12.04,2026-01-20,17.45,40.61,,,n/a,75282.0,1047844.0,False,17.45,0.0,True,INE958C01025,530249.BO,
321,LLOYDSENT,Lloyds Enterprises Limited,NSE,53.85,2026-01-20,77.9,40.59,,,Basic Materials,4520060.0,281569513.0,False,,,False,INE080I01025,LLOYDSENT.NS,Steel
322,542669,BMW Industries Ltd,BSE,36.79,2026-01-20,53.03,40.55,,,n/a,269908.0,13258453.0,False,53.03,0.0,True,INE374E01021,542669.BO,
323,SFL,Sheela Foam Limited,NSE,524.65,2026-01-20,761.1,40.41,,,Consumer Cyclical,235919.0,146711094.0,False,,,False,INE916U01025,SFL.NS,"Furnishings, Fixtures & Appliances"
324,IKIO,IKIO Technologies Limited,NSE,156.39,2026-01-20,219.37,40.27,,,Technology,873940.0,165393361.0,False,,,False,INE0LOJ01019,IKIO.NS,Electronic Components
325,GOKEX,Gokaldas Exports Limited,NSE,560.85,2026-01-20,827.8,40.23,,,Consumer Cyclical,848772.0,617376254.0,False,,,False,INE887G01027,GOKEX.NS,Apparel Manufacturing
326,RAMRAT,Ram Ratna Wires Limited,NSE,278.25,2026-01-20,410.75,40.21,,,Industrials,179679.0,70406428.0,False,,,False,INE207E01023,RAMRAT.NS,Electrical Equipment & Parts
327,539479,GTV Engineering Ltd,BSE,49.68,2026-01-20,69.63,40.16,,,n/a,82348.0,5373322.0,False,69.63,0.0,True,INE910R01024,539479.BO,
328,MAWANASUG,Mawana Sugars Limited,NSE,80.11,2026-01-20,113.27,40.12,,,Consumer Defensive,101823.0,10148039.0,False,,,False,INE636A01039,MAWANASUG.NS,Confectioners
329,KRISHNADEF,Krishna Defence And Allied Industries Limited,NSE,915.3,2026-01-20,1281.1,39.97,,,Industrials,154051.0,166711156.0,False,,,False,INE0J5601015,KRISHNADEF.NS,Specialty Industrial Machinery
330,SSWL,Steel Strips Wheels Limited,NSE,190.38,2026-01-20,266.21,39.83,,,Consumer Cyclical,526757.0,121628638.0,False,,,False,INE802C01033,SSWL.NS,Auto Parts
331,FINCABLES,Finolex Cables Limited,NSE,726.3,2026-01-20,1017.3,39.75,,,Industrials,464054.0,445243681.0,False,,,False,INE235A01022,FINCABLES.NS,Electrical Equipment & Parts
332,GANESHBE,Ganesh Benzoplast Limited,NSE,73.14,2026-01-20,104.41,39.68,,,Basic Materials,275560.0,26692799.0,False,,,False,INE388A01029,GANESHBE.NS,Specialty Chemicals
333,PIXTRANS,Pix Transmissions Limited,NSE,1268.8,2026-01-20,1798.0,39.57,,,Industrials,44971.0,77282966.0,False,,,False,INE751B01018,PIXTRANS.NS,Specialty Industrial Machinery
334,JASH,Jash Engineering Limited,NSE,369.25,2026-01-20,520.45,39.55,,,Industrials,147775.0,65558033.0,False,,,False,INE039O01029,JASH.NS,Specialty Industrial Machinery
335,NAM-INDIA,Nippon Life India Asset Management Limited,NSE,852.1,2026-01-20,1186.5,39.24,,,Financial Services,973793.0,955550942.0,False,,,False,INE298J01013,NAM-INDIA.NS,Asset Management
336,PSPPROJECT,PSP Projects Limited,NSE,751.6,2026-01-20,1046.3,39.21,,,Industrials,103713.0,88124988.0,False,,,False,INE488V01015,PSPPROJECT.NS,Engineering & Construction
337,NELCAST,Nelcast Limited,NSE,89.29,2026-01-20,128.43,39.14,,,Industrials,213928.0,28149871.0,False,,,False,INE189I01024,NELCAST.NS,Metal Fabrication
338,PRIVISCL,Privi Speciality Chemicals Limited,NSE,2620.7,2026-01-20,3676.5,39.1,,,Basic Materials,139705.0,417522735.0,False,,,False,INE959A01019,PRIVISCL.NS,Specialty Chemicals
339,PRITIKAUTO,Pritika Auto Industries Limited,NSE,13.05,2026-01-20,18.29,39.09,,,Industrials,271158.0,4040178.0,False,,,False,INE583R01029,PRITIKAUTO.NS,Specialty Industrial Machinery
340,NIBE,NIBE Limited,NSE,1077.9,2026-01-20,1505.4,39.08,,,Industrials,131859.0,177395621.0,False,,,False,INE149O01018,NIBE.NS,Conglomerates
341,LANDMARK,Landmark Cars Limited,NSE,378.65,2026-01-20,526.25,38.98,,,Consumer Cyclical,442495.0,212028377.0,False,,,False,INE559R01029,LANDMARK.NS,Auto & Truck Dealerships
342,SUNFLAG,Sunflag Iron And Steel Company Limited,NSE,248.2,2026-01-20,344.65,38.86,,,Basic Materials,435814.0,148736071.0,False,,,False,INE947A01014,SUNFLAG.NS,Steel
343,GREENPLY,Greenply Industries Limited,NSE,227.3,2026-01-20,315.35,38.74,,,Basic Materials,617464.0,168212271.0,False,,,False,INE461C01038,GREENPLY.NS,Lumber & Wood Production
344,SUTLEJTEX,Sutlej Textiles and Industries Limited,NSE,28.71,2026-01-20,39.25,38.64,,,Consumer Cyclical,58208.0,1949822.0,False,,,False,INE645H01027,SUTLEJTEX.NS,Textile Manufacturing
345,NELCO,NELCO Limited,NSE,625.9,2026-01-20,867.15,38.54,,,Technology,252260.0,201162928.0,False,,,False,INE045B01015,NELCO.NS,Communication Equipment
346,ABDL,Allied Blenders and Distillers Limited,NSE,439.5,2026-01-20,616.55,38.4,,,Consumer Defensive,467657.0,255197181.0,False,,,False,INE552Z01027,ABDL.NS,Beverages - Wineries & Distilleries
347,TVSSCS,TVS Supply Chain Solutions Limited,NSE,98.04,2026-01-20,135.54,38.25,,,Industrials,1169087.0,142230348.0,False,,,False,INE395N01027,TVSSCS.NS,Integrated Freight & Logistics
348,SETCO,Setco Automotive Limited,NSE,13.03,2026-01-20,18.01,38.22,,,Consumer Cyclical,161900.0,3283468.0,False,,,False,INE878E01021,SETCO.NS,Auto Parts
349,ITDC,India Tourism Development Corporation Limited,NSE,538.4,2026-01-20,743.95,38.18,,,Consumer Cyclical,1194422.0,800168783.0,False,,,False,INE353K01014,ITDC.NS,Lodging
350,WELSPUNLIV,Welspun Living Limited,NSE,113.0,2026-01-20,164.4,38.16,,,Consumer Cyclical,3104847.0,438558588.0,False,,,False,INE192B01031,WELSPUNLIV.NS,Textile Manufacturing
351,GSPCROP,GSP Crop Science Limited,NSE,356.25,2026-03-24,492.2,38.16,,,Basic Materials,401164.0,160609208.0,False,,,False,INE713R01022,GSPCROP.NS,Agricultural Inputs
352,WOCKPHARMA,Wockhardt Limited,NSE,1376.0,2026-01-20,1900.7,38.13,,,Healthcare,1544550.0,2556133995.0,False,,,False,INE049B01025,WOCKPHARMA.NS,Drug Manufacturers - Specialty & Generic
353,SONAMLTD,SONAM LIMITED,NSE,40.59,2026-01-20,56.13,37.88,,,Consumer Cyclical,60973.0,3086003.0,False,,,False,INE00LM01029,SONAMLTD.NS,"Furnishings, Fixtures & Appliances"
354,ZYDUSWELL,Zydus Wellness Limited,NSE,416.7,2026-01-20,586.45,37.86,,,Consumer Defensive,1399332.0,665842197.0,False,,,False,INE768C01028,ZYDUSWELL.NS,Packaged Foods
355,VOLTAMP,Voltamp Transformers Limited,NSE,6911.0,2026-01-20,9522.0,37.78,,,Industrials,49347.0,459491338.0,False,,,False,INE540H01012,VOLTAMP.NS,Electrical Equipment & Parts
356,JGCHEM,J.G.Chemicals Limited,NSE,321.8,2026-01-20,445.45,37.32,,,Basic Materials,90159.0,34801087.0,False,,,False,INE0MB501011,JGCHEM.NS,Other Industrial Metals & Mining
357,BELRISE,Belrise Industries Limited,NSE,161.89,2026-01-20,226.91,37.26,,,Consumer Cyclical,6203612.0,1196730892.0,False,,,False,INE894V01022,BELRISE.NS,Auto Parts
358,MMWL,Media Matrix Worldwide Limited,NSE,10.35,2026-04-22,14.13,37.18,,,Communication Services,111287.0,1589513.0,False,,,False,INE200D01020,MMWL.NS,Entertainment
359,MARINE,Marine Electricals (India) Limited,NSE,176.14,2026-01-20,249.75,37.09,,,Industrials,547453.0,125790084.0,False,,,False,INE01JE01028,MARINE.NS,Electrical Equipment & Parts
360,FERMENTA,Fermenta Biotech Limited,NSE,318.4,2026-04-20,432.65,37.02,,,n/a,183663.0,72755743.0,False,,,False,INE225B01021,FERMENTA.NS,
361,WELSPLSOL,Welspun Specialty Solutions Limited,NSE,38.05,2026-04-21,53.21,36.96,,,n/a,1479705.0,77641648.0,False,,,False,INE731F01037,WELSPLSOL.NS,
362,SAIPARENT,Sai Parenterals Limited,NSE,405.7,2026-04-02,556.1,36.75,,,Healthcare,323154.0,169525584.0,False,,,False,INE0H9F01037,SAIPARENT.NS,Drug Manufacturers - General
363,RANEHOLDIN,Rane Holdings Limited,NSE,1251.9,2026-01-20,1729.2,36.67,,,Consumer Cyclical,26787.0,36709937.0,False,,,False,INE384A01010,RANEHOLDIN.NS,Auto Parts
364,TARIL,Transformers And Rectifiers (India) Limited,NSE,242.2,2026-01-20,332.5,36.61,,,Industrials,6187359.0,1870335158.0,False,,,False,INE763I01026,TARIL.NS,Electrical Equipment & Parts
365,OAL,Oriental Aromatics Limited,NSE,258.55,2026-01-20,358.75,36.38,,,Basic Materials,24640.0,7365071.0,False,,,False,INE959C01023,OAL.NS,Specialty Chemicals
366,XPROINDIA,Xpro India Limited,NSE,1024.65,2026-01-20,1397.3,36.37,,,Basic Materials,57041.0,64776220.0,False,,,False,INE445C01015,XPROINDIA.NS,Specialty Chemicals
367,544141,Pune E - Stock Broking Ltd,BSE,199.75,2026-01-20,270.0,36.36,,,n/a,23989.0,5802577.0,False,270.0,0.0,True,INE510U01018,544141.BO,
368,BEPL,Bhansali Engineering Polymers Limited,NSE,83.01,2026-01-20,113.1,36.25,,,Basic Materials,539634.0,51657015.0,False,,,False,INE922A01025,BEPL.NS,Chemicals
369,COSMOFIRST,COSMO FIRST LIMITED,NSE,588.4,2026-01-20,835.05,36.21,,,Consumer Cyclical,108514.0,78552000.0,False,,,False,INE757A01017,COSMOFIRST.NS,Packaging & Containers
370,KPRMILL,K.P.R. Mill Limited,NSE,812.85,2026-01-20,1140.3,36.17,,,Consumer Cyclical,593729.0,599332948.0,False,,,False,INE930H01031,KPRMILL.NS,Textile Manufacturing
371,VIJAYA,Vijaya Diagnostic Centre Limited,NSE,964.2,2026-01-20,1341.3,35.98,,,Healthcare,249317.0,290722871.0,False,,,False,INE043W01024,VIJAYA.NS,Diagnostics & Research
372,HALDYNGL,Haldyn Glass Limited,NSE,89.05,2026-04-20,120.03,35.93,,,n/a,103504.0,11955671.0,False,,,False,INE506D01020,HALDYNGL.NS,
373,DHANBANK,Dhanlaxmi Bank Limited,NSE,24.92,2026-01-20,33.86,35.87,,,Financial Services,1456733.0,44400456.0,False,,,False,INE680A01011,DHANBANK.NS,Banks - Regional
374,540401,Maximus International Ltd,BSE,10.03,2026-01-20,13.61,35.83,,,n/a,67448.0,684757.0,False,13.61,0.0,True,INE544W01021,540401.BO,
375,KMEW,Knowledge Marine & Engineering Works Limited,NSE,1770.6,2026-01-20,2404.9,35.82,,,Industrials,169397.0,312422319.0,False,,,False,INE0CJD01029,KMEW.NS,Marine Shipping
376,SCI,Shipping Corporation Of India Limited,NSE,203.25,2026-01-20,281.75,35.82,,,Industrials,7059705.0,2019885161.0,False,,,False,INE109A01011,SCI.NS,Marine Shipping
377,NEULANDLAB,Neuland Laboratories Limited,NSE,13581.0,2026-01-20,18434.0,35.73,,,Healthcare,52107.0,813090794.0,False,,,False,INE794A01010,NEULANDLAB.NS,Drug Manufacturers - Specialty & Generic
378,GANDHAR,Gandhar Oil Refinery (India) Limited,NSE,153.19,2026-01-20,207.93,35.73,,,Energy,1155903.0,191766299.0,False,,,False,INE717W01049,GANDHAR.NS,Oil & Gas Refining & Marketing
379,PREMEXPLN,Premier Explosives Limited,NSE,467.0,2026-01-20,664.1,35.67,,,Basic Materials,623987.0,402647260.0,False,,,False,INE863B01029,PREMEXPLN.NS,Specialty Chemicals
380,SHAILY,Shaily Engineering Plastics Limited,NSE,2035.6,2026-01-20,2760.6,35.62,,,Basic Materials,342538.0,818240174.0,False,,,False,INE151G01028,SHAILY.NS,Specialty Chemicals
381,RACLGEAR,RACL Geartech Limited,NSE,974.1,2026-01-20,1341.1,35.6,,,Consumer Cyclical,74188.0,99890815.0,False,,,False,INE704B01017,RACLGEAR.NS,Auto Parts
382,ELGIEQUIP,Elgi Equipments Limited,NSE,415.55,2026-01-20,581.7,35.41,,,Industrials,535941.0,281565783.0,False,,,False,INE285A01027,ELGIEQUIP.NS,Specialty Industrial Machinery
383,KSL,Kalyani Steels Limited,NSE,678.6,2026-01-20,926.05,35.32,,,Basic Materials,52187.0,40787512.0,False,,,False,INE907A01026,KSL.NS,Steel
384,PITTIENG,Pitti Engineering Limited,NSE,697.8,2026-01-20,943.65,35.23,,,Industrials,51212.0,45273580.0,False,,,False,INE450D01021,PITTIENG.NS,Metal Fabrication
385,ANANDRATHI,Anand Rathi Wealth Limited,NSE,1533.45,2026-01-20,2072.7,35.17,,,Financial Services,578800.0,974245552.0,False,,,False,INE463V01026,ANANDRATHI.NS,Asset Management
386,RPPL,Rajshree Polypack Limited,NSE,16.04,2026-01-20,22.26,35.15,,,Consumer Cyclical,110977.0,2033680.0,False,,,False,INE760W01023,RPPL.NS,Packaging & Containers
387,CUMMINSIND,Cummins India Limited,NSE,4020.9,2026-01-20,5448.0,35.14,,,Industrials,607075.0,2947297675.0,False,,,False,INE298A01020,CUMMINSIND.NS,Specialty Industrial Machinery
388,ZENTEC,Zen Technologies Limited,NSE,1304.3,2026-01-20,1769.7,34.99,,,Industrials,667695.0,1061407010.0,False,,,False,INE251B01027,ZENTEC.NS,Aerospace & Defense
389,IDEA,Vodafone Idea Limited,NSE,10.13,2026-01-20,13.74,34.97,,,Communication Services,505567606.0,5862532289.0,False,,,False,INE669E01016,IDEA.NS,Telecom Services
390,DEEPAKFERT,Deepak Fertilizers and Petrochemicals Corporation Limited,NSE,1145.6,2026-01-20,1594.0,34.83,,,Basic Materials,438580.0,534849973.0,False,,,False,INE501A01019,DEEPAKFERT.NS,Chemicals
391,VIYASH,Viyash Scientific Limited,NSE,199.43,2026-01-20,268.65,34.71,,,Healthcare,1413882.0,337811979.0,False,,,False,INE807F01027,VIYASH.NS,Drug Manufacturers - Specialty & Generic
392,SJS,S.J.S. Enterprises Limited,NSE,1578.8,2026-01-20,2175.3,34.71,,,Consumer Cyclical,116373.0,211748256.0,False,,,False,INE284S01014,SJS.NS,Auto Parts
393,BODALCHEM,Bodal Chemicals Limited,NSE,47.72,2026-01-20,64.16,34.45,,,Basic Materials,288233.0,17848713.0,False,,,False,INE338D01028,BODALCHEM.NS,Specialty Chemicals
394,SAMBHV,Sambhv Steel Tubes Limited,NSE,88.57,2026-01-20,118.96,34.31,,,Basic Materials,1271466.0,135978000.0,False,,,False,INE12NJ01018,SAMBHV.NS,Steel
395,ADOR,Ador Welding Limited,NSE,999.9,2026-01-20,1384.1,34.14,,,Industrials,26990.0,29356450.0,False,,,False,INE045A01017,ADOR.NS,Specialty Industrial Machinery
396,DIXON,Dixon Technologies (India) Limited,NSE,10682.0,2026-01-20,14329.0,34.14,,,Technology,678894.0,7824828430.0,False,,,False,INE935N01020,DIXON.NS,Consumer Electronics
397,DYCL,Dynamic Cables Limited,NSE,285.0,2026-01-20,386.5,34.08,,,Industrials,397866.0,136183176.0,False,,,False,INE600Y01019,DYCL.NS,Electrical Equipment & Parts
398,515043,Saint Gobain Sekurit India Ltd,BSE,98.95,2026-01-20,132.8,33.94,,,n/a,54608.0,6353662.0,False,132.8,0.0,True,INE068B01017,515043.BO,
399,AUROPHARMA,Aurobindo Pharma Limited,NSE,1141.7,2026-01-20,1533.4,33.89,,,Healthcare,1384791.0,1838141096.0,False,,,False,INE406A01037,AUROPHARMA.NS,Drug Manufacturers - Specialty & Generic
400,STARHEALTH,Star Health and Allied Insurance Company Limited,NSE,435.0,2026-01-20,582.95,33.75,,,Financial Services,649776.0,326538957.0,False,,,False,INE575P01011,STARHEALTH.NS,Insurance - Life
401,MWL,Mangalam Worldwide Limited,NSE,27.19,2026-01-20,37.15,33.63,,,Basic Materials,873094.0,26636326.0,False,,,False,INE0JYY01029,MWL.NS,Steel
402,WEBELSOLAR,Websol Energy System Limited,NSE,78.09,2026-01-20,104.29,33.55,,,Technology,6576862.0,581045847.0,False,,,False,INE855C01023,WEBELSOLAR.NS,Solar
403,NYKAA,FSN E-Commerce Ventures Limited,NSE,242.35,2026-01-20,323.05,33.3,,,Consumer Cyclical,6268951.0,1700833899.0,False,,,False,INE388Y01029,NYKAA.NS,Internet Retail
404,MGEL,Mangalam Global Enterprise Limited,NSE,12.33,2026-01-20,16.5,33.28,,,Consumer Defensive,507521.0,6785282.0,False,,,False,INE0APB01032,MGEL.NS,Farm Products
405,GRINDWELL,Grindwell Norton Limited,NSE,1531.2,2026-01-20,2086.7,33.18,,,Industrials,71997.0,129144344.0,False,,,False,INE536A01023,GRINDWELL.NS,Building Products & Equipment
406,DALMIASUG,Dalmia Bharat Sugar and Industries Limited,NSE,268.8,2026-01-20,367.4,33.12,,,Consumer Defensive,497356.0,187094758.0,False,,,False,INE495A01022,DALMIASUG.NS,Confectioners
407,539682,Mobavenue AI Tech Ltd,BSE,222.37,2026-01-20,307.0,33.03,,,n/a,46008.0,12395539.0,False,307.0,0.0,True,INE622Q01027,539682.BO,
408,INDIAGLYCO,India Glycols Limited,NSE,872.0,2026-01-20,1159.3,32.95,,,Basic Materials,129118.0,128451424.0,False,,,False,INE560A01023,INDIAGLYCO.NS,Chemicals
409,MAHLOG,Mahindra Logistics Limited,NSE,279.55,2026-01-20,387.35,32.93,,,Industrials,288744.0,106908819.0,False,,,False,INE766P01016,MAHLOG.NS,Integrated Freight & Logistics
410,BLUESTONE,BlueStone Jewellery and Lifestyle Limited,NSE,440.05,2026-01-20,599.05,32.89,,,Consumer Cyclical,468790.0,236850815.0,False,,,False,INE304W01038,BLUESTONE.NS,Luxury Goods
411,SUBEXLTD,Subex Limited,NSE,9.99,2026-01-20,13.27,32.83,,,Technology,1986032.0,20136865.0,False,,,False,INE754A01055,SUBEXLTD.NS,Software - Application
412,SHANKARA,Shankara Building Products Limited,NSE,104.02,2026-01-20,139.65,32.81,,,Consumer Cyclical,167607.0,19899127.0,False,,,False,INE274V01019,SHANKARA.NS,Home Improvement Retail
413,GODREJIND,Godrej Industries Limited,NSE,1004.8,2026-01-20,1334.7,32.79,,,Industrials,274569.0,294550675.0,False,,,False,INE233A01035,GODREJIND.NS,Conglomerates
414,MOSCHIP,Moschip Technologies Limited,NSE,181.03,2026-01-20,240.1,32.63,,,Technology,2572328.0,539929989.0,False,,,False,INE935B01025,MOSCHIP.NS,Semiconductor Equipment & Materials
415,MUTHOOTMF,Muthoot Microfin Limited,NSE,177.99,2026-01-20,240.06,32.58,,,Financial Services,613305.0,124394620.0,False,,,False,INE046W01019,MUTHOOTMF.NS,Credit Services
416,544001,Sunita Tools Ltd,BSE,654.45,2026-01-20,867.45,32.55,,,n/a,15390.0,12680645.0,False,867.45,0.0,True,INE0Q1S01010,544001.BO,
417,MCLEODRUSS,Mcleod Russel India Limited,NSE,41.99,2026-01-20,55.64,32.51,,,Consumer Defensive,445493.0,21904245.0,False,,,False,INE942G01012,MCLEODRUSS.NS,Packaged Foods
418,SALSTEEL,S.A.L. Steel Limited,NSE,40.11,2026-01-20,53.12,32.44,,,Basic Materials,130562.0,6444785.0,False,,,False,INE658G01014,SALSTEEL.NS,Steel
419,BSE,BSE Limited,NSE,2653.4,2026-01-20,3581.8,32.24,,,Financial Services,4131953.0,13344996276.0,False,,,False,INE118H01025,BSE.NS,Financial Data & Stock Exchanges
420,SINDHUTRAD,Sindhu Trade Links Limited,NSE,18.35,2026-01-20,24.75,32.21,,,Industrials,2145396.0,52035848.0,False,,,False,INE325D01025,SINDHUTRAD.NS,Conglomerates
421,AVL,Aditya Vision Limited,NSE,476.3,2026-01-20,634.3,32.17,,,Consumer Cyclical,208274.0,112341178.0,False,,,False,INE679V01027,AVL.NS,Specialty Retail
422,539469,Panorama Studios International Ltd,BSE,38.51,2026-01-20,50.9,32.17,,,n/a,173939.0,7888047.0,False,50.9,0.0,True,INE258R01028,539469.BO,
423,ROLEXRINGS,Rolex Rings Limited,NSE,118.0,2026-01-20,157.89,32.16,,,Industrials,2994613.0,435729829.0,False,,,False,INE645S01024,ROLEXRINGS.NS,Metal Fabrication
424,DEEPINDS,Deep Industries Limited,NSE,360.2,2026-01-20,476.0,32.15,,,Energy,352400.0,153453357.0,False,,,False,INE0FHS01024,DEEPINDS.NS,Oil & Gas E&P
425,GULPOLY,Gulshan Polyols Limited,NSE,131.87,2026-01-20,176.73,32.12,,,Basic Materials,262624.0,48112589.0,False,,,False,INE255D01024,GULPOLY.NS,Chemicals
426,CNL,Creative Newtech Limited,NSE,690.5,2026-01-20,916.55,32.1,,,Technology,57444.0,47247057.0,False,,,False,INE985W01018,CNL.NS,Electronics & Computer Distribution
427,PFOCUS,Prime Focus Limited,NSE,208.23,2026-01-20,289.47,32.09,,,Communication Services,4031871.0,1001745323.0,False,,,False,INE367G01038,PFOCUS.NS,Entertainment
428,AEGISVOPAK,Aegis Vopak Terminals Limited,NSE,204.0,2026-01-20,271.24,32.05,,,Energy,1276123.0,298266903.0,False,,,False,INE0INX01018,AEGISVOPAK.NS,Oil & Gas Equipment & Services
429,FUSION,Fusion Finance Limited,NSE,163.83,2026-01-20,225.89,31.99,,,Financial Services,582805.0,110757502.0,False,,,False,INE139R01012,FUSION.NS,Credit Services
430,MANGLMCEM,Mangalam Cement Limited,NSE,738.4,2026-01-20,986.6,31.84,,,Basic Materials,85147.0,72045815.0,False,,,False,INE347A01017,MANGLMCEM.NS,Building Materials
431,THEMISMED,Themis Medicare Limited,NSE,83.45,2026-01-20,109.9,31.7,,,Healthcare,172696.0,18386625.0,False,,,False,INE083B01024,THEMISMED.NS,Drug Manufacturers - Specialty & Generic
432,MMFL,MM Forgings Limited,NSE,401.0,2026-01-20,527.6,31.57,,,Industrials,196290.0,81151091.0,False,,,False,INE227C01017,MMFL.NS,Metal Fabrication
433,ARMANFIN,Arman Financial Services Limited,NSE,1479.5,2026-01-20,1958.2,31.56,,,Financial Services,46352.0,75614277.0,False,,,False,INE109C01017,ARMANFIN.NS,Credit Services
434,SOMANYCERA,Somany Ceramics Limited,NSE,397.45,2026-01-20,522.55,31.48,,,Industrials,105972.0,49960651.0,False,,,False,INE355A01028,SOMANYCERA.NS,Building Products & Equipment
435,GOKULAGRO,Gokul Agro Resources Limited,NSE,157.79,2026-01-20,211.74,31.43,,,Consumer Defensive,1216113.0,245079419.0,False,,,False,INE314T01033,GOKULAGRO.NS,Packaged Foods
436,AXISCADES,AXISCADES Technologies Limited,NSE,1178.1,2026-01-20,1548.0,31.4,,,Industrials,156070.0,254766296.0,False,,,False,INE555B01013,AXISCADES.NS,Engineering & Construction
437,KIMS,Krishna Institute of Medical Sciences Limited,NSE,617.0,2026-01-20,802.95,31.4,,,Healthcare,484664.0,344952896.0,False,,,False,INE967H01025,KIMS.NS,Medical Care Facilities
438,SIS,SIS LIMITED,NSE,321.3,2026-01-20,433.6,31.37,,,Industrials,194278.0,75672301.0,False,,,False,INE285J01028,SIS.NS,Security & Protection Services
439,SPLPETRO,Supreme Petrochem Limited,NSE,507.85,2026-01-20,693.9,31.35,,,Basic Materials,119284.0,82420926.0,False,,,False,INE663A01033,SPLPETRO.NS,Specialty Chemicals
440,NETWEB,Netweb Technologies India Limited,NSE,3234.8,2026-01-20,4244.3,31.21,,,Technology,1700206.0,6514854256.0,False,,,False,INE0NT901020,NETWEB.NS,Computer Hardware
441,TAALTECH,Taal Tech Limited,NSE,2986.0,2026-04-20,3933.0,31.08,,,n/a,2537.0,9277082.0,False,,,False,INE524T01011,TAALTECH.NS,
442,NUVAMA,Nuvama Wealth Management Limited,NSE,1421.4,2026-01-20,1863.1,31.07,,,Financial Services,503512.0,741344033.0,False,,,False,INE531F01023,NUVAMA.NS,Asset Management
443,TFCILTD,Tourism Finance Corporation of India Limited,NSE,64.93,2026-01-20,85.03,30.96,,,Financial Services,8047501.0,560213640.0,False,,,False,INE305A01023,TFCILTD.NS,Credit Services
444,ADANIPORTS,Adani Ports and Special Economic Zone Limited,NSE,1367.6,2026-01-20,1837.4,30.96,,,Industrials,2480060.0,3923918326.0,False,,,False,INE742F01042,ADANIPORTS.NS,Marine Shipping
445,CARBORUNIV,Carborundum Universal Limited,NSE,779.65,2026-01-20,1059.8,30.92,,,Industrials,233457.0,228307539.0,False,,,False,INE120A01034,CARBORUNIV.NS,Conglomerates
446,ALIVUS,Alivus Life Sciences Limited,NSE,868.35,2026-01-20,1133.3,30.78,,,Healthcare,94765.0,95068803.0,False,,,False,INE03Q201024,ALIVUS.NS,Drug Manufacturers - Specialty & Generic
447,HEXAGON,Hexagon Nutrition Limited,NSE,50.66,2026-06-12,69.54,30.74,,,Consumer Defensive,3501058.0,226097246.0,False,,,False,INE0JUI01012,HEXAGON.NS,Packaged Foods
448,AVANTIFEED,Avanti Feeds Limited,NSE,784.85,2026-01-20,1024.85,30.58,,,Consumer Defensive,1070078.0,1257544262.0,False,,,False,INE871C01038,AVANTIFEED.NS,Packaged Foods
449,ZYDUSLIFE,Zydus Lifesciences Limited,NSE,873.4,2026-01-20,1143.7,30.52,,,Healthcare,1029586.0,1030465842.0,False,,,False,INE010B01027,ZYDUSLIFE.NS,Drug Manufacturers - Specialty & Generic
450,RPSGVENT,RPSG VENTURES LIMITED,NSE,682.9,2026-01-20,895.3,30.41,,,Technology,538810.0,505436219.0,False,,,False,INE425Y01011,RPSGVENT.NS,Information Technology Services
451,TANLA,Tanla Platforms Limited,NSE,441.25,2026-01-20,584.55,30.39,,,Technology,823026.0,422012729.0,False,,,False,INE483C01032,TANLA.NS,Software - Application
452,506854,TANFAC Industries Ltd-$,BSE,2060.1,2026-01-20,2684.25,30.3,,,n/a,16259.0,36124405.0,False,2684.25,0.0,True,INE639B01023,506854.BO,
453,EXIDEIND,Exide Industries Limited,NSE,330.5,2026-01-20,435.2,30.2,,,Consumer Cyclical,2625534.0,963296967.0,False,,,False,INE302A01020,EXIDEIND.NS,Auto Parts
454,OLECTRA,Olectra Greentech Limited,NSE,1034.6,2026-01-20,1346.7,30.17,,,Industrials,839697.0,1014894632.0,False,,,False,INE260D01016,OLECTRA.NS,Farm & Heavy Construction Machinery
455,JAGSNPHARM,Jagsonpal Pharmaceuticals Limited,NSE,172.17,2026-01-20,224.08,30.15,,,Healthcare,200430.0,42324887.0,False,,,False,INE048B01035,JAGSNPHARM.NS,Drug Manufacturers - Specialty & Generic
456,GINNIFILA,Ginni Filaments Limited,NSE,37.31,2026-01-20,48.53,30.07,,,Consumer Cyclical,131368.0,5634553.0,False,,,False,INE424C01010,GINNIFILA.NS,Textile Manufacturing
457,JYOTISTRUC,Jyoti Structures Limited,NSE,8.19,2026-01-20,11.17,30.03,,,Industrials,10262976.0,116672501.0,False,,,False,INE197A01024,JYOTISTRUC.NS,Specialty Industrial Machinery
458,QUADFUTURE,Quadrant Future Tek Limited,NSE,304.8,2026-01-20,405.0,30.0,,,Industrials,1287379.0,434795546.0,False,,,False,INE0LRY01011,QUADFUTURE.NS,Railroads
459,WSTCSTPAPR,West Coast Paper Mills Limited,NSE,395.5,2026-01-20,520.4,29.94,,,Basic Materials,108498.0,52294640.0,False,,,False,INE976A01021,WSTCSTPAPR.NS,Paper & Paper Products
460,SILVERTUC,Silver Touch Technologies Limited,NSE,152.21,2026-01-20,197.72,29.9,,,Technology,818340.0,150042975.0,False,,,False,INE625X01026,SILVERTUC.NS,Information Technology Services
461,KSR,KSR Footwear Limited,NSE,24.08,2026-01-20,31.24,29.73,,,Consumer Cyclical,86460.0,2191594.0,False,,,False,INE1SPP01016,KSR.NS,Footwear & Accessories
462,ATGL,Adani Total Gas Limited,NSE,532.3,2026-01-20,706.6,29.72,,,Utilities,4299855.0,2793916041.0,False,,,False,INE399L01023,ATGL.NS,Utilities - Regulated Gas
463,AYE,Aye Finance Limited,NSE,128.91,2026-02-16,168.12,29.64,,,Financial Services,1754694.0,244363679.0,False,,,False,INE501X01029,AYE.NS,Credit Services
464,POKARNA,Pokarna Limited,NSE,715.55,2026-01-20,967.3,29.59,,,Industrials,167765.0,165463764.0,False,,,False,INE637C01025,POKARNA.NS,Building Products & Equipment
465,MOTHERSON,Samvardhana Motherson International Limited,NSE,107.89,2026-01-20,144.17,29.5,,,Consumer Cyclical,19934681.0,2561006029.0,False,,,False,INE775A01035,MOTHERSON.NS,Auto Parts
466,LINCOLN,Lincoln Pharmaceuticals Limited,NSE,461.05,2026-01-20,597.0,29.49,,,Healthcare,88916.0,56608121.0,False,,,False,INE405C01035,LINCOLN.NS,Drug Manufacturers - Specialty & Generic
467,AMBER,Amber Enterprises India Limited,NSE,6033.0,2026-01-20,7804.5,29.36,,,Consumer Cyclical,355077.0,2570390276.0,False,,,False,INE371P01015,AMBER.NS,"Furnishings, Fixtures & Appliances"
468,TIIL,Technocraft Industries (India) Limited,NSE,1907.0,2026-01-20,2538.3,29.24,,,Industrials,14030.0,33011576.0,False,,,False,INE545H01011,TIIL.NS,Tools & Accessories
469,TRITURBINE,Triveni Turbine Limited,NSE,470.9,2026-01-20,615.25,29.2,,,Industrials,1627343.0,983473545.0,False,,,False,INE152M01016,TRITURBINE.NS,Specialty Industrial Machinery
470,STEL,Stel Holdings Limited,NSE,398.75,2026-01-20,555.5,29.19,,,Financial Services,13587.0,7013451.0,False,,,False,INE577L01016,STEL.NS,Asset Management
471,GROWW,Billionbrains Garage Ventures Limited,NSE,156.98,2026-01-20,208.3,29.16,,,Financial Services,44216730.0,8066304006.0,False,,,False,INE0HOQ01053,GROWW.NS,Capital Markets
472,JINDWORLD,Jindal Worldwide Limited,NSE,24.95,2026-01-20,32.2,29.06,,,Consumer Cyclical,2411929.0,71413719.0,False,,,False,INE247D01039,JINDWORLD.NS,Textile Manufacturing
473,DWARKESH,Dwarikesh Sugar Industries Limited,NSE,33.49,2026-01-20,44.08,28.89,,,Consumer Defensive,1682802.0,74918038.0,False,,,False,INE366A01041,DWARKESH.NS,Confectioners
474,SURYODAY,Suryoday Small Finance Bank Limited,NSE,135.88,2026-01-20,179.79,28.81,,,Financial Services,412268.0,64694476.0,False,,,False,INE428Q01011,SURYODAY.NS,Banks - Regional
475,WELENT,Welspun Enterprises Limited,NSE,486.45,2026-01-20,626.3,28.75,,,Industrials,230523.0,121683906.0,False,,,False,INE625G01013,WELENT.NS,Engineering & Construction
476,PLASTIBLEN,Plastiblends India Limited,NSE,152.18,2026-01-20,198.57,28.66,,,Basic Materials,40619.0,7390680.0,False,,,False,INE083C01022,PLASTIBLEN.NS,Specialty Chemicals
477,MSTCLTD,Mstc Limited,NSE,458.2,2026-01-20,594.55,28.47,,,Industrials,632828.0,369466139.0,False,,,False,INE255X01014,MSTCLTD.NS,Conglomerates
478,VISAKAIND,Visaka Industries Limited,NSE,62.1,2026-01-20,80.95,28.45,,,Industrials,111756.0,7875057.0,False,,,False,INE392A01021,VISAKAIND.NS,Building Products & Equipment
479,RPGLIFE,RPG Life Sciences Limited,NSE,2228.0,2026-01-20,2859.8,28.36,,,Healthcare,26720.0,61623745.0,False,,,False,INE105J01010,RPGLIFE.NS,Drug Manufacturers - Specialty & Generic
480,AVG,AVG Logistics Limited,NSE,157.06,2026-01-20,201.59,28.35,,,Industrials,64415.0,11029649.0,False,,,False,INE680Z01018,AVG.NS,Integrated Freight & Logistics
481,REFEX,Refex Industries Limited,NSE,243.3,2026-01-20,306.8,28.31,,,Energy,1687578.0,478527387.0,False,,,False,INE056I01025,REFEX.NS,Thermal Coal
482,KSB,Ksb Limited,NSE,704.3,2026-01-20,903.6,28.24,,,Industrials,311051.0,255662367.0,False,,,False,INE999A01023,KSB.NS,Specialty Industrial Machinery
483,POLYPLEX,Polyplex Corporation Limited,NSE,828.15,2026-01-20,1077.55,28.19,,,Basic Materials,110528.0,99753905.0,False,,,False,INE633B01018,POLYPLEX.NS,Specialty Chemicals
484,NITCO,Nitco Limited,NSE,82.15,2026-01-20,110.86,28.15,,,Industrials,955407.0,92209510.0,False,,,False,INE858F01012,NITCO.NS,Building Products & Equipment
485,BCLIND,Bcl Industries Limited,NSE,28.46,2026-01-20,36.47,28.14,,,Consumer Defensive,1393251.0,48531494.0,False,,,False,INE412G01024,BCLIND.NS,Beverages - Wineries & Distilleries
486,ANTHEM,Anthem Biosciences Limited,NSE,599.95,2026-01-20,777.0,28.13,,,Healthcare,394303.0,284678100.0,False,,,False,INE0CZ201020,ANTHEM.NS,Biotechnology
487,PPL,Prakash Pipes Limited,NSE,199.77,2026-01-20,255.9,28.1,,,Industrials,142461.0,35371976.0,False,,,False,INE050001010,PPL.NS,Building Products & Equipment
488,JSWINFRA,JSW Infrastructure Limited,NSE,267.9,2026-01-20,342.15,28.1,,,Industrials,2332328.0,680114482.0,False,,,False,INE880J01026,JSWINFRA.NS,Marine Shipping
489,HUHTAMAKI,Huhtamaki India Limited,NSE,181.65,2026-01-20,237.44,28.05,,,Consumer Cyclical,164756.0,30812816.0,False,,,False,INE275B01026,HUHTAMAKI.NS,Packaging & Containers
490,CORDSCABLE,Cords Cable Industries Limited,NSE,156.6,2026-01-20,203.05,27.97,,,Industrials,51570.0,10446506.0,False,,,False,INE792I01017,CORDSCABLE.NS,Electrical Equipment & Parts
491,IVALUE,Ivalue Infosolutions Limited,NSE,234.3,2026-01-20,300.1,27.95,,,Technology,282924.0,74681166.0,False,,,False,INE056801025,IVALUE.NS,Information Technology Services
492,IPCALAB,IPCA Laboratories Limited,NSE,1479.7,2026-01-20,1900.6,27.93,,,Healthcare,242793.0,378038368.0,False,,,False,INE571A01038,IPCALAB.NS,Drug Manufacturers - Specialty & Generic
493,BUTTERFLY,Butterfly Gandhimathi Appliances Limited,NSE,587.6,2026-01-20,775.95,27.92,,,Consumer Cyclical,112165.0,76272991.0,False,,,False,INE295F01017,BUTTERFLY.NS,"Furnishings, Fixtures & Appliances"
494,GUJALKALI,Gujarat Alkalies and Chemicals Limited,NSE,458.3,2026-01-20,586.2,27.91,,,Basic Materials,1944383.0,1146043161.0,False,,,False,INE186A01019,GUJALKALI.NS,Chemicals
495,PASUPTAC,Pasupati Acrylon Limited,NSE,44.06,2026-01-20,58.55,27.89,,,Consumer Cyclical,243868.0,14664818.0,False,,,False,INE818B01023,PASUPTAC.NS,Textile Manufacturing
496,SOUTHWEST,South West Pinnacle Exploration Limited,NSE,177.49,2026-01-20,226.74,27.75,,,Energy,287598.0,66974784.0,False,,,False,INE980Y01015,SOUTHWEST.NS,Oil & Gas Equipment & Services
497,APOLLOHOSP,Apollo Hospitals Enterprise Limited,NSE,6912.5,2026-01-20,8826.0,27.68,,,Healthcare,399698.0,3077576806.0,False,,,False,INE437A01024,APOLLOHOSP.NS,Medical Care Facilities
498,NAVINFLUOR,Navin Fluorine International Limited,NSE,5938.5,2026-01-20,7579.0,27.62,,,Basic Materials,194069.0,1267691262.0,False,,,False,INE048G01026,NAVINFLUOR.NS,Chemicals
499,BHAGCHEM,Bhagiradha Chemicals & Industries Limited,NSE,212.02,2026-01-20,270.5,27.58,,,Basic Materials,193211.0,46109634.0,False,,,False,INE414D01027,BHAGCHEM.NS,Agricultural Inputs
500,SAATVIKGL,Saatvik Green Energy Limited,NSE,365.65,2026-01-20,466.4,27.55,,,Technology,204637.0,86114124.0,False,,,False,INE13B501022,SAATVIKGL.NS,Solar
501,SWANDEF,Swan Defence and Heavy Industries Limited,NSE,1748.5,2026-01-20,2229.6,27.52,,,Industrials,15521.0,29780005.0,False,,,False,INE542F01020,SWANDEF.NS,Aerospace & Defense
502,JSFB,Jana Small Finance Bank Limited,NSE,377.5,2026-01-20,493.0,27.36,,,Financial Services,569785.0,249739036.0,False,,,False,INE953L01027,JSFB.NS,Banks - Regional
503,AJANTPHARM,Ajanta Pharma Limited,NSE,2684.2,2026-01-20,3419.4,27.32,,,Healthcare,125633.0,372897568.0,False,,,False,INE031B01049,AJANTPHARM.NS,Drug Manufacturers - Specialty & Generic
504,ASHIANA,Ashiana Housing Limited,NSE,292.4,2026-01-20,374.8,27.31,,,Real Estate,138181.0,46742286.0,False,,,False,INE365D01021,ASHIANA.NS,Real Estate - Development
505,COMSYN,Commercial Syn Bags Limited,NSE,148.29,2026-01-20,189.27,27.29,,,Consumer Cyclical,177322.0,31507904.0,False,,,False,INE073V01015,COMSYN.NS,Packaging & Containers
506,GARFIBRES,Garware Technical Fibres Limited,NSE,599.25,2026-01-20,765.5,27.27,,,Consumer Cyclical,114477.0,81007996.0,False,,,False,INE276A01018,GARFIBRES.NS,Textile Manufacturing
507,OMAXE,Omaxe Limited,NSE,70.42,2026-01-20,93.5,27.26,,,Real Estate,1101731.0,91539781.0,False,,,False,INE800H01010,OMAXE.NS,Real Estate - Development
508,538668,Meghna Infracon Infrastructure Ltd,BSE,564.5,2026-01-20,741.05,27.24,,,n/a,57702.0,39219153.0,False,741.05,0.0,True,INE898Q01015,538668.BO,
509,KALYANKJIL,Kalyan Jewellers India Limited,NSE,451.45,2026-01-20,574.4,27.23,,,Consumer Cyclical,10673230.0,4688026299.0,False,,,False,INE303R01014,KALYANKJIL.NS,Luxury Goods
510,VETO,Veto Switchgears And Cables Limited,NSE,102.5,2026-01-20,130.41,27.23,,,Industrials,63329.0,7838179.0,False,,,False,INE918N01018,VETO.NS,Electrical Equipment & Parts
511,SHYAMMETL,Shyam Metalics and Energy Limited,NSE,801.0,2026-01-20,1022.5,27.22,,,Basic Materials,395219.0,356500649.0,False,,,False,INE810G01011,SHYAMMETL.NS,Steel
512,MCLOUD,Magellanic Cloud Limited,NSE,22.27,2026-01-20,28.37,27.16,,,Technology,6457823.0,179227111.0,False,,,False,INE613C01026,MCLOUD.NS,Information Technology Services
513,BLUEJET,Blue Jet Healthcare Limited,NSE,459.75,2026-01-20,584.55,27.15,,,Healthcare,676649.0,311816613.0,False,,,False,INE0KBH01020,BLUEJET.NS,Biotechnology
514,FLUOROCHEM,Gujarat Fluorochemicals Limited,NSE,3259.8,2026-01-20,4144.9,27.15,,,Basic Materials,95012.0,339964521.0,False,,,False,INE09N301011,FLUOROCHEM.NS,Specialty Chemicals
515,KIRLOSIND,Kirloskar Industries Limited,NSE,2904.3,2026-01-20,3824.8,27.13,,,Industrials,16119.0,59526140.0,False,,,False,INE250A01039,KIRLOSIND.NS,Metal Fabrication
516,AUTOIND,Autoline Industries Limited,NSE,70.94,2026-01-20,92.31,27.1,,,Consumer Cyclical,179714.0,13854802.0,False,,,False,INE718H01014,AUTOIND.NS,Auto Parts
517,NEPHROPLUS,Nephrocare Health Services Limited,NSE,494.75,2026-01-20,635.7,26.91,,,Healthcare,348558.0,186516937.0,False,,,False,INE428V01029,NEPHROPLUS.NS,Medical Care Facilities
518,MANAKSTEEL,Manaksia Steels Limited,NSE,58.21,2026-01-20,76.58,26.77,,,Basic Materials,62294.0,4373535.0,False,,,False,INE824Q01011,MANAKSTEEL.NS,Steel
519,AERONEU,Aeroflex Neu Limited,NSE,70.58,2026-01-20,89.46,26.75,,,Consumer Cyclical,53312.0,4407381.0,False,,,False,INE035801013,AERONEU.NS,Packaging & Containers
520,GLOTTIS,Glottis Limited,NSE,53.05,2026-01-20,67.2,26.67,,,Industrials,282575.0,16758936.0,False,,,False,INE0TQE01026,GLOTTIS.NS,Integrated Freight & Logistics
521,NACLIND,NACL Industries Limited,NSE,168.58,2026-01-20,213.45,26.62,,,Basic Materials,840156.0,159793752.0,False,,,False,INE295D01020,NACLIND.NS,Agricultural Inputs
522,UYFINCORP,U. Y. Fincorp Limited,NSE,13.24,2026-01-20,16.75,26.51,,,Financial Services,114305.0,1681511.0,False,,,False,INE152C01025,UYFINCORP.NS,Credit Services
523,SUMICHEM,Sumitomo Chemical India Limited,NSE,422.6,2026-01-20,538.55,26.45,,,Basic Materials,546199.0,256408542.0,False,,,False,INE258G01013,SUMICHEM.NS,Agricultural Inputs
524,SEAMECLTD,Seamec Limited,NSE,1092.0,2026-01-20,1380.4,26.43,,,Industrials,82252.0,113307096.0,False,,,False,INE497B01018,SEAMECLTD.NS,Marine Shipping
525,FEDERALBNK,The Federal Bank  Limited,NSE,273.25,2026-01-20,349.0,26.4,,,Financial Services,10230188.0,2935320192.0,False,,,False,INE171A01029,FEDERALBNK.NS,Banks - Regional
526,AURUM,Aurum PropTech Limited,NSE,187.76,2026-01-20,239.28,26.34,,,Real Estate,153035.0,31037744.0,False,,,False,INE898S01029,AURUM.NS,Real Estate Services
527,BHAGERIA,Bhageria Industries Limited,NSE,161.07,2026-01-20,203.49,26.34,,,Basic Materials,80921.0,15103504.0,False,,,False,INE354C01027,BHAGERIA.NS,Specialty Chemicals
528,RATNAVEER,Ratnaveer Precision Engineering Limited,NSE,143.05,2026-01-20,180.66,26.29,,,Basic Materials,1771540.0,291115582.0,False,,,False,INE05CZ01011,RATNAVEER.NS,Steel
529,ZEEL,Zee Entertainment Enterprises Limited,NSE,83.84,2026-01-20,107.4,26.25,,,Communication Services,20384038.0,1993600702.0,False,,,False,INE256A01028,ZEEL.NS,Broadcasting
530,DELHIVERY,Delhivery Limited,NSE,384.85,2026-01-20,492.15,26.24,,,Industrials,2945071.0,1343698696.0,False,,,False,INE148O01028,DELHIVERY.NS,Integrated Freight & Logistics
531,ASAL,Automotive Stampings and Assemblies Limited,NSE,410.9,2026-01-20,522.3,26.16,,,Consumer Cyclical,28966.0,14388886.0,False,,,False,INE900C01027,ASAL.NS,Auto Parts
532,VIPULLTD,Vipul Limited,NSE,12.4,2026-01-20,15.64,26.13,,,Real Estate,648850.0,8128581.0,False,,,False,INE946H01037,VIPULLTD.NS,Real Estate - Diversified
533,NIITLTD,NIIT Limited,NSE,77.05,2026-01-20,97.17,26.11,,,Consumer Defensive,1493604.0,134656067.0,False,,,False,INE161A01038,NIITLTD.NS,Education & Training Services
534,FINEORG,Fine Organic Industries Limited,NSE,4009.5,2026-01-20,5056.0,26.1,,,Basic Materials,15111.0,69468578.0,False,,,False,INE686Y01026,FINEORG.NS,Specialty Chemicals
535,SPANDANA,Spandana Sphoorty Financial Limited,NSE,230.4,2026-01-20,296.9,26.07,,,Financial Services,323815.0,83212383.0,False,,,False,INE572J01011,SPANDANA.NS,Credit Services
536,ENGINERSIN,Engineers India Limited,NSE,180.61,2026-01-20,227.66,26.05,,,Industrials,6013538.0,1319599396.0,False,,,False,INE510A01028,ENGINERSIN.NS,Engineering & Construction
537,CENTENKA,Century Enka Limited,NSE,423.2,2026-01-20,541.4,26.01,,,Consumer Cyclical,49695.0,25116889.0,False,,,False,INE485A01015,CENTENKA.NS,Textile Manufacturing
538,RATNAMANI,Ratnamani Metals & Tubes Limited,NSE,2052.4,2026-01-20,2582.8,25.84,,,Basic Materials,53845.0,131951665.0,False,,,False,INE703B01027,RATNAMANI.NS,Steel
539,STLNETWORK,STL Networks Limited,NSE,19.47,2026-01-20,24.46,25.63,,,Communication Services,2523212.0,63776325.0,False,,,False,INE1VXE01018,STLNETWORK.NS,Telecom Services
540,ONIDA,Onida Electronics Limited,NSE,31.01,2026-01-20,39.19,25.53,,,Consumer Cyclical,1581202.0,56842353.0,False,,,False,INE831A01028,ONIDA.NS,"Furnishings, Fixtures & Appliances"
541,DSSL,Dynacons Systems & Solutions Limited,NSE,968.3,2026-01-20,1214.8,25.46,,,Technology,178830.0,207556151.0,False,,,False,INE417B01040,DSSL.NS,Information Technology Services
542,SIEMENS,Siemens Limited,NSE,2848.6,2026-01-20,3658.8,25.34,,,Industrials,429973.0,1470319225.0,False,,,False,INE003A01024,SIEMENS.NS,Specialty Industrial Machinery
543,CCL,CCL Products (India) Limited,NSE,950.6,2026-01-20,1191.4,25.33,,,Consumer Defensive,332130.0,359672331.0,False,,,False,INE421D01022,CCL.NS,Packaged Foods
544,POLYCAB,Polycab India Limited,NSE,7074.5,2026-01-20,8862.0,25.27,,,Industrials,421705.0,3422966246.0,False,,,False,INE455K01017,POLYCAB.NS,Electrical Equipment & Parts
545,EIEL,Enviro Infra Engineers Limited,NSE,173.84,2026-01-20,220.23,25.23,,,Industrials,3212833.0,641278322.0,False,,,False,INE0LLY01014,EIEL.NS,Engineering & Construction
546,SMSPHARMA,SMS Pharmaceuticals Limited,NSE,309.65,2026-01-20,387.75,25.22,,,Healthcare,407386.0,152373464.0,False,,,False,INE812G01025,SMSPHARMA.NS,Drug Manufacturers - General
