symbol,name,exchange,price_180d_ago,past_date_used,price_today,return_pct,mktcap_cr,cap_bucket,sector,avg_daily_volume,avg_daily_value_rs,penny_flag,isin_norm,yahoo_ticker
ARIHANT,Arihant Foundations & Housing Limited,NSE,39.65,2026-04-13,791.3,1895.71,795.9,Small,,7007.0,5835540.0,False,INE413D01011,ARIHANT.NS
STLTECH,Sterlite Technologies Limited,NSE,102.08,2026-01-05,576.8,465.05,29610.7,Large,,5330530.0,1240805149.0,False,INE089C01029,STLTECH.NS
SANGINITA,Sanginita Chemicals Limited,NSE,10.18,2026-01-05,45.85,350.39,,n/a,,170497.0,3366266.0,False,INE753W01010,SANGINITA.NS
DEEDEV,DEE Development Engineers Limited,NSE,211.27,2026-01-05,704.35,233.39,4908.0,Small,,2178004.0,645872451.0,False,INE841L01016,DEEDEV.NS
HFCL,HFCL Limited,NSE,67.2,2026-01-05,214.48,219.17,32892.65,Large,,35130827.0,4086219124.0,False,INE548A01028,HFCL.NS
UFBL,United Foodbrands Limited,NSE,222.02,2026-01-05,706.45,218.19,2760.67,Small,,255791.0,98276411.0,False,INE382M01027,UFBL.NS
BLISSGVS,Bliss GVS Pharma Limited,NSE,160.42,2026-01-05,505.95,215.39,5354.51,Mid,,3324154.0,762782905.0,False,INE416D01022,BLISSGVS.NS
540492,Starlineps Enterprises Ltd,BSE,3.86,2026-01-05,11.12,188.08,479.23,Micro,,1158921.0,9202813.0,False,INE594W01042,540492.BO
MTARTECH,Mtar Technologies Limited,NSE,2473.9,2026-01-05,7033.5,184.31,21664.29,Large,,887866.0,5162503430.0,False,INE864I01014,MTARTECH.NS
SIGMAADV,SIGMA ADVANCED SYSTEMS LIMITED,NSE,204.16,2026-01-05,548.4,168.61,9697.59,Mid,,246768.0,78116714.0,False,INE933B01012,SIGMAADV.NS
GVPIL,GE Power India Limited,NSE,341.1,2026-01-05,873.75,156.16,5890.47,Mid,,646801.0,349361668.0,False,INE878A01011,GVPIL.NS
CUPID,Cupid Limited,NSE,78.01,2026-01-05,198.84,154.89,26745.3,Large,,30396404.0,2939456642.0,False,INE509F01029,CUPID.NS
OMNI,Omnitech Engineering Limited,NSE,204.93,2026-03-05,508.65,148.21,6300.17,Mid,,985469.0,340038648.0,False,INE0UH301010,OMNI.NS
CPPLUS,Aditya Infotech Limited,NSE,1465.0,2026-01-05,3588.4,144.94,42328.36,Large,,277062.0,624917268.0,False,INE819V01029,CPPLUS.NS
ONELIFECAP,Onelife Capital Advisors Limited,NSE,16.01,2026-01-05,38.6,141.1,144.62,Micro,,142989.0,2448909.0,False,INE912L01015,ONELIFECAP.NS
INDSWFTLAB,Ind-Swift Laboratories Limited,NSE,90.34,2026-01-05,214.16,137.06,1861.41,Small,,875720.0,128904895.0,False,INE915B01019,INDSWFTLAB.NS
KOVAI,Kovai Medical Center & Hospital Limited,NSE,2576.65,2026-04-13,6042.5,134.51,6610.77,Mid,,5399.0,31179381.0,False,INE177F01017,KOVAI.NS
KSHINTL,KSH International Limited,NSE,365.35,2026-01-05,847.55,131.98,5747.04,Mid,,456706.0,255115854.0,False,INE987S01020,KSHINTL.NS
AEROFLEX,Aeroflex Industries Limited,NSE,200.22,2026-01-05,456.25,127.87,6035.61,Mid,,2519036.0,743138662.0,False,INE024001021,AEROFLEX.NS
VENUSREM,Venus Remedies Limited,NSE,763.0,2026-01-05,1720.9,125.54,2289.5,Small,,75111.0,79651518.0,False,INE411B01019,VENUSREM.NS
NGLFINE,NGL Fine-Chem Limited,NSE,1424.7,2026-01-05,3206.0,125.03,1964.98,Small,,10626.0,26772137.0,False,INE887E01022,NGLFINE.NS
NINSYS,NINtec Systems Limited,NSE,390.35,2026-01-05,876.6,124.57,1636.36,Small,,13770.0,5847839.0,False,INE395U01014,NINSYS.NS
OMAXAUTO,Omax Autos Limited,NSE,103.02,2026-01-05,231.05,124.28,493.11,Micro,,131825.0,21303745.0,False,INE090B01011,OMAXAUTO.NS
BAJAJCON,Bajaj Consumer Care Limited,NSE,280.1,2026-01-05,616.2,119.99,8072.99,Mid,,1287979.0,509595372.0,False,INE933K01021,BAJAJCON.NS
GRWRHITECH,Garware Hi-Tech Films Limited,NSE,3131.0,2026-01-05,6875.0,119.58,15951.71,Mid,,86955.0,395684140.0,False,INE291A01017,GRWRHITECH.NS
BHAGYANGR,Bhagyanagar India Limited,NSE,169.3,2026-01-05,371.5,119.43,1186.37,Small,,230556.0,49436811.0,False,INE458B01036,BHAGYANGR.NS
NOVARTIND,Novartis India Limited,NSE,672.25,2026-04-15,1469.4,118.58,3627.45,Small,,28697.0,37521043.0,False,INE234A01025,NOVARTIND.NS
YASHO,Yasho Industries Limited,NSE,1387.0,2026-01-05,2972.9,114.34,3577.88,Small,,29773.0,54266770.0,False,INE616Z01012,YASHO.NS
SCHNEIDER,Schneider Electric Infrastructure Limited,NSE,702.45,2026-01-05,1481.6,110.92,35426.85,Large,,395591.0,381558886.0,False,INE839M01018,SCHNEIDER.NS
ACUTAAS,Acutaas Chemicals Limited,NSE,1769.6,2026-01-05,3694.8,108.79,30215.36,Large,,429556.0,1026429769.0,False,INE00FF01025,ACUTAAS.NS
EBGNG,GNG Electronics Limited,NSE,309.25,2026-01-05,641.15,107.32,7312.13,Mid,,405885.0,176336299.0,False,INE18JU01028,EBGNG.NS
SPORTKING,Sportking India Limited,NSE,86.65,2026-01-05,179.34,106.97,2281.58,Small,,309414.0,45228651.0,False,INE885H01029,SPORTKING.NS
SAKAR,Sakar Healthcare Limited,NSE,410.75,2026-01-05,848.8,106.65,,n/a,,119489.0,75196776.0,False,INE732S01012,SAKAR.NS
JNKINDIA,JNK India Limited,NSE,234.95,2026-01-05,483.75,105.89,2712.09,Small,,705361.0,270860056.0,False,INE0OAF01028,JNKINDIA.NS
SHADOWFAX,Shadowfax Technologies Limited,NSE,109.98,2026-01-28,225.45,104.99,13184.88,Mid,,2825779.0,438080064.0,False,INE12UN01015,SHADOWFAX.NS
ANTELOPUS,Antelopus Selan Energy Limited,NSE,395.55,2026-01-05,802.35,102.84,2821.25,Small,,402382.0,226955817.0,False,INE818A01017,ANTELOPUS.NS
PAISALO,Paisalo Digital Limited,NSE,35.48,2026-01-05,71.87,102.56,6538.55,Mid,,8506584.0,406272342.0,False,INE420C01059,PAISALO.NS
SUVEN,Suven Life Sciences Limited,NSE,161.92,2026-01-05,327.6,102.32,8647.08,Mid,,926819.0,221534063.0,False,INE495B01038,SUVEN.NS
CONFIPET,Confidence Petroleum India Limited,NSE,36.76,2026-01-05,74.17,101.77,2459.25,Small,,2736305.0,150396396.0,False,INE552D01024,CONFIPET.NS
BALAMINES,Balaji Amines Limited,NSE,1089.7,2026-01-05,2194.2,101.36,7137.29,Mid,,393956.0,576916590.0,False,INE050E01027,BALAMINES.NS
RPTECH,Rashi Peripherals Limited,NSE,379.95,2026-01-05,757.95,99.49,4993.55,Small,,557383.0,351486357.0,False,INE0J1F01024,RPTECH.NS
VIDYAWIRES,Vidya Wires Limited,NSE,49.67,2026-01-05,99.02,99.36,2105.23,Small,,5575379.0,399077556.0,False,INE14UN01029,VIDYAWIRES.NS
SEDEMAC,SEDEMAC Mechatronics Limited,NSE,1451.1,2026-03-11,2865.2,97.45,12638.8,Mid,,250051.0,491643868.0,False,INE00XB01019,SEDEMAC.NS
INDOTECH,Indo Tech Transformers Limited,NSE,1592.6,2026-01-05,3136.7,96.95,3320.45,Small,,47457.0,98273471.0,False,INE332H01014,INDOTECH.NS
AVALON,Avalon Technologies Limited,NSE,908.7,2026-01-05,1788.3,96.8,11931.29,Mid,,327396.0,406126856.0,False,INE0LCL01028,AVALON.NS
PARKHOSPS,Park Medi World Limited,NSE,150.0,2026-01-05,294.8,96.53,12711.73,Mid,,1445413.0,274468137.0,False,INE119201023,PARKHOSPS.NS
RUBICON,Rubicon Research Limited,NSE,665.85,2026-01-05,1307.0,96.29,21545.24,Large,,350284.0,352636374.0,False,INE506V01022,RUBICON.NS
SETL,Standard Engineering Technology Limited,NSE,144.67,2026-01-05,281.75,94.75,5616.69,Mid,,495257.0,89537047.0,False,INE0M4D01010,SETL.NS
EMMVEE,Emmvee Photovoltaic Power Limited,NSE,184.91,2026-01-05,358.95,94.12,24834.42,Large,,4202762.0,1048055062.0,False,INE1C6T01020,EMMVEE.NS
VISL,Vedanta Iron and Steel Limited,NSE,21.06,2026-06-15,40.52,92.4,15840.98,Mid,,96933702.0,3016038126.0,False,INE1CLE01013,VISL.NS
SHILPAMED,Shilpa Medicare Limited,NSE,317.0,2026-01-05,608.95,92.1,11902.13,Mid,,720880.0,318162715.0,False,INE790G01031,SHILPAMED.NS
CEMPRO,Cemindia Projects Limited,NSE,756.45,2026-01-05,1449.0,91.55,24887.73,Large,,767201.0,678166282.0,False,INE686A01026,CEMPRO.NS
ATLANTAELE,Atlanta Electricals Limited,NSE,886.8,2026-01-05,1688.4,90.39,12999.37,Mid,,158857.0,200761203.0,False,INE0Z4F01028,ATLANTAELE.NS
MODISONLTD,MODISON LIMITED,NSE,159.08,2026-01-05,299.85,88.49,973.99,Small,,122024.0,27453557.0,False,INE737D01021,MODISONLTD.NS
SBCL,Shivalik Bimetal Controls Limited,NSE,422.25,2026-01-05,794.05,88.05,4567.15,Small,,303647.0,185869812.0,False,INE386D01027,SBCL.NS
NITTAGELA,Nitta Gelatin India Limited,NSE,922.65,2026-04-23,1727.4,87.22,1567.74,Small,,18404.0,27061765.0,False,INE265B01019,NITTAGELA.NS
IBULLSLTD,Indiabulls Limited,NSE,15.65,2026-01-05,29.3,87.22,6825.56,Mid,,7485733.0,123010046.0,False,INE126M01010,IBULLSLTD.NS
PARACABLES,Paramount Communications Limited,NSE,38.32,2026-01-05,71.12,85.59,2163.02,Small,,2095297.0,113549775.0,False,INE074B01023,PARACABLES.NS
ASTRAMICRO,Astra Microwave Products Limited,NSE,1000.0,2026-01-05,1848.5,84.85,17567.2,Mid,,580788.0,729511555.0,False,INE386C01029,ASTRAMICRO.NS
THANGAMAYL,Thangamayil Jewellery Limited,NSE,3337.0,2026-01-05,6159.5,84.58,19132.85,Mid,,163080.0,682416287.0,False,INE085J01014,THANGAMAYL.NS
PARAS,Paras Defence and Space Technologies Limited,NSE,702.7,2026-01-05,1294.0,84.15,10432.43,Mid,,2108331.0,1966994494.0,False,INE045601023,PARAS.NS
BLUSPRING,Bluspring Enterprises Limited,NSE,67.39,2026-01-05,123.61,83.42,1848.58,Small,,539182.0,45309754.0,False,INE0U4101014,BLUSPRING.NS
SYRMA,Syrma SGS Technology Limited,NSE,750.25,2026-01-05,1376.0,83.41,26550.83,Large,,1357281.0,1267715433.0,False,INE0DYJ01015,SYRMA.NS
E2E,E2E Networks Limited,NSE,208.85,2026-01-05,382.0,82.91,7850.52,Mid,,1475943.0,440650964.0,False,INE255Z01027,E2E.NS
KOTYARK,Kotyark Industries Limited,NSE,21.34,2026-01-05,38.88,82.22,434.42,Micro,,354322.0,12297875.0,False,INE0J0B01017,KOTYARK.NS
AEGISLOG,Aegis Logistics Limited,NSE,732.05,2026-01-05,1325.4,81.05,46530.32,Large,,1422339.0,1231542625.0,False,INE208C01025,AEGISLOG.NS
GAYAPROJ,Gayatri Projects Limited,NSE,12.1,2026-01-05,21.89,80.91,413.9,Micro,,271090.0,5301031.0,False,INE336H01023,GAYAPROJ.NS
CMPDI,Central Mine Planning & Design Institute Limited,NSE,154.06,2026-03-30,277.5,80.12,19809.93,Mid,,5646107.0,1263654298.0,False,INE05HV01027,CMPDI.NS
BBOX,Black Box Limited,NSE,553.5,2026-01-05,994.95,79.76,17651.58,Mid,,659037.0,479938471.0,False,INE676A01027,BBOX.NS
MAYURUNIQ,Mayur Uniquoters Ltd,NSE,491.6,2026-01-05,882.15,79.44,3846.64,Small,,153721.0,102782941.0,False,INE040D01038,MAYURUNIQ.NS
WELCORP,Welspun Corp Limited,NSE,802.7,2026-01-05,1439.3,79.31,37964.75,Large,,682959.0,723788134.0,False,INE191B01025,WELCORP.NS
ARVIND,Arvind Limited,NSE,317.75,2026-01-05,569.05,79.09,14935.41,Mid,,720226.0,304738015.0,False,INE034A01011,ARVIND.NS
KERNEX,Kernex Microsystems (India) Limited,NSE,1331.8,2026-01-05,2378.8,78.62,3998.3,Small,,263333.0,372394581.0,False,INE202H01019,KERNEX.NS
KIRLOSENG,Kirloskar Oil Engines Limited,NSE,1254.3,2026-01-05,2230.8,77.85,32447.35,Large,,629848.0,1051087384.0,False,INE146L01010,KIRLOSENG.NS
NITINSPIN,Nitin Spinners Limited,NSE,317.0,2026-01-05,563.55,77.78,3173.62,Small,,367269.0,147695611.0,False,INE229H01012,NITINSPIN.NS
SPARC,Sun Pharma Advanced Research Company Limited,NSE,135.34,2026-01-05,239.37,76.87,7760.93,Mid,,4503885.0,787180593.0,False,INE232I01014,SPARC.NS
SCPL,Sheetal Cool Products Limited,NSE,319.45,2026-01-05,561.35,75.72,590.21,Small,,27662.0,9887502.0,False,INE501Y01019,SCPL.NS
TIRUPATIFL,Tirupati Forge Limited,NSE,38.11,2026-01-05,66.82,75.33,,n/a,,574724.0,26403752.0,False,INE319Y01024,TIRUPATIFL.NS
SATIN,Satin Creditcare Network Limited,NSE,145.98,2026-01-05,254.8,74.54,2819.77,Small,,523504.0,109276141.0,False,INE836B01017,SATIN.NS
KIRLPNU,Kirloskar Pneumatic Company Limited,NSE,1046.8,2026-01-05,1825.9,74.43,11859.36,Mid,,147032.0,217449546.0,False,INE811A01020,KIRLPNU.NS
ZIMLAB,Zim Laboratories Limited,NSE,70.33,2026-01-05,122.01,73.48,658.65,Small,,75809.0,6555474.0,False,INE518E01015,ZIMLAB.NS
APARINDS,Apar Industries Limited,NSE,8172.5,2026-01-05,14174.0,73.44,56943.36,Large,,115699.0,1332622049.0,False,INE372A01015,APARINDS.NS
IOLCP,IOL Chemicals and Pharmaceuticals Limited,NSE,83.0,2026-01-05,142.96,72.24,4198.91,Small,,2121385.0,231369251.0,False,INE485C01029,IOLCP.NS
NEOGEN,Neogen Chemicals Limited,NSE,1144.8,2026-01-05,1968.3,71.93,5385.43,Mid,,184098.0,243408631.0,False,INE136S01016,NEOGEN.NS
WHEELS,Wheels India Limited,NSE,869.25,2026-01-05,1491.6,71.6,3641.5,Small,,135013.0,177182242.0,False,INE715A01015,WHEELS.NS
511523,Veerhealth Care Ltd,BSE,19.0,2026-01-05,32.57,71.42,65.14,Micro,,99845.0,2243725.0,False,INE882C01035,511523.BO
SKMEGGPROD,SKM Egg Products Export (India) Limited,NSE,184.98,2026-01-05,314.6,70.08,1656.16,Small,,560228.0,120117017.0,False,INE411D01023,SKMEGGPROD.NS
COCKERILL,John Cockerill India Limited,NSE,5277.35,2026-04-22,8947.5,69.55,4417.84,Small,,24164.0,207421043.0,False,INE515A01019,COCKERILL.NS
IDEAFORGE,Ideaforge Technology Limited,NSE,485.0,2026-01-05,821.6,69.4,3568.26,Small,,1078812.0,632039975.0,False,INE349Y01013,IDEAFORGE.NS
APOLLOPIPE,Apollo Pipes Limited,NSE,283.1,2026-01-05,479.4,69.34,2105.72,Small,,925158.0,377880280.0,False,INE126J01016,APOLLOPIPE.NS
SANSERA,Sansera Engineering Limited,NSE,1933.0,2026-01-05,3251.5,68.21,20257.29,Large,,245443.0,580297794.0,False,INE953O01021,SANSERA.NS
APOLLO,Apollo Micro Systems Limited,NSE,267.75,2026-01-05,450.05,68.09,16075.17,Mid,,11183323.0,3789630050.0,False,INE713T01028,APOLLO.NS
AEQUS,Aequs Limited,NSE,141.0,2026-01-05,236.54,67.76,15898.13,Mid,,5618339.0,964644809.0,False,INE947N01017,AEQUS.NS
SKYGOLD,SKY GOLD AND DIAMONDS LIMITED,NSE,335.75,2026-01-05,560.0,66.79,8674.49,Mid,,1072536.0,452197488.0,False,INE01IU01018,SKYGOLD.NS
DJML,DJ Mediaprint & Logistics Limited,NSE,73.09,2026-01-05,121.87,66.74,420.44,Micro,,205443.0,18734066.0,False,INE0B1K01014,DJML.NS
INOXINDIA,INOX India Limited,NSE,1123.3,2026-01-05,1871.0,66.56,16989.11,Mid,,212259.0,330574593.0,False,INE616N01034,INOXINDIA.NS
GRANDOAK,Grand Oak Canyons Distillery Limited,NSE,28.9,2026-04-20,48.01,66.12,2486.49,Small,,59291.0,2206260.0,False,INE926B01016,GRANDOAK.NS
DIVGIITTS,Divgi Torqtransfer Systems Limited,NSE,617.7,2026-01-05,1021.5,65.37,3126.8,Small,,99265.0,89215635.0,False,INE753U01022,DIVGIITTS.NS
LOKESHMACH,Lokesh Machines Limited,NSE,190.52,2026-01-05,314.9,65.28,668.4,Small,,80551.0,16204217.0,False,INE397H01017,LOKESHMACH.NS
539730,Fredun Pharmaceuticals Ltd,BSE,1567.9,2026-01-05,2588.8,65.11,1416.77,Small,,12169.0,23960476.0,False,INE194R01017,539730.BO
DATAPATTNS,Data Patterns (India) Limited,NSE,2731.3,2026-01-05,4507.0,65.01,25241.77,Large,,954930.0,3413823164.0,False,INE0IX101010,DATAPATTNS.NS
ATHERENERG,Ather Energy Limited,NSE,684.9,2026-01-05,1130.0,64.99,43300.33,Large,,3307043.0,2812537746.0,False,INE0LEZ01016,ATHERENERG.NS
ELPROINTL,Elpro International Limited,NSE,105.35,2026-04-22,173.51,64.7,2940.46,Small,,172276.0,25776237.0,False,INE579B01039,ELPROINTL.NS
JAYBARMARU,Jay Bharat Maruti Limited,NSE,104.31,2026-01-05,171.55,64.46,1854.32,Small,,805069.0,97420876.0,False,INE571B01036,JAYBARMARU.NS
SGFIN,SG Finserve Limited,NSE,411.05,2026-01-05,673.8,63.92,3760.62,Small,,279416.0,139131408.0,False,INE618R01015,SGFIN.NS
POWERINDIA,Hitachi Energy India Limited,NSE,19004.0,2026-01-05,31040.0,63.33,138259.24,Large,,159726.0,4187724815.0,False,INE07Y701011,POWERINDIA.NS
544023,Kalyani Cast-Tech Ltd,BSE,464.65,2026-01-05,757.55,63.04,543.96,Small,,11183.0,6344528.0,False,INE0N6U01018,544023.BO
SENORES,Senores Pharmaceuticals Limited,NSE,847.8,2026-01-05,1381.9,63.0,6356.32,Mid,,322979.0,308629298.0,False,INE0RB801010,SENORES.NS
NRL,Nupur Recyclers Limited,NSE,56.82,2026-01-05,92.57,62.92,,n/a,,75533.0,4767568.0,False,INE0JM501013,NRL.NS
DECNGOLD,Deccan Gold Mines Limited,NSE,120.2,2026-04-20,195.46,62.61,3887.6,Small,,2643742.0,470386831.0,False,INE945F01025,DECNGOLD.NS
CENTUM,Centum Electronics Limited,NSE,2236.5,2026-01-05,3627.0,62.17,5360.84,Mid,,72554.0,203784689.0,False,INE320B01020,CENTUM.NS
WABAG,VA Tech Wabag Limited,NSE,1284.2,2026-01-05,2080.9,62.04,13000.35,Mid,,435272.0,655818832.0,False,INE956G01038,WABAG.NS
PREMIERPOL,Premier Polyfilm Limited,NSE,42.35,2026-01-05,68.3,61.28,718.43,Small,,208321.0,11155278.0,False,INE309M01020,PREMIERPOL.NS
KPL,Kwality Pharmaceuticals Limited,NSE,1662.6,2026-04-20,2678.7,61.12,2776.67,Small,,44267.0,97638664.0,False,INE552U01010,KPL.NS
ACMESOLAR,Acme Solar Holdings Limited,NSE,238.63,2026-01-05,383.25,60.6,27087.42,Large,,1634773.0,466804088.0,False,INE622W01025,ACMESOLAR.NS
FCL,Fineotex Chemical Limited,NSE,24.36,2026-01-05,39.12,60.59,4556.69,Small,,10000850.0,341616371.0,False,INE045J01034,FCL.NS
KRN,KRN Heat Exchanger and Refrigeration Limited,NSE,758.35,2026-01-05,1214.8,60.19,7936.51,Mid,,863758.0,843321738.0,False,INE0Q3J01015,KRN.NS
SPAL,S. P. Apparels Limited,NSE,700.45,2026-01-05,1118.6,59.7,2816.69,Small,,139293.0,124948353.0,False,INE212I01016,SPAL.NS
UNIVPHOTO,Universus Photo Imagings Limited,NSE,224.14,2026-01-05,357.95,59.7,399.5,Micro,,15567.0,6635147.0,False,INE03V001013,UNIVPHOTO.NS
J&KBANK,The Jammu & Kashmir Bank Limited,NSE,103.49,2026-01-05,165.2,59.63,18191.53,Mid,,4586454.0,567989381.0,False,INE168A01041,J&KBANK.NS
RISHABH,Rishabh Instruments Limited,NSE,407.0,2026-01-05,649.45,59.57,2513.74,Small,,136253.0,67713451.0,False,INE0N2P01017,RISHABH.NS
XPROINDIA,Xpro India Limited,NSE,938.3,2026-01-05,1495.0,59.33,3512.34,Small,,55910.0,62728423.0,False,INE445C01015,XPROINDIA.NS
SGMART,SG Mart Limited,NSE,378.0,2026-01-05,600.95,58.98,7589.21,Mid,,280863.0,132647018.0,False,INE385F01024,SGMART.NS
AFIL,Akme Fintrade (India) Limited,NSE,6.37,2026-01-05,10.07,58.08,431.44,Micro,,1637090.0,12854398.0,False,INE916Y01027,AFIL.NS
MEGASTAR,Megastar Foods Limited,NSE,232.02,2026-01-05,366.7,58.05,416.23,Micro,,26283.0,7936508.0,False,INE00EM01016,MEGASTAR.NS
532380,Baba Arts Ltd-$,BSE,9.55,2026-01-05,15.08,57.91,79.17,Micro,,71060.0,939365.0,False,INE893A01036,532380.BO
HONASA,Honasa Consumer Limited,NSE,292.5,2026-01-05,461.75,57.86,15044.39,Mid,,1789057.0,629542832.0,False,INE0J5401028,HONASA.NS
PRECWIRE,Precision Wires India Limited,NSE,253.92,2026-01-05,400.75,57.83,7303.18,Mid,,969975.0,304267276.0,False,INE372C01037,PRECWIRE.NS
NRBBEARING,NRB Bearing Limited,NSE,268.5,2026-01-05,423.15,57.6,4102.73,Small,,545015.0,196496005.0,False,INE349A01021,NRBBEARING.NS
AYMSYNTEX,AYM Syntex Limited,NSE,166.67,2026-01-05,262.64,57.58,1544.71,Small,,33169.0,6789330.0,False,INE193B01039,AYMSYNTEX.NS
TDPOWERSYS,TD Power Systems Limited,NSE,694.3,2026-01-05,1091.8,57.25,16992.97,Mid,,1123541.0,1109022985.0,False,INE419M01027,TDPOWERSYS.NS
ADVAIT,Advait Energy Transitions Limited,NSE,1391.8,2026-01-20,2188.2,57.22,2391.92,Small,,58651.0,113953999.0,False,INE0ALI01010,ADVAIT.NS
ADFFOODS,ADF Foods Limited,NSE,204.06,2026-01-05,320.4,57.01,3522.23,Small,,347558.0,91551799.0,False,INE982B01027,ADFFOODS.NS
543787,Macfos Ltd,BSE,718.86,2026-01-05,1128.55,56.99,1169.01,Small,,9223.0,8787153.0,False,INE0OLH01013,543787.BO
ROSSTECH,Rossell Techsys Limited,NSE,629.25,2026-01-05,981.1,55.92,3688.41,Small,,211973.0,172616247.0,False,INE0OJW01016,ROSSTECH.NS
SPECTRUM,Spectrum Electrical Industries Limited,NSE,1189.6,2026-01-05,1853.2,55.78,2930.16,Small,,12768.0,18916574.0,False,INE01EO01010,SPECTRUM.NS
RUBYMILLS,The Ruby Mills Limited,NSE,220.06,2026-01-05,339.65,54.34,1133.28,Small,,60804.0,15571399.0,False,INE301D01026,RUBYMILLS.NS
EXICOM,Exicom Tele-Systems Limited,NSE,115.41,2026-01-05,178.01,54.24,2481.18,Small,,2664345.0,394866722.0,False,INE777F01014,EXICOM.NS
GALAPREC,Gala Precision Engineering Limited,NSE,768.2,2026-01-05,1183.4,54.05,1517.89,Small,,40267.0,38203671.0,False,INE0RE001014,GALAPREC.NS
524520,KMC Speciality Hospitals (India) Ltd,BSE,86.76,2026-01-05,133.65,54.05,2179.63,Small,,133183.0,13509202.0,False,INE879K01018,524520.BO
NARMADA,Narmada Agrobase Limited,NSE,23.62,2026-01-05,36.34,53.85,137.52,Micro,,503476.0,18501504.0,False,INE117Z01011,NARMADA.NS
ICIL,Indo Count Industries Limited,NSE,278.35,2026-01-05,426.5,53.22,8496.53,Mid,,776117.0,254541654.0,False,INE483B01026,ICIL.NS
VTL,Vardhman Textiles Limited,NSE,435.15,2026-01-05,666.25,53.11,19315.27,Mid,,514902.0,275559853.0,False,INE825A01020,VTL.NS
AMAGI,Amagi Media Labs Limited,NSE,348.25,2026-01-21,532.6,52.94,11504.91,Mid,,753906.0,296814653.0,False,INE121R01077,AMAGI.NS
RRKABEL,R R Kabel Limited,NSE,1536.7,2026-01-05,2343.3,52.49,26479.7,Large,,409760.0,747599481.0,False,INE777K01022,RRKABEL.NS
SAIPARENT,Sai Parenterals Limited,NSE,405.7,2026-04-02,618.6,52.48,2738.45,Small,,347047.0,180392538.0,False,INE0H9F01037,SAIPARENT.NS
UTLSOLAR,Fujiyama Power Systems Limited,NSE,225.0,2026-01-05,342.75,52.33,10506.78,Mid,,683088.0,164291486.0,False,INE12UR01024,UTLSOLAR.NS
TIMEX,Timex Group India Limited,NSE,344.55,2026-04-23,524.45,52.21,5302.4,Mid,,583838.0,258338990.0,False,INE064A01026,TIMEX.NS
FAZE3Q,Faze Three Limited,NSE,403.65,2026-01-05,614.25,52.17,1493.55,Small,,73170.0,35344831.0,False,INE963C01033,FAZE3Q.NS
ADANIPOWER,Adani Power Limited,NSE,146.2,2026-01-05,221.79,51.7,427638.11,Large,,29701252.0,5594966322.0,False,INE814H01029,ADANIPOWER.NS
VENUSPIPES,Venus Pipes & Tubes Limited,NSE,1179.3,2026-01-05,1783.2,51.21,3697.31,Small,,78790.0,104144820.0,False,INE0JA001018,VENUSPIPES.NS
JINDALSAW,Jindal Saw Limited,NSE,172.69,2026-01-05,260.95,51.11,16678.37,Mid,,5244047.0,1038540128.0,False,INE324A01032,JINDALSAW.NS
ADANIGREEN,Adani Green Energy Limited,NSE,1030.5,2026-01-05,1556.2,51.01,256407.68,Large,,3427289.0,3817004797.0,False,INE364U01010,ADANIGREEN.NS
AEROENTER,Aeroflex Enterprises Limited,NSE,86.76,2026-01-05,130.65,50.59,1480.28,Small,,587468.0,63591589.0,False,INE065D01027,AEROENTER.NS
543828,Sudarshan Pharma Industries Ltd,BSE,26.24,2026-01-05,39.49,50.5,950.36,Small,,203380.0,5666725.0,False,INE00TV01023,543828.BO
TALBROAUTO,Talbros Automotive Components Limited,NSE,273.9,2026-01-05,412.1,50.46,2543.2,Small,,208455.0,68071088.0,False,INE187D01029,TALBROAUTO.NS
ADANIENSOL,Adani Energy Solutions Limited,NSE,1044.9,2026-01-05,1568.8,50.14,188511.28,Large,,2235359.0,2741040091.0,False,INE931S01010,ADANIENSOL.NS
THERMAX,Thermax Limited,NSE,3070.6,2026-01-05,4607.5,50.05,54962.03,Large,,208983.0,836190567.0,False,INE152A01029,THERMAX.NS
KISSHT,OnEMI Technology Solutions Limited,NSE,208.63,2026-05-08,311.6,49.36,5240.66,Mid,,5789091.0,1404315920.0,False,INE12F801023,KISSHT.NS
PANACEABIO,Panacea Biotec Limited,NSE,369.9,2026-01-05,551.2,49.01,3366.34,Small,,767074.0,350632777.0,False,INE922B01023,PANACEABIO.NS
MANCREDIT,Mangal Credit and Fincorp Limited,NSE,164.68,2026-01-05,245.33,48.97,517.93,Small,,113721.0,22972965.0,False,INE545L01039,MANCREDIT.NS
STEELCAS,Steelcast Limited,NSE,209.45,2026-01-05,310.55,48.27,3139.22,Small,,126537.0,34260578.0,False,INE124E01038,STEELCAS.NS
RAMCOSYS,Ramco Systems Limited,NSE,540.4,2026-01-05,799.6,47.96,3007.47,Small,,847524.0,577880306.0,False,INE246B01019,RAMCOSYS.NS
LLOYDSENGG,LLOYDS ENGINEERING WORKS LIMITED,NSE,56.75,2026-01-05,83.94,47.91,12272.05,Mid,,8847278.0,597660775.0,False,INE093R01011,LLOYDSENGG.NS
PRADPME,Pradeep Metals Limited,NSE,370.6,2026-04-20,547.45,47.72,944.41,Small,,29832.0,14185628.0,False,INE770A01010,PRADPME.NS
MANINDS,Man Industries (India) Limited,NSE,394.45,2026-01-05,582.55,47.69,4372.68,Small,,848389.0,392214501.0,False,INE993A01026,MANINDS.NS
AMANTA,Amanta Healthcare Limited,NSE,110.45,2026-01-05,163.09,47.66,640.88,Small,,165151.0,21304844.0,False,INE084K01015,AMANTA.NS
CALSOFT,California Software Company Limited,NSE,15.1,2026-01-05,22.29,47.62,78.72,Micro,,116595.0,2244396.0,False,INE526B01014,CALSOFT.NS
STYLAMIND,Stylam Industries Limited,NSE,2188.5,2026-01-05,3230.0,47.59,5470.33,Mid,,59221.0,138541606.0,False,INE239C01020,STYLAMIND.NS
HIRECT,Hind Rectifiers Limited,NSE,743.1,2026-01-05,1092.2,46.98,3757.06,Small,,141096.0,124481005.0,False,INE835D01023,HIRECT.NS
543920,CFF Fluid Control Ltd,BSE,599.45,2026-01-05,879.4,46.7,1844.46,Small,,29366.0,19802570.0,False,INE0NJ001013,543920.BO
ANGELONE,Angel One Limited,NSE,240.2,2026-01-05,352.25,46.65,32149.9,Large,,8956938.0,2510681269.0,False,INE732I01021,ANGELONE.NS
SBC,SBC Exports Limited,NSE,28.75,2026-01-05,42.14,46.57,2007.62,Small,,12317032.0,400387307.0,False,INE04AK01028,SBC.NS
OFSS,Oracle Financial Services Software Limited,NSE,7677.0,2026-01-05,11248.0,46.52,97921.76,Large,,219041.0,1891495589.0,False,INE881D01027,OFSS.NS
INDOBORAX,Indo Borax & Chemicals Limited,NSE,267.95,2026-01-05,392.25,46.39,1261.94,Small,,124645.0,38962360.0,False,INE803D01021,INDOBORAX.NS
GCSL,Gretex Corporate Services Limited,NSE,335.25,2026-01-05,490.45,46.29,1189.24,Small,,184277.0,75012494.0,False,INE199P01028,GCSL.NS
VINDHYATEL,Vindhya Telelinks Limited,NSE,1392.7,2026-01-05,2032.9,45.97,2409.93,Small,,53196.0,93065128.0,False,INE707A01012,VINDHYATEL.NS
GAUDIUMIVF,Gaudium IVF and Women Health Limited,NSE,80.26,2026-02-27,116.9,45.65,851.61,Small,,925239.0,90002594.0,False,INE0P8B01020,GAUDIUMIVF.NS
SWANDEF,Swan Defence and Heavy Industries Limited,NSE,1606.9,2026-01-05,2339.8,45.61,12336.84,Mid,,14527.0,27443456.0,False,INE542F01020,SWANDEF.NS
TMB,Tamilnad Mercantile Bank Limited,NSE,535.1,2026-01-05,778.65,45.51,12311.03,Mid,,372139.0,245140316.0,False,INE668A01016,TMB.NS
POWERICA,Powerica Limited,NSE,390.0,2026-04-02,567.3,45.46,7197.01,Mid,,531591.0,267532766.0,False,INE921L01032,POWERICA.NS
SOLARINDS,Solar Industries India Limited,NSE,12731.0,2026-01-05,18514.0,45.42,167604.77,Large,,161523.0,2394489760.0,False,INE343H01029,SOLARINDS.NS
MARKSANS,Marksans Pharma Limited,NSE,182.02,2026-01-05,264.45,45.29,11963.52,Mid,,1571290.0,346384137.0,False,INE750C01026,MARKSANS.NS
KRISHNADEF,Krishna Defence And Allied Industries Limited,NSE,862.6,2026-01-05,1253.2,45.28,,n/a,,148194.0,157773148.0,False,INE0J5601015,KRISHNADEF.NS
SUDEEPPHRM,Sudeep Pharma Limited,NSE,597.5,2026-01-05,868.05,45.28,9786.43,Mid,,637881.0,465186555.0,False,INE0QPI01025,SUDEEPPHRM.NS
RML,Rane (Madras) Limited,NSE,831.4,2026-01-05,1206.8,45.15,3325.16,Small,,44811.0,44170217.0,False,INE050H01012,RML.NS
NDLVENTURE,NDL Ventures Limited,NSE,91.89,2026-01-05,133.37,45.14,447.83,Micro,,44744.0,5238987.0,False,INE353A01023,NDLVENTURE.NS
KRISHANA,Krishana Phoschem Limited,NSE,104.71,2026-01-05,151.85,45.02,,n/a,,938419.0,116670296.0,False,INE506W01020,KRISHANA.NS
GLAND,Gland Pharma Limited,NSE,1698.2,2026-01-05,2462.3,44.99,40588.33,Large,,327204.0,683773651.0,False,INE068V01023,GLAND.NS
HEXAGON,Hexagon Nutrition Limited,NSE,50.66,2026-06-12,73.39,44.87,904.92,Small,,4005206.0,245689532.0,False,INE0JUI01012,HEXAGON.NS
CLEANMAX,Clean Max Enviro Energy Solutions Limited,NSE,867.5,2026-03-02,1256.7,44.86,14726.61,Mid,,433210.0,465239154.0,False,INE647U01026,CLEANMAX.NS
MBAPL,Madhya Bharat Agro Products Limited,NSE,86.73,2026-01-05,125.15,44.3,,n/a,,1067791.0,104748175.0,False,INE900L01028,MBAPL.NS
BHARATFORG,Bharat Forge Limited,NSE,1482.3,2026-01-05,2136.7,44.15,102220.13,Large,,1291620.0,2279428028.0,False,INE465A01025,BHARATFORG.NS
PREMEXPLN,Premier Explosives Limited,NSE,543.7,2026-01-05,782.05,43.84,4203.05,Small,,588912.0,375527743.0,False,INE863B01029,PREMEXPLN.NS
BTTL,Bhilwara Technical Textiles Limited,NSE,34.7,2026-04-22,49.88,43.75,291.17,Micro,,57589.0,2617172.0,False,INE274K01012,BTTL.NS
AETHER,Aether Industries Limited,NSE,946.7,2026-01-05,1359.6,43.61,18059.53,Mid,,339927.0,369985913.0,False,INE0BWX01014,AETHER.NS
MOREPENLAB,Morepen Laboratories Limited,NSE,41.26,2026-01-05,59.07,43.17,3232.38,Small,,6117854.0,287068439.0,False,INE083A01026,MOREPENLAB.NS
GVT&D,GE Vernova T&D India Limited,NSE,3077.2,2026-01-05,4401.5,43.04,112508.13,Large,,893970.0,3389521909.0,False,INE200A01026,GVT&D.NS
IFCI,IFCI Limited,NSE,53.11,2026-01-05,75.91,42.93,20457.93,Large,,39151370.0,2727417891.0,False,INE039A01010,IFCI.NS
HARDWYN,Hardwyn India Limited,NSE,17.33,2026-01-05,24.75,42.82,1206.92,Small,,2760643.0,61401088.0,False,INE626Z01029,HARDWYN.NS
BSE,BSE Limited,NSE,2673.9,2026-01-05,3816.6,42.74,,n/a,,4191758.0,13343907410.0,False,INE118H01025,BSE.NS
PANAMAPET,Panama Petrochem Limited,NSE,299.35,2026-01-05,425.55,42.16,2579.45,Small,,314326.0,124370110.0,False,INE305C01029,PANAMAPET.NS
VIYASH,Viyash Scientific Limited,NSE,206.94,2026-01-05,294.15,42.14,12852.88,Mid,,1554585.0,368168411.0,False,INE807F01027,VIYASH.NS
SUYOG,Suyog Telematics Limited,NSE,617.2,2026-01-05,876.85,42.07,1026.77,Small,,35656.0,24942266.0,False,INE442P01014,SUYOG.NS
MACPOWER,Macpower CNC Machines Limited,NSE,1003.4,2026-01-05,1422.2,41.74,,n/a,,33664.0,35600407.0,False,INE155Z01011,MACPOWER.NS
RAYMOND,Raymond Limited,NSE,430.15,2026-01-05,607.9,41.32,4042.02,Small,,590632.0,277170154.0,False,INE301A01014,RAYMOND.NS
APCOTEXIND,Apcotex Industries Limited,NSE,372.85,2026-01-05,525.55,40.95,2723.93,Small,,64140.0,30499726.0,False,INE116A01032,APCOTEXIND.NS
ADANIENT,Adani Enterprises Limited,NSE,2279.5,2026-01-05,3212.1,40.91,417876.71,Large,,1947073.0,4655626357.0,False,INE423A01024,ADANIENT.NS
FINCABLES,Finolex Cables Limited,NSE,781.95,2026-01-05,1100.1,40.69,16825.62,Mid,,459377.0,437780549.0,False,INE235A01022,FINCABLES.NS
BOROSCI,Borosil Scientific Limited,NSE,118.68,2026-01-05,166.45,40.25,1478.3,Small,,158051.0,22268119.0,False,INE02L001032,BOROSCI.NS
DBOL,Dhampur Bio Organics Limited,NSE,79.81,2026-01-05,111.92,40.23,747.52,Small,,179220.0,18676377.0,False,INE0I3401014,DBOL.NS
BIRLACABLE,Birla Cable Limited,NSE,137.18,2026-01-05,192.35,40.22,576.15,Small,,75429.0,12434686.0,False,INE800A01015,BIRLACABLE.NS
SOTL,Savita Oil Technologies Limited,NSE,380.1,2026-01-05,532.65,40.13,3626.85,Small,,199356.0,102739577.0,False,INE035D01020,SOTL.NS
AKUMS,Akums Drugs and Pharmaceuticals Limited,NSE,447.35,2026-01-05,626.8,40.11,9856.01,Mid,,250661.0,127161932.0,False,INE09XN01023,AKUMS.NS
NEPHROPLUS,Nephrocare Health Services Limited,NSE,479.9,2026-01-05,671.95,40.02,6744.9,Mid,,357395.0,189492336.0,False,INE428V01029,NEPHROPLUS.NS
GOCLCORP,GOCL Corporation Limited,NSE,288.2,2026-01-05,403.5,40.01,1998.28,Small,,201439.0,61547235.0,False,INE077F01035,GOCLCORP.NS
539469,Panorama Studios International Ltd,BSE,37.09,2026-01-05,51.92,39.98,1352.7,Small,,163891.0,7334892.0,False,INE258R01028,539469.BO
ONIDA,Onida Electronics Limited,NSE,31.71,2026-01-05,44.36,39.89,1640.84,Small,,1590305.0,56736673.0,False,INE831A01028,ONIDA.NS
LIKHITHA,Likhitha Infrastructure Limited,NSE,187.56,2026-01-05,262.3,39.85,1033.98,Small,,102172.0,19642460.0,False,INE060901027,LIKHITHA.NS
LAURUSLABS,Laurus Labs Limited,NSE,1103.2,2026-01-05,1542.3,39.8,83292.98,Large,,1910536.0,2209057808.0,False,INE947Q01028,LAURUSLABS.NS
JTLIND,JTL INDUSTRIES LIMITED,NSE,58.87,2026-01-05,82.29,39.78,3236.63,Small,,5026884.0,344690098.0,False,INE391J01032,JTLIND.NS
STEELXIND,STEEL EXCHANGE INDIA LIMITED,NSE,9.12,2026-01-05,12.74,39.69,1625.01,Small,,2621904.0,27967090.0,False,INE503B01021,STEELXIND.NS
SASKEN,Sasken Technologies Limited,NSE,1503.1,2026-01-05,2094.0,39.31,3180.05,Small,,113984.0,200644854.0,False,INE231F01020,SASKEN.NS
544141,Pune E - Stock Broking Ltd,BSE,204.0,2026-01-05,284.0,39.22,447.32,Micro,,23594.0,5615159.0,False,INE510U01018,544141.BO
AMBIKCO,Ambika Cotton Mills Limited,NSE,1246.8,2026-01-05,1735.6,39.2,994.43,Small,,11792.0,17562143.0,False,INE540G01014,AMBIKCO.NS
WELSPLSOL,Welspun Specialty Solutions Limited,NSE,38.05,2026-04-21,52.94,39.13,3511.18,Small,,1666597.0,87448514.0,False,INE731F01037,WELSPLSOL.NS
GHCLTEXTIL,GHCL Textiles Limited,NSE,76.8,2026-01-05,106.75,39.0,1020.0,Small,,341967.0,29911068.0,False,INE0PA801013,GHCLTEXTIL.NS
HSCL,Himadri Speciality Chemical Limited,NSE,489.7,2026-01-05,680.65,38.99,34359.28,Large,,5629554.0,3353026956.0,False,INE019C01026,HSCL.NS
DIACABS,Diamond Power Infrastructure Limited,NSE,143.13,2026-01-05,198.89,38.96,10463.01,Mid,,2931275.0,510059520.0,False,INE989C01038,DIACABS.NS
CORONA,CORONA Remedies Limited,NSE,1467.1,2026-01-05,2037.9,38.91,12453.11,Mid,,190669.0,281479361.0,False,INE02ZQ01018,CORONA.NS
SHREEJISPG,Shreeji Shipping Global Limited,NSE,375.25,2026-01-05,520.8,38.79,8485.6,Mid,,1146788.0,441153844.0,False,INE1B6101010,SHREEJISPG.NS
MENONBE,Menon Bearings Limited,NSE,114.42,2026-01-05,158.77,38.76,889.64,Small,,124247.0,18336000.0,False,INE071D01033,MENONBE.NS
MWL,Mangalam Worldwide Limited,NSE,271.4,2026-01-05,376.0,38.54,1117.04,Small,,83199.0,24468866.0,False,INE0JYY01011,MWL.NS
CHENNPETRO,Chennai Petroleum Corporation Limited,NSE,813.6,2026-01-05,1125.8,38.37,16757.74,Mid,,1830397.0,1821226725.0,False,INE178A01016,CHENNPETRO.NS
CGPOWER,CG Power and Industrial Solutions Limited,NSE,645.25,2026-01-05,892.55,38.33,140661.4,Large,,3680259.0,2767630460.0,False,INE067A01029,CGPOWER.NS
MAHABANK,Bank of Maharashtra,NSE,64.03,2026-01-05,88.53,38.26,68101.03,Large,,21438424.0,1508538704.0,False,INE457A01014,MAHABANK.NS
SINDHUTRAD,Sindhu Trade Links Limited,NSE,20.02,2026-01-05,27.66,38.16,4288.1,Small,,2123330.0,51358603.0,False,INE325D01025,SINDHUTRAD.NS
KDDL,KDDL Limited,NSE,2349.2,2026-01-05,3244.0,38.09,3991.05,Small,,29903.0,79259195.0,False,INE291D01011,KDDL.NS
ABSLAMC,Aditya Birla Sun Life AMC Limited,NSE,853.65,2026-01-05,1178.4,38.04,34076.85,Large,,440713.0,421589353.0,False,INE404A01024,ABSLAMC.NS
HESTERBIO,Hester Biosciences Limited,NSE,1592.6,2026-01-05,2198.4,38.04,1879.04,Small,,8059.0,14478550.0,False,INE782E01017,HESTERBIO.NS
REFEX,Refex Industries Limited,NSE,259.7,2026-01-05,358.4,38.01,4919.32,Small,,1848364.0,534493226.0,False,INE056I01025,REFEX.NS
ASHIANA,Ashiana Housing Limited,NSE,282.7,2026-01-05,389.9,37.92,3902.37,Small,,139454.0,46983420.0,False,INE365D01021,ASHIANA.NS
BHARATSE,Bharat Seats Limited,NSE,173.96,2026-01-05,239.73,37.81,1505.63,Small,,669799.0,141015201.0,False,INE415D01024,BHARATSE.NS
GRANULES,Granules India Limited,NSE,605.25,2026-01-05,833.8,37.76,20645.2,Large,,1136195.0,747566430.0,False,INE101D01020,GRANULES.NS
CAPLIPOINT,Caplin Point Laboratories Limited,NSE,1845.3,2026-01-05,2538.1,37.54,19271.63,Mid,,114663.0,228484216.0,False,INE475E01026,CAPLIPOINT.NS
AVADHSUGAR,Avadh Sugar & Energy Limited,NSE,372.5,2026-01-05,511.9,37.42,1021.64,Small,,72624.0,30420270.0,False,INE349W01017,AVADHSUGAR.NS
SIGNPOST,Signpost India Limited,NSE,218.34,2026-01-05,299.7,37.26,1596.02,Small,,261112.0,73290410.0,False,INE0KGZ01021,SIGNPOST.NS
SONACOMS,Sona BLW Precision Forgings Limited,NSE,481.4,2026-01-05,660.1,37.12,41060.09,Large,,2028338.0,1098819192.0,False,INE073K01018,SONACOMS.NS
540252,Viram Suvarn Ltd,BSE,7.8,2026-01-05,10.7,37.11,121.4,Micro,,435630.0,4716694.0,False,INE607V01028,540252.BO
QUADFUTURE,Quadrant Future Tek Limited,NSE,343.0,2026-01-05,469.8,36.97,1880.4,Small,,1279824.0,429731113.0,False,INE0LRY01011,QUADFUTURE.NS
BLSE,BLS E-Services Limited,NSE,193.97,2026-01-05,265.11,36.68,2406.79,Small,,490179.0,96914355.0,False,INE0NLT01010,BLSE.NS
AGIIL,Agi Infra Limited,NSE,259.1,2026-01-05,354.05,36.65,4427.41,Small,,2012299.0,666554591.0,False,INE976R01033,AGIIL.NS
NAHARSPING,Nahar Spinning Mills Limited,NSE,194.61,2026-01-05,265.85,36.61,966.55,Small,,27915.0,5741371.0,False,INE290A01027,NAHARSPING.NS
AYE,Aye Finance Limited,NSE,128.91,2026-02-16,176.06,36.58,4344.64,Small,,1854761.0,255805536.0,False,INE501X01029,AYE.NS
QUESS,Quess Corp Limited,NSE,213.03,2026-01-05,290.85,36.53,4342.64,Small,,664696.0,149013997.0,False,INE615P01015,QUESS.NS
EMIL,Electronics Mart India Limited,NSE,103.1,2026-01-05,140.68,36.45,5409.57,Mid,,1201305.0,136212736.0,False,INE02YR01019,EMIL.NS
ONMOBILE,OnMobile Global Limited,NSE,58.68,2026-01-05,80.03,36.38,850.36,Small,,554721.0,33717834.0,False,INE809I01019,ONMOBILE.NS
BANDHANBNK,Bandhan Bank Limited,NSE,147.19,2026-01-05,200.6,36.29,32310.17,Large,,10272014.0,1801599339.0,False,INE545U01014,BANDHANBNK.NS
BLACKROSE,Black Rose Inds. Limited,NSE,83.25,2026-04-20,113.38,36.19,572.48,Small,,75811.0,8570079.0,False,INE761G01016,BLACKROSE.NS
NELCAST,Nelcast Limited,NSE,104.92,2026-01-05,142.78,36.08,1244.12,Small,,207761.0,27195146.0,False,INE189I01024,NELCAST.NS
QPOWER,Quality Power Electrical Equipments Limited,NSE,834.65,2026-01-05,1132.1,35.64,8719.04,Mid,,891485.0,829164468.0,False,INE0SII01026,QPOWER.NS
GOODLUCK,Goodluck India Limited,NSE,1100.3,2026-01-05,1490.2,35.44,4952.37,Small,,135732.0,171536642.0,False,INE127I01024,GOODLUCK.NS
NAM-INDIA,Nippon Life India Asset Management Limited,NSE,899.65,2026-01-05,1218.2,35.41,77811.9,Large,,959324.0,928631911.0,False,INE298J01013,NAM-INDIA.NS
NETWEB,Netweb Technologies India Limited,NSE,3274.6,2026-01-05,4427.4,35.2,25197.68,Large,,1719096.0,6525824191.0,False,INE0NT901020,NETWEB.NS
DSSL,Dynacons Systems & Solutions Limited,NSE,974.4,2026-01-05,1316.9,35.15,1678.11,Small,,178200.0,206197233.0,False,INE417B01040,DSSL.NS
GNA,GNA Axles Limited,NSE,344.8,2026-01-05,466.0,35.15,2008.73,Small,,197053.0,79133318.0,False,INE934S01014,GNA.NS
540786,Sharika Enterprises Ltd,BSE,13.97,2026-01-05,18.88,35.15,81.75,Micro,,74417.0,1085842.0,False,INE669Y01022,540786.BO
MSTCLTD,Mstc Limited,NSE,529.7,2026-01-05,715.7,35.11,5038.53,Mid,,600548.0,346684829.0,False,INE255X01014,MSTCLTD.NS
PRIVISCL,Privi Speciality Chemicals Limited,NSE,2735.3,2026-01-05,3694.9,35.08,14433.87,Mid,,141461.0,421385199.0,False,INE959A01019,PRIVISCL.NS
FUSION,Fusion Finance Limited,NSE,169.93,2026-01-05,229.4,35.0,3723.58,Small,,532733.0,98226636.0,False,INE139R01012,FUSION.NS
RATEGAIN,Rategain Travel Technologies Limited,NSE,697.9,2026-01-05,941.05,34.84,11143.25,Mid,,486041.0,321633451.0,False,INE0CLI01024,RATEGAIN.NS
526873,Rajasthan Securities Ltd,BSE,39.09,2026-01-05,52.7,34.82,405.12,Micro,,108818.0,4636516.0,False,INE184D01026,526873.BO
GOLDIAM,Goldiam International Limited,NSE,356.4,2026-01-05,480.4,34.79,5427.4,Mid,,808627.0,316754975.0,False,INE025B01025,GOLDIAM.NS
SILVERTUC,Silver Touch Technologies Limited,NSE,135.16,2026-01-05,182.15,34.77,2309.84,Small,,791487.0,148049158.0,False,INE625X01026,SILVERTUC.NS
ABB,ABB India Limited,NSE,5168.5,2026-01-05,6950.5,34.48,147269.96,Large,,359525.0,2255945836.0,False,INE117A01022,ABB.NS
AUROPHARMA,Aurobindo Pharma Limited,NSE,1207.4,2026-01-05,1620.5,34.21,93216.97,Large,,1395726.0,1835198348.0,False,INE406A01037,AUROPHARMA.NS
RPEL,Raghav Productivity Enhancers Limited,NSE,940.2,2026-01-05,1261.5,34.17,5799.25,Mid,,91204.0,81444700.0,False,INE912T01018,RPEL.NS
DCMSIL,DCM Shriram International Limited,NSE,52.21,2026-02-17,70.0,34.07,621.56,Small,,142099.0,11052954.0,False,INE0OU201013,DCMSIL.NS
TAALTECH,Taal Tech Limited,NSE,2986.0,2026-04-20,3991.6,33.68,1239.74,Small,,2102.0,7392397.0,False,INE524T01011,TAALTECH.NS
HALDYNGL,Haldyn Glass Limited,NSE,89.05,2026-04-20,118.92,33.54,645.29,Small,,119144.0,13734370.0,False,INE506D01020,HALDYNGL.NS
WOCKPHARMA,Wockhardt Limited,NSE,1452.4,2026-01-05,1938.5,33.47,31496.2,Large,,1523042.0,2505540937.0,False,INE049B01025,WOCKPHARMA.NS
VIPULLTD,Vipul Limited,NSE,11.52,2026-01-05,15.34,33.16,216.23,Micro,,574641.0,6752196.0,False,INE946H01037,VIPULLTD.NS
LLOYDSME,Lloyds Metals And Energy Limited,NSE,1336.2,2026-01-05,1777.0,32.99,100009.72,Large,,592702.0,852171323.0,False,INE281B01032,LLOYDSME.NS
PREMIERENE,Premier Energies Limited,NSE,787.75,2026-01-05,1046.8,32.88,47481.06,Large,,1927491.0,1698915925.0,False,INE0BS701011,PREMIERENE.NS
CEIGALL,Ceigall India Limited,NSE,274.15,2026-01-05,364.1,32.81,6336.7,Mid,,464128.0,148654760.0,False,INE0AG901020,CEIGALL.NS
GROWW,Billionbrains Garage Ventures Limited,NSE,155.53,2026-01-05,206.5,32.77,129549.77,Large,,51948965.0,9292489781.0,False,INE0HOQ01053,GROWW.NS
CARBORUNIV,Carborundum Universal Limited,NSE,858.6,2026-01-05,1139.6,32.73,21716.26,Large,,286444.0,272054570.0,False,INE120A01034,CARBORUNIV.NS
STOVEKRAFT,Stove Kraft Limited,NSE,589.35,2026-01-05,781.85,32.66,2583.53,Small,,239619.0,131736165.0,False,INE00IN01015,STOVEKRAFT.NS
SOMANYCERA,Somany Ceramics Limited,NSE,405.65,2026-01-05,537.2,32.43,2203.82,Small,,102601.0,48044967.0,False,INE355A01028,SOMANYCERA.NS
SANGHVIMOV,Sanghvi Movers Limited,NSE,350.0,2026-01-05,463.25,32.36,4014.1,Small,,374245.0,125298890.0,False,INE989A01032,SANGHVIMOV.NS
SKIPPER,Skipper Limited,NSE,435.0,2026-01-05,574.95,32.17,6491.44,Mid,,573258.0,266389518.0,False,INE439E01022,SKIPPER.NS
GRINDWELL,Grindwell Norton Limited,NSE,1581.5,2026-01-05,2088.5,32.06,23007.62,Large,,63612.0,109427496.0,False,INE536A01023,GRINDWELL.NS
TEJASNET,Tejas Networks Limited,NSE,449.55,2026-01-05,593.6,32.04,10566.12,Mid,,8522778.0,4046525595.0,False,INE010J01012,TEJASNET.NS
ANANDRATHI,Anand Rathi Wealth Limited,NSE,1561.8,2026-01-05,2061.7,32.01,34219.44,Large,,560762.0,927340524.0,False,INE463V01026,ANANDRATHI.NS
PIXTRANS,Pix Transmissions Limited,NSE,1372.5,2026-01-05,1810.6,31.92,2474.06,Small,,44160.0,75380200.0,False,INE751B01018,PIXTRANS.NS
SCI,Shipping Corporation Of India Limited,NSE,228.98,2026-01-05,301.75,31.78,14057.81,Mid,,7145968.0,2034424759.0,False,INE109A01011,SCI.NS
DEEPAKFERT,Deepak Fertilizers and Petrochemicals Corporation Limited,NSE,1252.2,2026-01-05,1649.3,31.71,20841.23,Large,,432927.0,523435871.0,False,INE501A01019,DEEPAKFERT.NS
SUNFLAG,Sunflag Iron And Steel Company Limited,NSE,268.4,2026-01-05,353.35,31.65,6342.82,Mid,,431041.0,146455712.0,False,INE947A01014,SUNFLAG.NS
TPLPLASTEH,TPL Plastech Limited,NSE,66.21,2026-01-05,87.16,31.64,678.16,Small,,132961.0,9106391.0,False,INE413G01022,TPLPLASTEH.NS
SAILIFE,Sai Life Sciences Limited,NSE,955.25,2026-01-05,1257.3,31.62,26663.08,Large,,553303.0,559937148.0,False,INE570L01029,SAILIFE.NS
RSWM,RSWM Limited,NSE,148.01,2026-01-05,194.76,31.59,916.36,Small,,91737.0,16510451.0,False,INE611A01016,RSWM.NS
SUPRIYA,Supriya Lifescience Limited,NSE,744.75,2026-01-05,978.9,31.44,7884.1,Mid,,293619.0,245526880.0,False,INE07RO01027,SUPRIYA.NS
530249,Bridge Securities Ltd,BSE,12.47,2026-01-05,16.39,31.44,63.72,Micro,,70120.0,934095.0,False,INE958C01025,530249.BO
UNIPARTS,Uniparts India Limited,NSE,497.1,2026-01-05,652.45,31.25,2943.11,Small,,137978.0,75977247.0,False,INE244O01017,UNIPARTS.NS
CARYSIL,CARYSIL LIMITED,NSE,885.55,2026-01-05,1162.1,31.23,3302.9,Small,,115188.0,113686559.0,False,INE482D01024,CARYSIL.NS
KPRMILL,K.P.R. Mill Limited,NSE,903.05,2026-01-05,1184.5,31.17,40542.56,Large,,594819.0,599990341.0,False,INE930H01031,KPRMILL.NS
SAREGAMA,Saregama India Limited,NSE,370.4,2026-01-05,485.75,31.14,9363.79,Mid,,1816201.0,733407929.0,False,INE979A01025,SAREGAMA.NS
SALSTEEL,S.A.L. Steel Limited,NSE,43.12,2026-01-05,56.5,31.03,620.96,Small,,132041.0,6454935.0,False,INE658G01014,SALSTEEL.NS
KTKBANK,The Karnataka Bank Limited,NSE,201.25,2026-01-05,263.4,30.88,9952.42,Mid,,4505138.0,991127387.0,False,INE614B01018,KTKBANK.NS
AARTIIND,Aarti Industries Limited,NSE,372.7,2026-01-05,487.7,30.86,17684.74,Mid,,1123797.0,497253063.0,False,INE769A01020,AARTIIND.NS
KOPRAN,Kopran Limited,NSE,147.74,2026-01-05,193.31,30.84,939.4,Small,,502886.0,81247870.0,False,INE082A01010,KOPRAN.NS
INNOVACAP,Innova Captab Limited,NSE,733.2,2026-01-05,957.85,30.64,5473.56,Mid,,76324.0,57384117.0,False,INE0DUT01020,INNOVACAP.NS
BHAGCHEM,Bhagiradha Chemicals & Industries Limited,NSE,216.98,2026-01-05,283.4,30.61,3662.5,Small,,185050.0,43597378.0,False,INE414D01027,BHAGCHEM.NS
RAYMONDREL,Raymond Realty Limited,NSE,518.6,2026-01-05,676.0,30.35,4505.38,Small,,673447.0,377648825.0,False,INE1SY401010,RAYMONDREL.NS
SFL,Sheela Foam Limited,NSE,588.35,2026-01-05,766.55,30.29,8361.7,Mid,,229518.0,139601620.0,False,INE916U01025,SFL.NS
COMSYN,Commercial Syn Bags Limited,NSE,153.84,2026-01-05,200.31,30.21,812.83,Small,,138828.0,24051642.0,False,INE073V01015,COMSYN.NS
KIMS,Krishna Institute of Medical Sciences Limited,NSE,653.6,2026-01-05,850.65,30.15,35732.05,Large,,472849.0,333121837.0,False,INE967H01025,KIMS.NS
AVL,Aditya Vision Limited,NSE,490.65,2026-01-05,638.55,30.14,8256.44,Mid,,207652.0,110734667.0,False,INE679V01027,AVL.NS
APEX,Apex Frozen Foods Limited,NSE,310.45,2026-01-05,403.95,30.12,1261.25,Small,,1284871.0,483432252.0,False,INE346W01013,APEX.NS
JINDALPOLY,Jindal Poly Films Limited,NSE,476.85,2026-01-05,620.45,30.11,2719.79,Small,,228369.0,151926132.0,False,INE197D01010,JINDALPOLY.NS
WALCHANNAG,Walchandnagar Industries Limited,NSE,187.24,2026-01-05,243.55,30.07,1652.29,Small,,2077787.0,446038506.0,False,INE711A01022,WALCHANNAG.NS
VADILALIND,Vadilal Industries Limited,NSE,4897.6,2026-01-05,6361.5,29.89,4566.07,Small,,18134.0,91388695.0,False,INE694D01016,VADILALIND.NS
MMWL,Media Matrix Worldwide Limited,NSE,10.35,2026-04-22,13.44,29.86,1498.62,Small,,128960.0,1845378.0,False,INE200D01020,MMWL.NS
WELSPUNLIV,Welspun Living Limited,NSE,131.72,2026-01-05,170.93,29.77,16363.14,Mid,,3605563.0,509044928.0,False,INE192B01031,WELSPUNLIV.NS
SEAMECLTD,Seamec Limited,NSE,1103.7,2026-01-05,1431.7,29.72,3642.51,Small,,81906.0,111818527.0,False,INE497B01018,SEAMECLTD.NS
SEIL,Shanti Educational Initiatives Limited,NSE,181.0,2026-04-21,234.08,29.33,3764.18,Small,,541446.0,111166643.0,False,INE440T01028,SEIL.NS
RAMRAT,Ram Ratna Wires Limited,NSE,305.9,2026-01-05,395.6,29.32,3690.56,Small,,173169.0,67292479.0,False,INE207E01023,RAMRAT.NS
VIJAYA,Vijaya Diagnostic Centre Limited,NSE,1055.9,2026-01-05,1365.2,29.29,14043.35,Mid,,242977.0,278447820.0,False,INE043W01024,VIJAYA.NS
NELCO,NELCO Limited,NSE,719.1,2026-01-05,929.55,29.27,2120.51,Small,,245404.0,194899153.0,False,INE045B01015,NELCO.NS
JETFREIGHT,Jet Freight Logistics Limited,NSE,16.9,2026-01-05,21.83,29.17,100.6,Micro,,191075.0,3734816.0,False,INE982V01025,JETFREIGHT.NS
SERVOTECH,Servotech Renewable Power System Limited,NSE,78.5,2026-01-05,101.37,29.13,,n/a,,1325813.0,117905790.0,False,INE782X01033,SERVOTECH.NS
ELECTHERM,Electrotherm (India) Limited,NSE,930.75,2026-01-05,1200.3,28.96,1529.65,Small,,65475.0,61127687.0,False,INE822G01016,ELECTHERM.NS
ASTERDM,Aster DM Healthcare Limited,NSE,615.25,2026-01-05,793.2,28.92,41071.45,Large,,779533.0,527268375.0,False,INE914M01019,ASTERDM.NS
MENNPIS,Menon Pistons Limited,NSE,57.0,2026-04-20,73.45,28.86,373.27,Micro,,69684.0,4650595.0,False,INE650G01029,MENNPIS.NS
UNIVASTU,Univastu India Limited,NSE,68.61,2026-01-05,88.41,28.86,,n/a,,109034.0,8170405.0,False,INE562X01013,UNIVASTU.NS
ALIVUS,Alivus Life Sciences Limited,NSE,898.6,2026-01-05,1157.7,28.83,14200.34,Mid,,93444.0,91941328.0,False,INE03Q201024,ALIVUS.NS
MARINE,Marine Electricals (India) Limited,NSE,217.66,2026-01-05,280.3,28.78,,n/a,,532060.0,121434738.0,False,INE01JE01028,MARINE.NS
542669,BMW Industries Ltd,BSE,43.22,2026-01-05,55.65,28.76,1252.61,Small,,267790.0,13040787.0,False,INE374E01021,542669.BO
535916,Alacrity Securities Ltd,BSE,52.63,2026-01-05,67.73,28.69,316.03,Micro,,55765.0,3442652.0,False,INE030P01017,535916.BO
DHANBANK,Dhanlaxmi Bank Limited,NSE,26.5,2026-01-05,34.09,28.64,1341.98,Small,,1328407.0,39500348.0,False,INE680A01011,DHANBANK.NS
PASUPTAC,Pasupati Acrylon Limited,NSE,49.54,2026-01-05,63.71,28.6,571.52,Small,,277367.0,16666617.0,False,INE818B01023,PASUPTAC.NS
JBCHEPHARM,JB Chemicals & Pharmaceuticals Limited,NSE,1840.2,2026-01-05,2364.6,28.5,37944.04,Large,,264715.0,539171425.0,False,INE572A01036,JBCHEPHARM.NS
526775,Valiant Communications Ltd-$,BSE,841.8,2026-01-05,1080.45,28.35,1263.27,Small,,15328.0,14893747.0,False,INE760B01019,526775.BO
GULPOLY,Gulshan Polyols Limited,NSE,149.45,2026-01-05,191.78,28.32,1195.02,Small,,259096.0,47217335.0,False,INE255D01024,GULPOLY.NS
ORIENTHOT,Oriental Hotels Limited,NSE,108.54,2026-01-05,139.26,28.3,2489.67,Small,,551580.0,67135547.0,False,INE750A01020,ORIENTHOT.NS
ADOR,Ador Welding Limited,NSE,1028.1,2026-01-05,1317.8,28.18,2286.64,Small,,24940.0,26338086.0,False,INE045A01017,ADOR.NS
WSTCSTPAPR,West Coast Paper Mills Limited,NSE,413.1,2026-01-05,529.4,28.15,3493.99,Small,,98078.0,46429493.0,False,INE976A01021,WSTCSTPAPR.NS
HAPPYFORGE,Happy Forgings Limited,NSE,1170.5,2026-01-05,1499.1,28.07,14135.1,Mid,,76713.0,101371109.0,False,INE330T01021,HAPPYFORGE.NS
KIRLOSIND,Kirloskar Industries Limited,NSE,3203.3,2026-01-05,4099.9,27.99,4333.28,Small,,15469.0,56802678.0,False,INE250A01039,KIRLOSIND.NS
MCX,Multi Commodity Exchange of India Limited,NSE,2199.0,2026-01-05,2814.0,27.97,71762.35,Large,,3332041.0,8589829512.0,False,INE745G01043,MCX.NS
ENRIN,Siemens Energy India Limited,NSE,2564.5,2026-01-05,3281.5,27.96,117030.1,Large,,679496.0,2071374410.0,False,INE1NPP01017,ENRIN.NS
SONAMLTD,SONAM LIMITED,NSE,41.95,2026-01-05,53.67,27.94,,n/a,,63920.0,3164775.0,False,INE00LM01029,SONAMLTD.NS
INVPRECQ,Investment & Precision Castings Limited,NSE,672.1,2026-04-20,859.8,27.93,859.85,Small,,7703.0,5364765.0,False,INE155E01016,INVPRECQ.NS
GESHIP,The Great Eastern Shipping Company Limited,NSE,1125.9,2026-01-05,1440.4,27.93,21169.05,Large,,768034.0,1124593706.0,False,INE017A01032,GESHIP.NS
RAIN,Rain Industries Limited,NSE,146.81,2026-01-05,187.74,27.88,6311.53,Mid,,4949834.0,762484479.0,False,INE855B01025,RAIN.NS
BHEL,Bharat Heavy Electricals Limited,NSE,300.05,2026-01-05,383.6,27.85,133537.13,Large,,14177000.0,4505375407.0,False,INE257A01026,BHEL.NS
GOLDTECH,AION-TECH SOLUTIONS LIMITED,NSE,50.43,2026-01-05,64.47,27.84,334.89,Micro,,81093.0,4048151.0,False,INE805A01014,GOLDTECH.NS
539682,Mobavenue AI Tech Ltd,BSE,238.84,2026-01-05,305.15,27.76,2358.74,Small,,50873.0,13035800.0,False,INE622Q01027,539682.BO
BALRAMCHIN,Balrampur Chini Mills Limited,NSE,440.45,2026-01-05,562.45,27.7,11901.74,Mid,,642546.0,319682040.0,False,INE119A01028,BALRAMCHIN.NS
SURYODAY,Suryoday Small Finance Bank Limited,NSE,142.7,2026-01-05,182.15,27.65,1936.07,Small,,401266.0,61541858.0,False,INE428Q01011,SURYODAY.NS
ZENTEC,Zen Technologies Limited,NSE,1369.7,2026-01-05,1746.7,27.52,15786.37,Mid,,652559.0,1021170168.0,False,INE251B01027,ZENTEC.NS
UNIMECH,Unimech Aerospace and Manufacturing Limited,NSE,906.55,2026-01-05,1155.4,27.45,5876.77,Mid,,100946.0,97922416.0,False,INE0U3I01011,UNIMECH.NS
NACLIND,NACL Industries Limited,NSE,171.5,2026-01-05,218.4,27.35,5122.9,Mid,,705295.0,129141416.0,False,INE295D01020,NACLIND.NS
DENORA,De Nora India Limited,NSE,690.9,2026-01-05,879.05,27.23,464.24,Micro,,8276.0,6270487.0,False,INE244A01016,DENORA.NS
AZAD,Azad Engineering Limited,NSE,1689.4,2026-01-05,2149.1,27.21,13873.13,Mid,,312244.0,593455633.0,False,INE02IJ01035,AZAD.NS
NAVINFLUOR,Navin Fluorine International Limited,NSE,5937.5,2026-01-05,7552.5,27.2,38787.79,Large,,195751.0,1266804862.0,False,INE048G01026,NAVINFLUOR.NS
KAPSTON,Kapston Services Limited,NSE,298.7,2026-01-05,379.95,27.2,,n/a,,22573.0,7729476.0,False,INE542Z01028,KAPSTON.NS
BETA,Beta Drugs Limited,NSE,1644.5,2026-01-05,2090.5,27.12,,n/a,,16898.0,26145941.0,False,INE351Y01019,BETA.NS
CUMMINSIND,Cummins India Limited,NSE,4309.8,2026-01-05,5478.0,27.11,151656.12,Large,,616052.0,2951467167.0,False,INE298A01020,CUMMINSIND.NS
NIBE,NIBE Limited,NSE,1296.8,2026-01-05,1648.0,27.08,2458.81,Small,,127786.0,169807169.0,False,INE149O01018,NIBE.NS
ELGIRUBCO,Elgi Rubber Company Limited,NSE,43.51,2026-01-05,55.29,27.07,,n/a,,63723.0,3013898.0,False,INE819L01012,ELGIRUBCO.NS
GANESHBE,Ganesh Benzoplast Limited,NSE,81.36,2026-01-05,103.32,26.99,742.57,Small,,260498.0,24995927.0,False,INE388A01029,GANESHBE.NS
539479,GTV Engineering Ltd,BSE,59.28,2026-01-05,75.2,26.86,352.37,Micro,,83992.0,5438239.0,False,INE910R01024,539479.BO
GINNIFILA,Ginni Filaments Limited,NSE,43.1,2026-01-05,54.65,26.8,469.53,Micro,,128656.0,5418166.0,False,INE424C01010,GINNIFILA.NS
GKSL,Gujarat Kidney And Super Speciality Limited,NSE,102.4,2026-01-05,129.83,26.79,1024.17,Small,,950124.0,106146295.0,False,INE0V0W01025,GKSL.NS
544037,Amic Forging Ltd,BSE,1446.7,2026-01-05,1832.2,26.65,1969.4,Small,,46690.0,74358203.0,False,INE0P9J01013,544037.BO
SIKA,Sika Interplant Systems Limited,NSE,963.9,2026-04-20,1220.7,26.64,2582.9,Small,,103595.0,118969423.0,False,INE438E01032,SIKA.NS
526433,ASM Technologies Ltd,BSE,3184.6,2026-01-05,4031.55,26.6,5880.68,Mid,,23428.0,72556401.0,False,INE867C01010,526433.BO
STARHEALTH,Star Health and Allied Insurance Company Limited,NSE,458.8,2026-01-05,580.3,26.48,34146.29,Large,,638379.0,317481283.0,False,INE575P01011,STARHEALTH.NS
LINCOLN,Lincoln Pharmaceuticals Limited,NSE,490.55,2026-01-05,620.2,26.43,1241.94,Small,,88949.0,56556477.0,False,INE405C01035,LINCOLN.NS
NUVAMA,Nuvama Wealth Management Limited,NSE,1492.9,2026-01-05,1887.5,26.43,34439.54,Large,,515633.0,748060450.0,False,INE531F01023,NUVAMA.NS
WANBURY,Wanbury Limited,NSE,226.58,2026-01-05,286.45,26.42,1003.46,Small,,101015.0,25094344.0,False,INE107F01022,WANBURY.NS
ESAFSFB,ESAF Small Finance Bank Limited,NSE,27.02,2026-01-05,34.15,26.39,1754.75,Small,,936679.0,27614175.0,False,INE818W01011,ESAFSFB.NS
DIFFNKG,Diffusion Engineers Limited,NSE,329.6,2026-01-05,416.35,26.32,1557.49,Small,,128967.0,40787128.0,False,INE184O01015,DIFFNKG.NS
543916,Hemant Surgical Industries Ltd,BSE,289.35,2026-01-05,364.75,26.06,530.26,Small,,27300.0,9011689.0,False,INE0GYI01028,543916.BO
SANSTAR,Sanstar Limited,NSE,94.22,2026-01-05,118.7,25.98,2161.42,Small,,565852.0,62341924.0,False,INE08NE01025,SANSTAR.NS
NEULANDLAB,Neuland Laboratories Limited,NSE,15040.0,2026-01-05,18944.0,25.96,24269.6,Large,,52492.0,814231398.0,False,INE794A01010,NEULANDLAB.NS
IPCALAB,IPCA Laboratories Limited,NSE,1413.0,2026-01-05,1778.9,25.9,45174.17,Large,,247522.0,378044470.0,False,INE571A01038,IPCALAB.NS
SIS,SIS LIMITED,NSE,338.3,2026-01-05,425.75,25.85,6018.0,Mid,,195507.0,75291643.0,False,INE285J01028,SIS.NS
SHAILY,Shaily Engineering Plastics Limited,NSE,2309.2,2026-01-05,2901.6,25.65,13347.13,Mid,,346231.0,825861453.0,False,INE151G01028,SHAILY.NS
CCL,CCL Products (India) Limited,NSE,933.65,2026-01-05,1173.0,25.64,15665.5,Mid,,333440.0,358312818.0,False,INE421D01022,CCL.NS
APOLLOHOSP,Apollo Hospitals Enterprise Limited,NSE,7083.0,2026-01-05,8893.5,25.56,127930.24,Large,,399288.0,3044573980.0,False,INE437A01024,APOLLOHOSP.NS
INGERRAND,Ingersoll Rand (India) Limited,NSE,3459.5,2026-01-05,4343.0,25.54,13711.4,Mid,,18728.0,74099877.0,False,INE177A01018,INGERRAND.NS
SMSPHARMA,SMS Pharmaceuticals Limited,NSE,335.7,2026-01-05,421.45,25.54,3947.9,Small,,511290.0,183988912.0,False,INE812G01025,SMSPHARMA.NS
ADANIPORTS,Adani Ports and Special Economic Zone Limited,NSE,1493.0,2026-01-05,1874.2,25.53,431808.01,Large,,2516424.0,3950551069.0,False,INE742F01042,ADANIPORTS.NS
TIPSMUSIC,Tips Music Limited,NSE,545.45,2026-01-05,684.65,25.52,8741.12,Mid,,352129.0,208654871.0,False,INE716B01029,TIPSMUSIC.NS
AAREYDRUGS,Aarey Drugs & Pharmaceuticals Limited,NSE,67.62,2026-01-05,84.87,25.51,244.22,Micro,,172979.0,12750590.0,False,INE198H01019,AAREYDRUGS.NS
HCC,Hindustan Construction Company Limited,NSE,19.8,2026-01-05,24.83,25.4,6512.0,Mid,,37117196.0,773916261.0,False,INE549A01026,HCC.NS
539598,Credent Global Finance Ltd,BSE,30.3,2026-01-05,37.99,25.38,233.49,Micro,,136290.0,4112930.0,False,INE727C01024,539598.BO
RADICO,Radico Khaitan Limited,NSE,3104.6,2026-01-05,3892.3,25.37,52132.78,Large,,441970.0,1387800143.0,False,INE944F01028,RADICO.NS
NPST,Network People Services Technologies Limited,NSE,1392.7,2026-01-05,1744.0,25.22,3633.96,Small,,41557.0,53318178.0,False,INE0FFK01017,NPST.NS
ATGL,Adani Total Gas Limited,NSE,577.05,2026-01-05,721.75,25.08,79378.79,Large,,4191920.0,2714013311.0,False,INE399L01023,ATGL.NS
KAMDHENU,Kamdhenu Limited,NSE,24.99,2026-01-05,31.25,25.05,884.83,Small,,1695129.0,40418225.0,False,INE390H01020,KAMDHENU.NS
