symbol,name,exchange,CMP,ema9,ema21,ema50,ema100,ema200,dist_ema9_pct,dist_ema21_pct,dist_ema50_pct,dist_ema100_pct,dist_ema200_pct,price_above_all_emas,perfect_bull_stack,stack_9_21_50_200,wk_sma50,wk_sma200,px_vs_wk_sma50,px_vs_wk_sma200,macd,macd_signal,macd_hist,macd_vs_signal,macd_hist_state,macd_above_zero,macd_div,wk_macd_vs_signal,bb_upper,bb_mid,bb_lower,bb_width_pct,bb_position,bb_width_state,weekly_bars,bars_daily,lagging_score_10
NAHARSPING,Nahar Spinning Mills Limited,NSE,280.05,272.76,265.84,249.83,233.11,225.53,2.67,5.35,12.1,20.13,24.17,True,True,True,218.57,N/A (need ~4y hist),above,n/a,7.798,7.198,0.6,above,expanding_pos,True,none,above,280.33,265.65,250.97,11.05,Walking Upper,Squeezing,75.0,353.0,10.0
SATIN,Satin Creditcare Network Limited,NSE,241.39,230.58,219.57,198.42,180.5,167.51,4.69,9.94,21.66,33.73,44.1,True,True,True,158.29,N/A (need ~4y hist),above,n/a,12.564,12.241,0.323,above,expanding_pos,True,none,above,239.78,223.86,207.93,14.23,Walking Upper,Squeezing,75.0,353.0,10.0
ACMESOLAR,Acme Solar Holdings Limited,NSE,356.65,326.19,309.93,291.82,275.21,263.08,9.34,15.07,22.22,29.59,35.56,True,True,True,264.24,N/A (need ~4y hist),above,n/a,14.331,8.27,6.061,above,expanding_pos,True,none,above,347.6,301.34,255.08,30.7,Walking Upper,Expanding,75.0,354.0,10.0
VENUSREM,Venus Remedies Limited,NSE,1633.5,1396.25,1230.72,1073.54,942.83,790.08,16.99,32.73,52.16,73.26,106.75,True,True,True,704.85,N/A (need ~4y hist),above,n/a,149.407,96.755,52.651,above,expanding_pos,True,bearish,above,1599.89,1161.82,723.75,75.41,Walking Upper,Expanding,75.0,352.0,10.0
HSCL,Himadri Speciality Chemical Limited,NSE,685.05,624.92,605.43,567.42,530.85,506.38,9.62,13.15,20.73,29.05,35.29,True,True,True,487.39,N/A (need ~4y hist),above,n/a,20.61,16.976,3.634,above,expanding_pos,True,none,above,657.65,604.49,551.33,17.59,Above Upper,Neutral,75.0,354.0,10.0
INOXINDIA,INOX India Limited,NSE,1578.8,1498.51,1476.83,1417.2,1336.66,1259.66,5.36,6.9,11.4,18.12,25.34,True,True,True,1220.95,N/A (need ~4y hist),above,n/a,23.623,19.463,4.16,above,expanding_pos,True,none,above,1549.93,1463.98,1378.02,11.74,Above Upper,Squeezing,75.0,353.0,10.0
PASUPTAC,Pasupati Acrylon Limited,NSE,74.21,66.11,60.84,55.46,52.57,50.62,12.26,21.97,33.8,41.17,46.59,True,True,True,49.74,N/A (need ~4y hist),above,n/a,4.991,3.646,1.345,above,expanding_pos,True,none,above,72.5,59.3,46.09,44.54,Walking Upper,Expanding,75.0,353.0,10.0
RSWM,RSWM Limited,NSE,197.1,178.82,172.46,163.35,157.23,155.85,10.22,14.29,20.66,25.35,26.47,True,True,True,153.91,N/A (need ~4y hist),above,n/a,6.47,5.267,1.202,above,expanding_pos,True,bearish,above,191.15,170.07,148.98,24.8,Above Upper,Expanding,75.0,353.0,10.0
RICOAUTO,Rico Auto Industries Limited,NSE,136.85,123.34,120.06,117.9,115.94,109.89,10.95,13.99,16.07,18.04,24.53,True,True,True,105.35,N/A (need ~4y hist),above,n/a,2.696,1.211,1.485,above,expanding_pos,True,none,above,131.36,118.68,106.0,21.37,Above Upper,Expanding,75.0,354.0,10.0
ACUTAAS,Acutaas Chemicals Limited,NSE,3328.3,3107.04,2958.2,2705.43,2421.67,2078.04,7.12,12.51,23.02,37.44,60.17,True,True,True,1855.23,N/A (need ~4y hist),above,n/a,159.405,143.343,16.062,above,expanding_pos,True,none,above,3270.07,2956.67,2643.27,21.2,Above Upper,Expanding,75.0,354.0,10.0
AKUMS,Akums Drugs and Pharmaceuticals Limited,NSE,553.8,539.23,533.77,521.82,503.99,497.57,2.7,3.75,6.13,9.88,11.3,True,True,True,480.85,N/A (need ~4y hist),above,n/a,5.004,2.68,2.323,above,expanding_pos,True,none,above,552.45,530.11,507.76,8.43,Above Upper,Squeezing,75.0,351.0,10.0
THANGAMAYL,Thangamayil Jewellery Limited,NSE,5351.9,4670.05,4288.24,4023.45,3764.58,3344.35,14.6,24.8,33.02,42.16,60.03,True,True,True,3025.22,N/A (need ~4y hist),above,n/a,307.296,130.13,177.166,above,expanding_pos,True,none,above,5183.89,4071.22,2958.55,54.66,Walking Upper,Expanding,75.0,354.0,10.0
UNIPARTS,Uniparts India Limited,NSE,633.95,607.83,581.87,545.45,514.92,481.47,4.3,8.95,16.22,23.12,31.67,True,True,True,463.16,N/A (need ~4y hist),above,n/a,26.535,22.221,4.314,above,expanding_pos,True,bearish,above,645.63,575.44,505.25,24.4,Walking Upper,Expanding,75.0,353.0,10.0
SYRMA,Syrma SGS Technology Limited,NSE,1226.8,1148.34,1088.94,1004.86,924.7,840.46,6.83,12.66,22.09,32.67,45.97,True,True,True,813.38,N/A (need ~4y hist),above,n/a,57.694,42.274,15.42,above,expanding_pos,True,none,above,1222.25,1075.78,929.3,27.23,Walking Upper,Expanding,75.0,354.0,10.0
TMB,Tamilnad Mercantile Bank Limited,NSE,745.9,723.68,707.59,684.7,647.04,590.77,3.07,5.41,8.94,15.28,26.26,True,True,True,543.68,N/A (need ~4y hist),above,n/a,14.492,8.478,6.014,above,expanding_pos,True,none,above,750.0,695.73,641.46,15.6,Walking Upper,Squeezing,75.0,353.0,10.0
PARAS,Paras Defence and Space Technologies Limited,NSE,960.15,866.53,834.0,787.59,747.51,713.37,10.8,15.13,21.91,28.45,34.59,True,True,True,717.1,N/A (need ~4y hist),above,n/a,31.181,21.819,9.362,above,expanding_pos,True,none,above,925.34,822.67,719.99,24.96,Above Upper,Expanding,75.0,354.0,10.0
VIJAYA,Vijaya Diagnostic Centre Limited,NSE,1372.4,1307.63,1265.59,1176.57,1105.35,1061.65,4.95,8.44,16.64,24.16,29.27,True,True,True,1038.09,N/A (need ~4y hist),above,n/a,49.29,48.908,0.383,above,expanding_pos,True,none,above,1368.74,1287.72,1206.69,12.58,Above Upper,Squeezing,75.0,353.0,10.0
APCOTEXIND,Apcotex Industries Limited,NSE,540.2,508.55,488.27,449.43,419.02,398.82,6.22,10.64,20.2,28.92,35.45,True,True,True,393.64,N/A (need ~4y hist),above,n/a,23.101,22.331,0.77,above,expanding_pos,True,none,above,529.01,495.37,461.72,13.58,Above Upper,Squeezing,75.0,353.0,10.0
CEMPRO,Cemindia Projects Limited,NSE,1112.8,1041.97,964.1,846.22,775.6,739.37,6.8,15.42,31.5,43.48,50.51,True,True,True,756.74,N/A (need ~4y hist),above,n/a,82.341,72.238,10.103,above,expanding_pos,True,none,above,1132.48,955.66,778.84,37.0,Walking Upper,Expanding,75.0,354.0,10.0
E2E,E2E Networks Limited,NSE,452.9,411.78,376.05,328.32,294.91,279.79,9.99,20.44,37.95,53.57,61.87,True,True,True,264.73,N/A (need ~4y hist),above,n/a,36.304,30.226,6.078,above,expanding_pos,True,none,above,456.93,369.98,283.03,47.0,Walking Upper,Expanding,75.0,354.0,10.0
IDEAFORGE,Ideaforge Technology Limited,NSE,945.0,861.99,806.08,692.4,599.96,544.44,9.63,17.23,36.48,57.51,73.57,True,True,True,508.1,N/A (need ~4y hist),above,n/a,64.991,64.49,0.501,above,expanding_pos,True,bearish,above,921.59,818.55,715.51,25.18,Above Upper,Squeezing,75.0,354.0,10.0
AFIL,Akme Fintrade (India) Limited,NSE,10.59,10.03,9.65,9.04,8.36,7.9,5.6,9.76,17.11,26.72,34.11,True,True,True,7.57,N/A (need ~4y hist),above,n/a,0.369,0.273,0.097,above,expanding_pos,True,none,above,10.57,9.5,8.43,22.46,Walking Upper,Squeezing,75.0,353.0,10.0
RRKABEL,R R Kabel Limited,NSE,2223.4,2095.57,1983.12,1795.32,1644.57,1517.28,6.1,12.12,23.84,35.2,46.54,True,True,True,1434.84,N/A (need ~4y hist),above,n/a,122.748,112.807,9.941,above,expanding_pos,True,none,above,2187.11,2005.5,1823.89,18.11,Walking Upper,Squeezing,75.0,353.0,10.0
DEEDEV,DEE Development Engineers Limited,NSE,671.15,616.13,556.28,467.28,389.04,332.21,8.93,20.65,43.63,72.51,102.03,True,True,True,296.36,N/A (need ~4y hist),above,n/a,61.548,51.918,9.63,above,expanding_pos,True,none,above,683.46,548.16,412.86,49.36,Walking Upper,Expanding,75.0,353.0,10.0
SANGINITA,Sanginita Chemicals Limited,NSE,31.57,29.46,27.27,23.72,19.97,16.59,7.17,15.79,33.08,58.12,90.34,True,True,True,13.72,N/A (need ~4y hist),above,n/a,2.289,1.981,0.308,above,expanding_pos,True,bearish,above,31.73,27.11,22.5,34.02,Walking Upper,Neutral,75.0,353.0,10.0
APARINDS,Apar Industries Limited,NSE,13878.0,13345.95,12937.0,12097.27,11094.28,10114.42,3.99,7.27,14.72,25.09,37.21,True,True,True,9481.65,N/A (need ~4y hist),above,n/a,446.05,399.232,46.818,above,expanding_pos,True,bearish,above,13857.15,12904.35,11951.55,14.77,Walking Upper,Squeezing,75.0,354.0,10.0
CUPID,Cupid Limited,NSE,137.1,130.25,125.69,115.01,101.44,82.21,5.26,9.08,19.2,35.15,66.77,True,True,True,70.19,N/A (need ~4y hist),above,n/a,5.263,5.033,0.23,above,expanding_pos,True,none,above,136.54,125.4,114.27,17.76,Above Upper,Squeezing,75.0,354.0,10.0
ATHERENERG,Ather Energy Limited,NSE,1033.6,978.42,949.43,895.14,821.43,713.57,5.64,8.86,15.47,25.83,44.85,True,True,True,653.53,N/A (need ~4y hist),above,n/a,29.353,22.707,6.647,above,expanding_pos,True,bearish,above,1021.67,945.75,869.84,16.05,Above Upper,Neutral,57.0,272.0,10.0
JETFREIGHT,Jet Freight Logistics Limited,NSE,23.54,21.98,21.33,20.24,19.02,17.62,7.11,10.34,16.3,23.77,33.6,True,True,True,16.32,N/A (need ~4y hist),above,n/a,0.684,0.604,0.079,above,expanding_pos,True,none,above,23.46,21.26,19.06,20.69,Above Upper,Expanding,75.0,353.0,10.0
CONFIPET,Confidence Petroleum India Limited,NSE,77.61,70.68,65.33,57.54,50.71,48.31,9.81,18.81,34.89,53.04,60.66,True,True,True,44.89,N/A (need ~4y hist),above,n/a,5.245,3.943,1.303,above,expanding_pos,True,none,above,76.83,64.52,52.21,38.17,Walking Upper,Neutral,75.0,354.0,10.0
542669,BMW Industries Ltd,BSE,60.18,56.24,53.56,48.1,44.3,43.73,7.0,12.36,25.12,35.83,37.63,True,True,True,43.29,N/A (need ~4y hist),above,n/a,3.121,3.086,0.035,above,expanding_pos,True,none,above,58.99,54.57,50.15,16.19,Above Upper,Squeezing,75.0,351.0,10.0
MODISONLTD,MODISON LIMITED,NSE,362.7,303.33,250.83,201.55,176.14,164.4,19.57,44.6,79.95,105.91,120.62,True,True,True,159.58,N/A (need ~4y hist),above,n/a,48.812,34.425,14.388,above,expanding_pos,True,none,above,372.43,230.7,88.98,122.86,Walking Upper,Expanding,75.0,353.0,10.0
RUBYMILLS,The Ruby Mills Limited,NSE,337.85,287.85,263.49,242.55,230.34,225.7,17.37,28.22,39.29,46.67,49.69,True,True,True,224.97,N/A (need ~4y hist),above,n/a,20.959,11.429,9.53,above,expanding_pos,True,bearish,above,319.5,253.18,186.85,52.39,Above Upper,Expanding,75.0,352.0,10.0
ANTELOPUS,Antelopus Selan Energy Limited,NSE,899.35,837.52,781.01,706.79,641.5,606.32,7.38,15.15,27.24,40.19,48.33,True,True,True,565.61,N/A (need ~4y hist),above,n/a,55.039,41.511,13.528,above,expanding_pos,True,none,above,900.59,774.3,648.01,32.62,Walking Upper,Expanding,75.0,354.0,10.0
PAISALO,Paisalo Digital Limited,NSE,57.87,53.29,50.67,46.47,42.55,39.83,8.6,14.21,24.53,36.01,45.3,True,True,True,37.13,N/A (need ~4y hist),above,n/a,2.642,2.08,0.562,above,expanding_pos,True,bearish,above,56.54,49.84,43.14,26.9,Walking Upper,Expanding,75.0,354.0,10.0
531911,Galaxy Agrico Exports Ltd,BSE,65.0,61.35,58.79,54.46,51.58,49.96,5.95,10.57,19.36,26.02,30.1,True,True,True,50.41,N/A (need ~4y hist),above,n/a,2.815,2.622,0.193,above,expanding_pos,True,none,above,63.92,59.08,54.25,16.37,Above Upper,Squeezing,75.0,352.0,10.0
NITINSPIN,Nitin Spinners Limited,NSE,535.8,514.68,499.53,462.7,422.59,393.35,4.1,7.26,15.8,26.79,36.21,True,True,True,365.76,N/A (need ~4y hist),above,n/a,17.879,17.651,0.229,above,expanding_pos,True,bearish,above,530.64,504.13,477.63,10.51,Above Upper,Squeezing,75.0,353.0,10.0
LAURUSLABS,Laurus Labs Limited,NSE,1446.8,1395.04,1339.68,1238.84,1148.94,1040.51,3.71,8.0,16.79,25.93,39.05,True,True,True,998.92,N/A (need ~4y hist),above,n/a,63.466,63.406,0.06,above,expanding_pos,True,none,above,1446.99,1353.86,1260.72,13.76,Upper Band,Squeezing,75.0,354.0,9.0
ABSLAMC,Aditya Birla Sun Life AMC Limited,NSE,1048.8,1034.17,1031.66,1008.34,958.43,898.07,1.41,1.66,4.01,9.43,16.78,True,True,True,864.54,N/A (need ~4y hist),above,n/a,3.805,3.692,0.113,above,expanding_pos,True,none,above,1070.98,1031.31,991.64,7.69,Upper Half,Squeezing,75.0,354.0,9.0
GVT&D,GE Vernova T&D India Limited,NSE,5067.0,4944.44,4779.59,4453.0,4051.8,3547.21,2.48,6.01,13.79,25.06,42.84,True,True,True,3307.47,N/A (need ~4y hist),above,n/a,184.289,176.201,8.089,above,expanding_pos,True,none,above,5313.0,4725.18,4137.37,24.88,Upper Half,Expanding,75.0,354.0,9.0
STYLAMIND,Stylam Industries Limited,NSE,3053.5,2935.23,2782.9,2565.24,2394.26,2227.99,4.03,9.72,19.03,27.53,37.05,True,True,True,2075.09,N/A (need ~4y hist),above,n/a,162.668,148.851,13.817,above,contracting_pos,True,none,above,3120.59,2785.91,2451.23,24.03,Walking Upper,Neutral,75.0,354.0,9.0
VTL,Vardhman Textiles Limited,NSE,631.4,614.39,606.46,585.04,550.42,514.41,2.77,4.11,7.92,14.71,22.74,True,True,True,480.33,N/A (need ~4y hist),above,n/a,8.662,7.266,1.396,above,expanding_pos,True,bearish,above,632.84,607.83,582.82,8.23,Upper Band,Squeezing,75.0,354.0,9.0
J&KBANK,The Jammu & Kashmir Bank Limited,NSE,147.52,144.1,139.95,132.63,124.41,116.42,2.37,5.41,11.23,18.58,26.72,True,True,True,111.44,N/A (need ~4y hist),above,n/a,4.39,3.828,0.562,above,contracting_pos,True,bearish,above,150.82,138.79,126.76,17.34,Walking Upper,Neutral,75.0,354.0,9.0
INDOBORAX,Indo Borax & Chemicals Limited,NSE,367.4,344.06,320.43,291.94,273.78,256.64,6.78,14.66,25.85,34.19,43.16,True,True,True,256.69,N/A (need ~4y hist),above,n/a,23.894,20.078,3.817,above,expanding_pos,True,none,above,380.12,314.98,249.83,41.36,Upper Band,Expanding,75.0,353.0,9.0
MIDHANI,Mishra Dhatu Nigam Limited,NSE,435.55,422.19,411.4,389.61,373.29,365.16,3.16,5.87,11.79,16.68,19.28,True,True,True,369.39,N/A (need ~4y hist),above,n/a,12.284,11.687,0.597,above,expanding_pos,True,bearish,above,438.46,412.25,386.04,12.71,Upper Band,Squeezing,75.0,354.0,9.0
CGPOWER,CG Power and Industrial Solutions Limited,NSE,937.85,911.92,882.04,827.09,775.53,737.19,2.84,6.33,13.39,20.93,27.22,True,True,True,714.8,N/A (need ~4y hist),above,n/a,32.82,30.473,2.347,above,expanding_pos,True,bearish,above,958.04,877.79,797.54,18.28,Upper Band,Expanding,75.0,354.0,9.0
IFCI,IFCI Limited,NSE,79.6,73.57,68.39,63.52,60.35,58.13,8.2,16.39,25.31,31.9,36.93,True,True,True,57.03,N/A (need ~4y hist),above,n/a,4.662,2.948,1.714,above,contracting_pos,True,none,above,79.91,66.84,53.77,39.11,Walking Upper,Expanding,75.0,354.0,9.0
SHILPAMED,Shilpa Medicare Limited,NSE,538.05,511.68,487.25,443.84,406.82,387.98,5.15,10.42,21.23,32.26,38.68,True,True,True,383.45,N/A (need ~4y hist),above,n/a,26.756,24.859,1.897,above,expanding_pos,True,none,above,541.7,487.39,433.08,22.28,Upper Band,Neutral,75.0,354.0,9.0
DATAPATTNS,Data Patterns (India) Limited,NSE,4212.6,4075.07,4013.56,3802.89,3498.41,3170.02,3.37,4.96,10.77,20.41,32.89,True,True,True,2984.24,N/A (need ~4y hist),above,n/a,76.035,75.305,0.73,above,expanding_pos,True,none,above,4317.04,4009.62,3702.2,15.33,Upper Band,Squeezing,75.0,354.0,9.0
ADANIENSOL,Adani Energy Solutions Limited,NSE,1579.0,1504.86,1441.16,1324.46,1203.66,1085.31,4.93,9.56,19.22,31.18,45.49,True,True,True,1001.37,N/A (need ~4y hist),above,n/a,68.591,61.289,7.302,above,expanding_pos,True,bearish,above,1611.89,1418.0,1224.1,27.35,Upper Band,Expanding,75.0,354.0,9.0
CEIGALL,Ceigall India Limited,NSE,358.5,351.74,345.42,328.65,308.66,292.56,1.92,3.79,9.08,16.15,22.54,True,True,True,276.78,N/A (need ~4y hist),above,n/a,7.516,7.336,0.18,above,expanding_pos,True,none,above,369.47,346.25,323.03,13.41,Upper Half,Squeezing,75.0,352.0,9.0
YASHO,Yasho Industries Limited,NSE,2470.1,2246.04,2041.32,1796.62,1663.33,1647.9,9.98,21.0,37.49,48.5,49.89,True,True,True,1637.36,N/A (need ~4y hist),above,n/a,206.308,171.883,34.426,above,expanding_pos,True,none,above,2531.08,2011.22,1491.36,51.7,Upper Band,Neutral,75.0,351.0,9.0
GULPOLY,Gulshan Polyols Limited,NSE,201.64,187.63,185.93,178.8,169.4,164.48,7.47,8.45,12.78,19.03,22.59,True,True,True,158.14,N/A (need ~4y hist),above,n/a,2.16,2.018,0.142,above,expanding_pos,True,bearish,above,202.73,187.91,173.1,15.77,Upper Band,Neutral,75.0,353.0,9.0
IDEA,Vodafone Idea Limited,NSE,14.95,14.38,13.49,12.12,11.23,10.33,3.97,10.8,23.33,33.16,44.71,True,True,True,9.67,N/A (need ~4y hist),above,n/a,0.998,0.986,0.011,above,contracting_pos,True,none,above,15.33,13.68,12.02,24.22,Walking Upper,Neutral,75.0,354.0,9.0
ASTRAMICRO,Astra Microwave Products Limited,NSE,1419.5,1341.86,1265.91,1162.77,1087.85,1029.33,5.79,12.13,22.08,30.49,37.91,True,True,True,1022.91,N/A (need ~4y hist),above,n/a,78.242,67.455,10.787,above,expanding_pos,True,none,above,1485.45,1240.85,996.26,39.42,Upper Band,Expanding,75.0,354.0,9.0
GHCLTEXTIL,GHCL Textiles Limited,NSE,98.77,96.65,93.98,88.91,84.53,82.79,2.19,5.1,11.1,16.85,19.3,True,True,True,80.64,N/A (need ~4y hist),above,n/a,3.013,2.92,0.094,above,expanding_pos,True,bearish,above,102.6,93.1,83.6,20.41,Upper Half,Expanding,75.0,353.0,9.0
ASIANENE,Asian Energy Services Limited,NSE,382.1,359.45,344.19,322.54,309.34,307.94,6.3,11.01,18.47,23.52,24.08,True,True,True,309.94,N/A (need ~4y hist),above,n/a,16.059,14.305,1.754,above,expanding_pos,True,none,above,397.84,339.46,281.08,34.4,Upper Band,Expanding,75.0,354.0,9.0
CRAFTSMAN,Craftsman Automation Limited,NSE,9065.0,8912.59,8662.79,8218.26,7832.3,7318.39,1.71,4.64,10.3,15.74,23.87,True,True,True,7170.45,N/A (need ~4y hist),above,n/a,285.098,281.73,3.367,above,contracting_pos,True,bearish,above,9140.36,8729.58,8318.79,9.41,Walking Upper,Squeezing,75.0,352.0,9.0
NEOGEN,Neogen Chemicals Limited,NSE,1903.6,1841.96,1768.11,1638.04,1522.51,1489.38,3.35,7.66,16.21,25.03,27.81,True,True,True,1418.4,N/A (need ~4y hist),above,n/a,79.02,69.86,9.16,above,contracting_pos,True,none,above,1937.29,1754.29,1571.3,20.86,Walking Upper,Squeezing,75.0,354.0,9.0
JNKINDIA,JNK India Limited,NSE,421.3,389.78,374.46,341.97,311.43,309.73,8.09,12.51,23.2,35.28,36.02,True,True,True,284.8,N/A (need ~4y hist),above,n/a,16.688,14.555,2.132,above,expanding_pos,True,bearish,above,422.59,371.55,320.5,27.48,Upper Band,Neutral,75.0,353.0,9.0
AVALON,Avalon Technologies Limited,NSE,1607.9,1529.75,1433.14,1274.96,1152.63,1057.87,5.11,12.19,26.11,39.5,51.99,True,True,True,1007.63,N/A (need ~4y hist),above,n/a,106.735,101.755,4.98,above,expanding_pos,True,bearish,above,1648.75,1440.08,1231.4,28.98,Upper Band,Neutral,75.0,354.0,9.0
ADANIENT,Adani Enterprises Limited,NSE,3048.2,2936.5,2795.11,2553.09,2402.98,2357.63,3.8,9.05,19.39,26.85,29.29,True,True,True,2338.96,N/A (need ~4y hist),above,n/a,160.911,159.934,0.978,above,expanding_pos,True,none,above,3155.95,2794.68,2433.4,25.85,Upper Band,Expanding,75.0,354.0,9.0
SIS,SIS LIMITED,NSE,417.05,409.98,396.13,368.57,349.87,343.25,1.72,5.28,13.15,19.2,21.5,True,True,True,341.95,N/A (need ~4y hist),above,n/a,16.161,16.144,0.017,above,contracting_pos,True,bearish,above,424.21,397.37,370.52,13.51,Walking Upper,Squeezing,75.0,353.0,9.0
CHENNPETRO,Chennai Petroleum Corporation Limited,NSE,1181.4,1125.71,1083.9,1043.15,992.56,914.88,4.95,9.0,13.25,19.03,29.13,True,True,True,874.94,N/A (need ~4y hist),above,n/a,35.075,17.091,17.984,above,contracting_pos,True,none,above,1187.3,1057.64,927.97,24.52,Walking Upper,Expanding,75.0,354.0,9.0
KRN,KRN Heat Exchanger and Refrigeration Limited,NSE,1216.8,1150.84,1144.84,1103.87,1017.58,935.24,5.73,6.29,10.23,19.58,30.11,True,True,True,885.03,N/A (need ~4y hist),above,n/a,3.577,-5.415,8.992,above,expanding_pos,True,none,above,1260.5,1132.54,1004.57,22.6,Upper Band,Squeezing,75.0,354.0,9.0
CPPLUS,Aditya Infotech Limited,NSE,3501.9,3140.43,2825.62,2453.33,2123.85,1808.36,11.51,23.93,42.74,64.88,93.65,True,True,True,N/A,N/A (need ~4y hist),n/a,n/a,294.99,204.158,90.833,above,expanding_pos,True,bearish,above,3497.88,2735.08,1972.28,55.78,Walking Upper,Expanding,44.0,207.0,9.0
AZAD,Azad Engineering Limited,NSE,2207.7,2106.99,2075.85,1974.7,1851.16,1753.03,4.78,6.35,11.8,19.26,25.94,True,True,True,1676.82,N/A (need ~4y hist),above,n/a,35.821,30.035,5.786,above,expanding_pos,True,none,above,2236.54,2072.05,1907.57,15.88,Upper Band,Squeezing,75.0,354.0,9.0
JINDALSAW,Jindal Saw Limited,NSE,250.57,245.54,238.3,225.85,212.27,207.87,2.05,5.15,10.94,18.05,20.54,True,True,True,197.4,N/A (need ~4y hist),above,n/a,7.126,5.249,1.877,above,contracting_pos,True,none,above,259.02,235.24,211.47,20.21,Upper Band,Neutral,75.0,354.0,8.0
ROSSTECH,Rossell Techsys Limited,NSE,1052.2,1037.59,996.48,924.55,842.74,746.2,1.41,5.59,13.81,24.85,41.01,True,True,True,709.97,N/A (need ~4y hist),above,n/a,42.971,36.833,6.137,above,contracting_pos,True,none,above,1134.02,969.66,805.29,33.9,Upper Half,Expanding,75.0,353.0,8.0
SUPRIYA,Supriya Lifescience Limited,NSE,947.95,901.25,826.23,748.33,715.32,707.19,5.18,14.73,26.68,32.52,34.04,True,True,True,705.64,N/A (need ~4y hist),above,n/a,73.118,57.462,15.656,above,contracting_pos,True,none,above,1025.08,799.52,573.96,56.42,Upper Band,Expanding,75.0,353.0,8.0
SANDHAR,Sandhar Technologies Limited,NSE,703.1,685.51,633.07,572.98,543.32,523.31,2.57,11.06,22.71,29.41,34.36,True,True,True,513.11,N/A (need ~4y hist),above,n/a,53.953,47.532,6.421,above,contracting_pos,True,none,above,792.43,616.77,441.1,56.96,Upper Half,Expanding,75.0,354.0,8.0
JAYBARMARU,Jay Bharat Maruti Limited,NSE,127.97,120.55,111.4,102.38,97.61,93.32,6.16,14.87,24.99,31.11,37.13,True,True,True,91.84,N/A (need ~4y hist),above,n/a,8.846,6.908,1.939,above,contracting_pos,True,none,above,139.49,107.44,75.39,59.67,Upper Band,Expanding,75.0,353.0,8.0
IBULLSLTD,Indiabulls Limited,NSE,23.24,22.21,20.7,18.14,16.41,15.88,4.62,12.28,28.13,41.58,46.38,True,True,True,16.15,N/A (need ~4y hist),above,n/a,1.582,1.319,0.263,above,contracting_pos,True,none,above,24.28,20.4,16.53,37.98,Upper Band,Neutral,75.0,354.0,8.0
WSTCSTPAPR,West Coast Paper Mills Limited,NSE,513.25,509.61,500.76,481.99,464.31,461.51,0.71,2.49,6.49,10.54,11.21,True,True,True,461.09,N/A (need ~4y hist),above,n/a,9.643,8.565,1.078,above,contracting_pos,True,none,above,535.34,496.59,457.83,15.61,Upper Half,Neutral,75.0,353.0,8.0
SPECTRUM,Spectrum Electrical Industries Limited,NSE,1769.1,1562.36,1462.63,1381.8,1350.56,1397.11,13.23,20.95,28.03,30.99,26.63,True,False,False,1373.61,N/A (need ~4y hist),above,n/a,89.958,58.961,30.997,above,expanding_pos,True,none,above,1662.12,1461.74,1261.35,27.42,Walking Upper,Neutral,75.0,352.0,8.0
CUMMINSIND,Cummins India Limited,NSE,5784.0,5714.46,5564.09,5288.14,4973.72,4564.03,1.22,3.95,9.38,16.29,26.73,True,True,True,4377.17,N/A (need ~4y hist),above,n/a,166.293,158.082,8.211,above,contracting_pos,True,none,above,6057.35,5522.68,4988.0,19.36,Upper Half,Expanding,75.0,354.0,8.0
OLAELEC,Ola Electric Mobility Limited,NSE,44.88,41.39,39.1,36.31,35.65,39.37,8.44,14.78,23.61,25.88,14.0,True,False,False,40.18,N/A (need ~4y hist),above,n/a,2.179,1.546,0.633,above,expanding_pos,True,none,above,44.21,38.33,32.45,30.68,Walking Upper,Neutral,75.0,354.0,8.0
HIRECT,Hind Rectifiers Limited,NSE,1128.4,1097.47,1035.94,940.0,861.78,800.37,2.82,8.93,20.04,30.94,40.99,True,True,True,794.71,N/A (need ~4y hist),above,n/a,65.075,57.926,7.149,above,contracting_pos,True,none,above,1207.38,1016.82,826.25,37.48,Upper Half,Expanding,75.0,354.0,8.0
CENTUM,Centum Electronics Limited,NSE,3459.9,3418.04,3253.62,3040.18,2844.57,2643.2,1.22,6.34,13.81,21.63,30.9,True,True,True,2599.39,N/A (need ~4y hist),above,n/a,164.704,135.727,28.977,above,contracting_pos,True,none,above,3669.62,3209.79,2749.96,28.65,Upper Half,Expanding,75.0,352.0,8.0
JSWENERGY,JSW Energy Limited,NSE,584.2,581.62,568.43,547.14,528.8,521.64,0.44,2.78,6.77,10.48,11.99,True,True,True,513.41,N/A (need ~4y hist),above,n/a,13.871,12.203,1.668,above,contracting_pos,True,bearish,above,620.54,558.46,496.39,22.23,Upper Half,Expanding,75.0,354.0,8.0
BLUSPRING,Bluspring Enterprises Limited,NSE,93.35,80.5,74.66,68.57,66.25,68.59,15.96,25.04,36.13,40.91,36.1,True,False,False,71.08,N/A (need ~4y hist),above,n/a,5.369,3.529,1.841,above,expanding_pos,True,bearish,above,87.7,73.1,58.51,39.93,Walking Upper,Expanding,52.0,245.0,8.0
524520,KMC Speciality Hospitals (India) Ltd,BSE,114.5,109.95,102.52,94.78,88.67,82.63,4.14,11.68,20.81,29.13,38.56,True,True,True,77.77,N/A (need ~4y hist),above,n/a,6.945,4.903,2.042,above,contracting_pos,True,none,above,119.59,100.61,81.63,37.73,Upper Band,Expanding,75.0,351.0,8.0
VETO,Veto Switchgears And Cables Limited,NSE,143.79,125.78,119.09,112.33,109.48,110.64,14.31,20.74,28.01,31.34,29.96,True,False,True,112.51,N/A (need ~4y hist),above,n/a,6.158,4.088,2.07,above,expanding_pos,True,none,above,134.24,116.83,99.41,29.81,Above Upper,Expanding,75.0,354.0,8.0
GANESHBE,Ganesh Benzoplast Limited,NSE,111.95,100.04,98.16,94.23,90.33,91.23,11.9,14.05,18.81,23.93,22.71,True,False,True,88.18,N/A (need ~4y hist),above,n/a,1.855,1.239,0.616,above,expanding_pos,True,bearish,above,106.4,97.25,88.11,18.81,Above Upper,Neutral,75.0,353.0,8.0
ABB,ABB India Limited,NSE,7167.5,7080.58,6957.81,6756.16,6403.75,6070.53,1.23,3.01,6.09,11.93,18.07,True,True,True,5710.51,N/A (need ~4y hist),above,n/a,109.859,64.653,45.206,above,contracting_pos,True,none,above,7483.74,6770.45,6057.16,21.07,Upper Half,Neutral,75.0,354.0,8.0
UNIVCABLES,Universal Cables Limited,NSE,1227.5,1176.71,1102.71,978.82,888.16,822.03,4.32,11.32,25.41,38.21,49.32,True,True,True,794.73,N/A (need ~4y hist),above,n/a,81.082,75.363,5.719,above,contracting_pos,True,bearish,above,1282.25,1098.21,914.16,33.52,Upper Band,Expanding,75.0,354.0,8.0
PREMEXPLN,Premier Explosives Limited,NSE,685.65,665.98,628.14,572.42,542.21,528.91,2.95,9.16,19.78,26.45,29.63,True,True,True,534.78,N/A (need ~4y hist),above,n/a,41.71,40.396,1.314,above,contracting_pos,True,none,above,772.33,615.01,457.7,51.16,Upper Half,Expanding,75.0,354.0,8.0
SOUTHWEST,South West Pinnacle Exploration Limited,NSE,262.75,260.49,252.69,238.4,221.0,198.82,0.87,3.98,10.22,18.89,32.15,True,True,True,182.06,N/A (need ~4y hist),above,n/a,8.577,8.126,0.451,above,contracting_pos,True,none,above,279.03,250.55,222.08,22.73,Upper Half,Neutral,75.0,354.0,8.0
ZENTEC,Zen Technologies Limited,NSE,1815.3,1709.22,1658.36,1590.29,1526.66,1530.98,6.21,9.46,14.15,18.91,18.57,True,False,True,1491.99,N/A (need ~4y hist),above,n/a,46.39,28.686,17.704,above,expanding_pos,True,bearish,above,1783.63,1635.77,1487.91,18.08,Above Upper,Expanding,75.0,354.0,8.0
FOCUS,Focus Lighting and Fixtures Limited,NSE,92.81,87.85,84.82,80.02,77.6,81.1,5.65,9.42,15.98,19.6,14.44,True,False,False,82.38,N/A (need ~4y hist),above,n/a,3.064,2.37,0.694,above,expanding_pos,True,none,above,92.12,84.76,77.4,17.36,Walking Upper,Neutral,75.0,352.0,8.0
SOTL,Savita Oil Technologies Limited,NSE,560.5,486.09,447.69,410.02,390.57,391.16,15.31,25.2,36.7,43.51,43.29,True,False,True,387.59,N/A (need ~4y hist),above,n/a,34.606,21.468,13.137,above,expanding_pos,True,none,above,532.62,440.62,348.62,41.76,Walking Upper,Expanding,75.0,354.0,8.0
DIVGIITTS,Divgi Torqtransfer Systems Limited,NSE,780.7,779.29,754.56,727.79,700.55,668.04,0.18,3.46,7.27,11.44,16.86,True,True,True,660.13,N/A (need ~4y hist),above,n/a,23.453,17.608,5.845,above,contracting_pos,True,none,above,846.33,737.09,627.85,29.64,Upper Half,Expanding,75.0,352.0,8.0
STEELXIND,STEEL EXCHANGE INDIA LIMITED,NSE,12.34,11.99,11.31,10.31,9.63,9.35,2.93,9.11,19.68,28.2,32.04,True,True,True,9.41,N/A (need ~4y hist),above,n/a,0.709,0.617,0.092,above,contracting_pos,True,none,above,13.14,11.11,9.08,36.55,Upper Band,Expanding,75.0,354.0,8.0
SAREGAMA,Saregama India Limited,NSE,476.2,444.33,415.43,383.72,374.26,392.57,7.17,14.63,24.1,27.24,21.3,True,False,False,406.93,N/A (need ~4y hist),above,n/a,28.512,22.824,5.689,above,expanding_pos,True,none,above,487.62,409.0,330.38,38.44,Walking Upper,Expanding,75.0,353.0,8.0
ATGL,Adani Total Gas Limited,NSE,762.25,735.05,698.45,646.63,613.72,606.86,3.7,9.13,17.88,24.2,25.61,True,True,True,601.32,N/A (need ~4y hist),above,n/a,38.428,34.278,4.149,above,contracting_pos,True,none,above,825.27,682.03,538.79,42.0,Upper Half,Expanding,75.0,354.0,8.0
SAMMAANCAP,Sammaan Capital Limited,NSE,184.28,175.76,165.52,156.4,152.15,148.93,4.85,11.34,17.83,21.12,23.73,True,True,True,147.82,N/A (need ~4y hist),above,n/a,9.61,7.061,2.549,above,contracting_pos,True,none,above,194.31,160.36,126.4,42.35,Upper Band,Expanding,75.0,354.0,8.0
HCC,Hindustan Construction Company Limited,NSE,24.02,23.18,22.43,21.06,20.6,22.18,3.62,7.09,14.05,16.59,8.3,True,False,False,22.83,N/A (need ~4y hist),above,n/a,0.818,0.722,0.096,above,expanding_pos,True,none,above,24.34,22.24,20.13,18.96,Walking Upper,Squeezing,75.0,354.0,8.0
NETWEB,Netweb Technologies India Limited,NSE,4666.0,4533.36,4277.14,3976.83,3708.29,3379.15,2.93,9.09,17.33,25.83,38.08,True,True,True,3230.44,N/A (need ~4y hist),above,n/a,238.273,161.183,77.09,above,contracting_pos,True,none,above,4950.01,4163.45,3376.89,37.78,Upper Band,Expanding,75.0,354.0,8.0
STLTECH,Sterlite Technologies Limited,NSE,619.25,570.14,492.39,383.84,293.02,218.68,8.61,25.76,61.33,111.33,183.18,True,True,True,171.07,N/A (need ~4y hist),above,n/a,79.516,66.908,12.607,above,contracting_pos,True,none,above,651.23,484.11,317.0,69.04,Upper Band,Expanding,75.0,354.0,8.0
SASKEN,Sasken Technologies Limited,NSE,2181.2,2145.72,1952.02,1670.96,1507.11,1465.15,1.65,11.74,30.54,44.73,48.87,True,True,True,1399.33,N/A (need ~4y hist),above,n/a,212.228,203.962,8.266,above,contracting_pos,True,none,above,2413.04,1962.09,1511.14,45.97,Upper Half,Neutral,75.0,353.0,8.0
FCL,Fineotex Chemical Limited,NSE,40.73,39.88,35.75,30.44,27.45,26.29,2.14,13.94,33.82,48.38,54.91,True,True,True,25.26,N/A (need ~4y hist),above,n/a,4.365,3.992,0.373,above,contracting_pos,True,none,above,46.88,35.03,23.17,67.69,Upper Half,Neutral,75.0,354.0,8.0
KIRLOSENG,Kirloskar Oil Engines Limited,NSE,1913.3,1866.55,1788.04,1665.98,1517.04,1333.71,2.5,7.01,14.85,26.12,43.46,True,True,True,1199.82,N/A (need ~4y hist),above,n/a,79.634,65.195,14.439,above,contracting_pos,True,none,above,1996.56,1754.82,1513.07,27.55,Upper Band,Expanding,75.0,353.0,8.0
SPORTKING,Sportking India Limited,NSE,180.38,177.96,167.88,151.32,134.95,121.41,1.36,7.44,19.2,33.66,48.57,True,True,True,113.12,N/A (need ~4y hist),above,n/a,10.789,9.848,0.941,above,contracting_pos,True,none,above,196.44,164.98,133.52,38.14,Upper Half,Expanding,75.0,353.0,8.0
INDSWFTLAB,Ind-Swift Laboratories Limited,NSE,158.0,152.13,145.72,140.59,133.09,122.71,3.86,8.43,12.38,18.72,28.76,True,True,True,115.35,N/A (need ~4y hist),above,n/a,5.339,2.723,2.616,above,contracting_pos,True,none,above,164.11,142.05,120.0,31.05,Upper Band,Expanding,75.0,353.0,8.0
RAIN,Rain Industries Limited,NSE,197.09,188.23,172.76,154.48,144.87,141.55,4.71,14.09,27.58,36.05,39.24,True,True,True,137.99,N/A (need ~4y hist),above,n/a,15.766,13.439,2.327,above,contracting_pos,True,none,above,206.21,172.01,137.82,39.75,Upper Band,Neutral,75.0,354.0,8.0
THERMAX,Thermax Limited,NSE,4832.1,4782.55,4600.83,4217.82,3836.88,3590.44,1.04,5.03,14.56,25.94,34.58,True,True,True,3394.42,N/A (need ~4y hist),above,n/a,208.675,204.977,3.698,above,contracting_pos,True,none,above,5023.05,4620.89,4218.72,17.41,Upper Half,Squeezing,75.0,353.0,8.0
BLISSGVS,Bliss GVS Pharma Limited,NSE,438.35,411.9,363.5,307.84,263.05,222.89,6.42,20.59,42.39,66.64,96.66,True,True,True,195.99,N/A (need ~4y hist),above,n/a,47.104,36.721,10.382,above,contracting_pos,True,bearish,above,482.59,346.85,211.12,78.27,Upper Band,Expanding,75.0,354.0,8.0
GVPIL,GE Power India Limited,NSE,884.1,843.72,770.0,654.65,551.88,462.56,4.79,14.82,35.05,60.2,91.13,True,True,True,404.69,N/A (need ~4y hist),above,n/a,78.713,71.212,7.501,above,contracting_pos,True,none,above,938.19,762.82,587.46,45.98,Upper Band,Expanding,75.0,354.0,8.0
SALSTEEL,S.A.L. Steel Limited,NSE,60.77,60.27,58.75,54.77,49.57,42.38,0.83,3.43,10.95,22.6,43.41,True,True,True,37.47,N/A (need ~4y hist),above,n/a,1.803,1.766,0.037,above,contracting_pos,True,bearish,above,63.64,59.17,54.69,15.13,Upper Half,Squeezing,75.0,352.0,8.0
HFCL,HFCL Limited,NSE,187.23,182.19,163.82,134.31,110.71,95.9,2.76,14.29,39.4,69.12,95.23,True,True,True,83.24,N/A (need ~4y hist),above,n/a,19.808,18.108,1.7,above,contracting_pos,True,none,above,203.19,163.24,123.28,48.95,Upper Band,Expanding,75.0,354.0,8.0
BIRLACABLE,Birla Cable Limited,NSE,223.9,207.54,188.16,168.06,156.72,155.19,7.88,18.99,33.22,42.86,44.28,True,True,True,153.09,N/A (need ~4y hist),above,n/a,17.996,12.347,5.649,above,contracting_pos,True,none,above,232.66,183.14,133.63,54.07,Upper Band,Expanding,75.0,353.0,8.0
SIGMAADV,SIGMA ADVANCED SYSTEMS LIMITED,NSE,435.8,417.29,372.97,305.04,253.47,207.89,4.44,16.85,42.87,71.93,109.63,True,True,True,186.78,N/A (need ~4y hist),above,n/a,47.607,43.472,4.135,above,contracting_pos,True,none,above,471.86,369.21,266.55,55.61,Upper Band,Expanding,75.0,353.0,8.0
SANSERA,Sansera Engineering Limited,NSE,2945.1,2879.96,2753.98,2549.85,2315.83,2029.78,2.26,6.94,15.5,27.17,45.09,True,True,True,1820.17,N/A (need ~4y hist),above,n/a,135.235,124.573,10.662,above,contracting_pos,True,none,above,3187.04,2704.8,2222.55,35.66,Upper Half,Expanding,75.0,354.0,8.0
KERNEX,Kernex Microsystems (India) Limited,NSE,1836.1,1732.92,1582.06,1406.62,1294.7,1226.38,5.95,16.06,30.53,41.82,49.72,True,True,True,1188.18,N/A (need ~4y hist),above,n/a,145.207,107.788,37.419,above,contracting_pos,True,none,above,1929.61,1536.37,1143.14,51.19,Upper Band,Expanding,75.0,354.0,8.0
GAYAPROJ,Gayatri Projects Limited,NSE,20.53,19.69,18.93,17.66,15.89,13.72,4.25,8.47,16.27,29.19,49.68,True,True,True,12.31,N/A (need ~4y hist),above,n/a,0.717,0.463,0.255,above,contracting_pos,True,none,above,21.19,18.61,16.02,27.76,Upper Band,Expanding,75.0,354.0,8.0
APOLLO,Apollo Micro Systems Limited,NSE,421.35,408.23,376.06,325.42,291.12,261.89,3.21,12.04,29.48,44.73,60.89,True,True,True,259.18,N/A (need ~4y hist),above,n/a,35.55,34.216,1.334,above,contracting_pos,True,none,above,468.52,369.67,270.81,53.48,Upper Half,Expanding,75.0,354.0,8.0
543787,Macfos Ltd,BSE,1230.85,1182.28,1115.8,1009.94,919.52,858.21,4.11,10.31,21.87,33.86,43.42,True,True,True,778.71,N/A (need ~4y hist),above,n/a,72.352,67.514,4.838,above,contracting_pos,True,none,above,1276.13,1119.61,963.08,27.96,Upper Band,Neutral,75.0,353.0,8.0
NINSYS,NINtec Systems Limited,NSE,724.15,701.03,649.08,557.16,488.15,455.82,3.3,11.56,29.97,48.35,58.87,True,True,True,432.46,N/A (need ~4y hist),above,n/a,58.39,56.784,1.606,above,contracting_pos,True,none,above,766.55,647.6,528.65,36.74,Upper Band,Expanding,75.0,353.0,8.0
BALAMINES,Balaji Amines Limited,NSE,2043.3,1951.58,1791.25,1547.11,1394.77,1358.12,4.7,14.07,32.07,46.5,50.45,True,True,True,1357.96,N/A (need ~4y hist),above,n/a,173.348,160.013,13.335,above,contracting_pos,True,none,above,2213.69,1782.31,1350.92,48.41,Upper Band,Expanding,75.0,354.0,8.0
IOLCP,IOL Chemicals and Pharmaceuticals Limited,NSE,131.68,129.47,120.78,106.08,96.13,90.93,1.71,9.03,24.14,36.98,44.82,True,True,True,91.08,N/A (need ~4y hist),above,n/a,9.842,9.778,0.064,above,contracting_pos,True,none,above,142.73,121.1,99.47,35.72,Upper Half,Neutral,75.0,354.0,8.0
SKYGOLD,SKY GOLD AND DIAMONDS LIMITED,NSE,528.45,528.14,498.9,454.16,412.69,379.75,0.06,5.92,16.36,28.05,39.16,True,True,True,347.93,N/A (need ~4y hist),above,n/a,29.879,24.622,5.257,above,contracting_pos,True,none,above,571.69,490.52,409.34,33.1,Upper Half,Expanding,75.0,354.0,8.0
HONASA,Honasa Consumer Limited,NSE,416.1,404.79,386.61,358.25,333.07,310.57,2.79,7.63,16.15,24.93,33.98,True,True,True,300.78,N/A (need ~4y hist),above,n/a,19.379,17.576,1.803,above,contracting_pos,True,none,above,437.5,381.91,326.31,29.11,Upper Band,Expanding,75.0,353.0,8.0
DJML,DJ Mediaprint & Logistics Limited,NSE,111.29,104.8,100.97,95.28,90.96,93.59,6.19,10.22,16.81,22.35,18.91,True,False,True,90.67,N/A (need ~4y hist),above,n/a,3.98,3.434,0.547,above,expanding_pos,True,none,above,110.46,100.07,89.68,20.76,Above Upper,Expanding,75.0,353.0,8.0
PANACEABIO,Panacea Biotec Limited,NSE,540.2,458.64,426.72,394.57,380.97,385.41,17.78,26.59,36.91,41.8,40.16,True,False,True,389.57,N/A (need ~4y hist),above,n/a,29.25,19.018,10.231,above,expanding_pos,True,none,above,501.63,419.83,338.04,38.96,Above Upper,Expanding,75.0,354.0,8.0
TIPSMUSIC,Tips Music Limited,NSE,690.95,669.08,657.09,625.69,596.56,587.84,3.27,5.15,10.43,15.82,17.54,True,True,True,572.46,N/A (need ~4y hist),above,n/a,14.762,15.294,-0.533,below,contracting_neg,True,bearish,above,687.33,658.01,628.7,8.91,Above Upper,Squeezing,75.0,354.0,7.0
NGLFINE,NGL Fine-Chem Limited,NSE,2742.6,2665.9,2575.29,2417.91,2209.1,1948.49,2.88,6.5,13.43,24.15,40.76,True,True,True,1731.82,N/A (need ~4y hist),above,n/a,101.849,102.231,-0.382,below,contracting_neg,True,none,above,2988.61,2533.24,2077.86,35.95,Upper Half,Expanding,75.0,354.0,7.0
POWERINDIA,Hitachi Energy India Limited,NSE,36870.0,36208.77,35140.64,32180.08,28538.7,24686.79,1.83,4.92,14.57,29.19,49.35,True,True,True,22622.0,N/A (need ~4y hist),above,n/a,1370.824,1533.876,-163.052,below,contracting_neg,True,none,above,39030.51,35039.5,31048.49,22.78,Upper Half,Expanding,75.0,354.0,7.0
GRANULES,Granules India Limited,NSE,789.85,780.22,759.89,714.18,665.61,618.69,1.23,3.94,10.6,18.67,27.67,True,True,True,577.77,N/A (need ~4y hist),above,n/a,24.196,24.861,-0.664,below,expanding_neg,True,bearish,above,804.37,762.13,719.9,11.08,Walking Upper,Squeezing,75.0,353.0,7.0
QUADFUTURE,Quadrant Future Tek Limited,NSE,337.45,315.87,308.04,305.15,309.97,335.25,6.83,9.55,10.58,8.87,0.66,True,False,False,347.27,N/A (need ~4y hist),below,n/a,5.43,0.483,4.947,above,expanding_pos,True,none,above,333.48,301.14,268.8,21.48,Walking Upper,Expanding,73.0,346.0,7.0
PREMIERPOL,Premier Polyfilm Limited,NSE,55.82,55.55,55.34,55.17,53.8,53.26,0.49,0.86,1.17,3.75,4.8,True,True,True,49.98,N/A (need ~4y hist),above,n/a,0.109,-0.043,0.151,above,contracting_pos,True,none,below,58.41,55.0,51.59,12.39,Upper Half,Squeezing,75.0,353.0,7.0
SAILIFE,Sai Life Sciences Limited,NSE,1186.4,1150.08,1126.93,1076.65,1019.88,953.14,3.16,5.28,10.19,16.33,24.47,True,True,True,919.65,N/A (need ~4y hist),above,n/a,27.242,27.689,-0.447,below,contracting_neg,True,none,above,1184.56,1131.33,1078.1,9.41,Above Upper,Squeezing,75.0,354.0,7.0
ADANIGREEN,Adani Green Energy Limited,NSE,1525.7,1452.66,1401.71,1274.48,1161.71,1084.77,5.03,8.85,19.71,31.33,40.65,True,True,True,1034.95,N/A (need ~4y hist),above,n/a,64.129,69.797,-5.668,below,contracting_neg,True,bearish,above,1523.12,1414.17,1305.21,15.41,Above Upper,Squeezing,75.0,354.0,7.0
UFBL,United Foodbrands Limited,NSE,506.0,475.49,439.15,373.14,318.6,290.58,6.42,15.22,35.61,58.82,74.14,True,True,True,260.05,N/A (need ~4y hist),above,n/a,41.833,42.448,-0.615,below,contracting_neg,True,none,above,558.01,434.51,311.02,56.84,Upper Half,Expanding,75.0,352.0,7.0
ADFFOODS,ADF Foods Limited,NSE,282.8,278.24,270.46,250.21,233.48,228.66,1.64,4.56,13.02,21.13,23.68,True,True,True,223.27,N/A (need ~4y hist),above,n/a,9.739,10.295,-0.556,below,contracting_neg,True,bearish,above,288.44,272.68,256.91,11.56,Walking Upper,Squeezing,75.0,354.0,7.0
TDPOWERSYS,TD Power Systems Limited,NSE,1312.8,1294.33,1258.7,1145.69,1011.12,857.42,1.43,4.3,14.59,29.84,53.11,True,True,True,760.93,N/A (need ~4y hist),above,n/a,49.7,59.876,-10.176,below,contracting_neg,True,bearish,above,1393.28,1273.52,1153.75,18.81,Upper Half,Squeezing,75.0,354.0,6.0
NELCAST,Nelcast Limited,NSE,140.74,139.59,139.44,135.19,129.01,125.28,0.82,0.93,4.1,9.09,12.34,True,True,True,127.96,N/A (need ~4y hist),above,n/a,0.611,0.933,-0.322,below,contracting_neg,True,none,above,149.91,140.37,130.82,13.61,Upper Half,Squeezing,75.0,353.0,6.0
SCPL,Sheetal Cool Products Limited,NSE,466.3,447.18,431.25,395.99,360.14,330.33,4.28,8.13,17.76,29.48,41.16,True,True,True,300.5,N/A (need ~4y hist),above,n/a,18.877,19.012,-0.135,below,contracting_neg,True,none,above,475.72,438.39,401.07,17.03,Upper Band,Squeezing,75.0,352.0,6.0
NARMADA,Narmada Agrobase Limited,NSE,37.72,36.83,36.38,35.05,32.66,29.19,2.42,3.67,7.63,15.49,29.24,True,True,True,26.93,N/A (need ~4y hist),above,n/a,0.558,0.598,-0.04,below,contracting_neg,True,none,above,38.13,36.51,34.89,8.86,Upper Band,Squeezing,75.0,352.0,6.0
BBOX,Black Box Limited,NSE,1072.9,1030.79,943.08,792.78,683.91,611.19,4.09,13.77,35.33,56.88,75.54,True,True,True,559.73,N/A (need ~4y hist),above,n/a,100.356,100.924,-0.567,below,expanding_neg,True,none,above,1126.86,958.57,790.28,35.11,Upper Band,Neutral,75.0,354.0,6.0
POLYCAB,Polycab India Limited,NSE,9699.0,9558.06,9279.51,8723.22,8250.14,7786.83,1.47,4.52,11.19,17.56,24.56,True,True,True,7572.38,N/A (need ~4y hist),above,n/a,334.17,353.353,-19.184,below,expanding_neg,True,none,above,9852.38,9356.58,8860.77,10.6,Upper Band,Squeezing,75.0,354.0,6.0
500449,Hindustan Organic Chemicals Ltd,BSE,40.67,41.06,38.68,35.14,33.25,33.13,-0.95,5.15,15.75,22.33,22.75,False,True,True,33.18,N/A (need ~4y hist),above,n/a,2.639,2.577,0.062,above,contracting_pos,True,none,above,46.45,38.11,29.78,43.74,Upper Half,Expanding,75.0,351.0,6.0
FINCABLES,Finolex Cables Limited,NSE,1057.5,1048.83,1048.36,998.37,936.07,901.9,0.83,0.87,5.92,12.97,17.25,True,True,True,857.77,N/A (need ~4y hist),above,n/a,11.115,23.984,-12.87,below,contracting_neg,True,bullish,above,1171.89,1065.6,959.31,19.95,Lower Half,Neutral,75.0,354.0,6.0
NDLVENTURE,NDL Ventures Limited,NSE,129.73,130.2,127.73,122.72,114.82,104.8,-0.36,1.57,5.71,12.98,23.79,False,True,True,96.27,N/A (need ~4y hist),above,n/a,2.755,2.685,0.07,above,contracting_pos,True,none,above,137.24,126.88,116.51,16.34,Upper Half,Expanding,75.0,351.0,6.0
NRBBEARING,NRB Bearing Limited,NSE,385.65,369.61,354.74,323.23,301.0,287.23,4.34,8.71,19.31,28.12,34.26,True,True,True,283.3,N/A (need ~4y hist),above,n/a,18.798,21.225,-2.427,below,contracting_neg,True,none,above,397.09,361.55,326.0,19.66,Upper Band,Squeezing,75.0,353.0,6.0
AEROFLEX,Aeroflex Industries Limited,NSE,419.75,414.85,392.81,345.18,295.66,252.86,1.18,6.86,21.6,41.97,66.0,True,True,True,222.8,N/A (need ~4y hist),above,n/a,25.936,26.394,-0.459,below,expanding_neg,True,none,above,441.3,396.02,350.75,22.87,Upper Half,Squeezing,75.0,354.0,6.0
WELCORP,Welspun Corp Limited,NSE,1388.8,1376.83,1331.55,1206.24,1075.84,975.03,0.87,4.3,15.13,29.09,42.44,True,True,True,915.82,N/A (need ~4y hist),above,n/a,57.189,61.494,-4.306,below,expanding_neg,True,none,above,1425.67,1344.49,1263.31,12.08,Upper Half,Squeezing,75.0,354.0,6.0
LLOYDSENGG,LLOYDS ENGINEERING WORKS LIMITED,NSE,72.69,72.35,69.82,63.07,58.55,58.12,0.47,4.12,15.25,24.16,25.07,True,True,True,58.69,N/A (need ~4y hist),above,n/a,3.519,4.325,-0.806,below,expanding_neg,True,none,above,78.21,71.44,64.67,18.95,Upper Half,Squeezing,75.0,354.0,6.0
GOCLCORP,GOCL Corporation Limited,NSE,410.85,391.28,361.98,329.38,312.0,312.84,5.0,13.5,24.73,31.68,31.33,True,False,True,320.39,N/A (need ~4y hist),above,n/a,27.871,20.385,7.487,above,contracting_pos,True,none,above,438.76,347.29,255.81,52.68,Upper Band,Expanding,75.0,353.0,6.0
AGIIL,Agi Infra Limited,NSE,377.2,376.3,374.64,359.25,332.05,295.65,0.24,0.68,5.0,13.6,27.58,True,True,True,278.5,N/A (need ~4y hist),above,n/a,3.127,3.929,-0.802,below,contracting_neg,True,none,above,405.58,377.68,349.77,14.78,Lower Half,Squeezing,75.0,354.0,6.0
VINDHYATEL,Vindhya Telelinks Limited,NSE,1993.3,2055.66,1885.96,1629.56,1478.94,1445.4,-3.03,5.69,22.32,34.78,37.91,False,True,True,1422.66,N/A (need ~4y hist),above,n/a,186.07,177.851,8.22,above,contracting_pos,True,none,above,2356.95,1865.58,1374.21,52.68,Upper Half,Expanding,75.0,354.0,6.0
MBAPL,Madhya Bharat Agro Products Limited,NSE,546.8,541.62,538.51,522.93,495.12,454.81,0.96,1.54,4.57,10.44,20.23,True,True,True,446.37,N/A (need ~4y hist),above,n/a,4.161,4.194,-0.033,below,contracting_neg,True,none,above,556.07,538.35,520.64,6.58,Upper Half,Squeezing,75.0,352.0,6.0
BHARATFORG,Bharat Forge Limited,NSE,1929.8,1927.95,1916.61,1866.11,1763.46,1611.29,0.1,0.69,3.41,9.43,19.77,True,True,True,1486.17,N/A (need ~4y hist),above,n/a,16.226,19.217,-2.992,below,expanding_neg,True,none,above,1978.96,1922.67,1866.38,5.85,Upper Half,Squeezing,75.0,353.0,6.0
526775,Valiant Communications Ltd,BSE,1239.3,1207.01,1155.32,1077.57,999.34,876.75,2.68,7.27,15.01,24.01,41.35,True,True,True,826.95,N/A (need ~4y hist),above,n/a,57.955,58.367,-0.413,below,contracting_neg,True,none,above,1289.42,1164.87,1040.32,21.38,Upper Half,Neutral,75.0,352.0,6.0
PARACABLES,Paramount Communications Limited,NSE,67.32,65.17,60.2,51.49,45.96,45.73,3.3,11.83,30.74,46.48,47.21,True,True,True,43.93,N/A (need ~4y hist),above,n/a,5.755,5.877,-0.122,below,expanding_neg,True,none,above,71.77,61.47,51.16,33.53,Upper Half,Neutral,75.0,354.0,6.0
KINGFA,Kingfa Science & Technology (India) Limited,NSE,5367.0,5352.33,5252.16,4966.16,4690.21,4388.13,0.27,2.19,8.07,14.43,22.31,True,True,True,4297.14,N/A (need ~4y hist),above,n/a,138.272,166.993,-28.721,below,expanding_neg,True,bearish,above,5556.44,5309.69,5062.95,9.29,Upper Half,Squeezing,75.0,352.0,6.0
TIRUPATIFL,Tirupati Forge Limited,NSE,44.11,44.49,43.85,42.94,41.38,40.71,-0.86,0.6,2.72,6.59,8.35,False,True,True,39.22,N/A (need ~4y hist),above,n/a,0.561,0.319,0.242,above,contracting_pos,True,none,above,47.19,42.98,38.77,19.6,Upper Half,Expanding,75.0,352.0,6.0
AYMSYNTEX,AYM Syntex Limited,NSE,222.74,222.45,221.78,214.3,203.49,199.33,0.13,0.43,3.94,9.46,11.74,True,True,True,191.15,N/A (need ~4y hist),above,n/a,1.416,1.82,-0.404,below,contracting_neg,True,none,above,237.21,222.69,208.17,13.04,Upper Half,Squeezing,75.0,353.0,6.0
DIACABS,Diamond Power Infrastructure Limited,NSE,203.6,194.51,188.32,172.25,158.83,149.08,4.67,8.12,18.2,28.19,36.57,True,True,True,148.13,N/A (need ~4y hist),above,n/a,8.222,9.575,-1.353,below,contracting_neg,True,none,above,209.76,191.43,173.09,19.15,Upper Band,Squeezing,75.0,354.0,6.0
ONELIFECAP,Onelife Capital Advisors Limited,NSE,26.59,26.48,24.47,21.12,18.65,16.71,0.43,8.67,25.91,42.57,59.13,True,True,True,15.38,N/A (need ~4y hist),above,n/a,2.333,2.436,-0.103,below,expanding_neg,True,none,above,31.03,24.34,17.65,55.0,Upper Half,Neutral,75.0,353.0,6.0
VIYASH,Viyash Scientific Limited,NSE,255.25,250.45,241.89,227.33,217.58,208.32,1.92,5.52,12.28,17.31,22.53,True,True,True,203.58,N/A (need ~4y hist),above,n/a,10.104,10.737,-0.634,below,contracting_neg,True,none,above,270.39,242.68,214.96,22.84,Upper Half,Neutral,75.0,354.0,6.0
538668,Meghna Infracon Infrastructure Ltd,BSE,790.85,776.38,758.4,708.12,656.84,603.51,1.86,4.28,11.68,20.4,31.04,True,True,True,589.76,N/A (need ~4y hist),above,n/a,23.574,26.67,-3.096,below,contracting_neg,True,bearish,above,813.33,758.08,702.83,14.58,Upper Half,Squeezing,75.0,352.0,6.0
MAYURUNIQ,Mayur Uniquoters Ltd,NSE,733.65,732.46,695.67,635.65,591.84,564.64,0.16,5.46,15.42,23.96,29.93,True,True,True,544.69,N/A (need ~4y hist),above,n/a,42.266,43.634,-1.369,below,expanding_neg,True,none,above,819.84,691.92,563.99,36.98,Upper Half,Neutral,75.0,352.0,6.0
KEI,KEI Industries Limited,NSE,5335.5,5276.1,5190.8,4971.17,4735.65,4476.13,1.13,2.79,7.33,12.67,19.2,True,True,True,4296.21,N/A (need ~4y hist),above,n/a,111.115,126.973,-15.858,below,contracting_neg,True,none,above,5470.42,5206.13,4941.83,10.15,Upper Half,Squeezing,75.0,354.0,6.0
ARVIND,Arvind Limited,NSE,493.7,487.91,470.11,433.18,398.72,373.21,1.19,5.02,13.97,23.82,32.28,True,True,True,345.26,N/A (need ~4y hist),above,n/a,21.485,22.961,-1.476,below,expanding_neg,True,none,above,515.57,475.43,435.29,16.89,Upper Half,Neutral,75.0,354.0,6.0
SPARC,Sun Pharma Advanced Research Company Limited,NSE,212.82,208.54,195.42,172.28,156.59,150.21,2.05,8.91,23.53,35.91,41.68,True,True,True,143.43,N/A (need ~4y hist),above,n/a,15.48,16.387,-0.907,below,expanding_neg,True,none,above,243.23,195.57,147.9,48.74,Upper Half,Neutral,75.0,354.0,6.0
GLAND,Gland Pharma Limited,NSE,2273.0,2252.03,2163.87,2003.11,1903.05,1845.65,0.93,5.04,13.47,19.44,23.15,True,True,True,1854.37,N/A (need ~4y hist),above,n/a,108.438,121.612,-13.174,below,expanding_neg,True,none,above,2527.81,2175.42,1823.02,32.4,Upper Half,Neutral,75.0,353.0,6.0
SKIPPER,Skipper Limited,NSE,556.6,543.7,510.73,467.16,444.17,447.35,2.37,8.98,19.15,25.31,24.42,True,False,True,457.84,N/A (need ~4y hist),above,n/a,33.004,26.485,6.519,above,contracting_pos,True,none,above,591.75,497.27,402.79,38.0,Upper Band,Expanding,75.0,353.0,6.0
SANSTAR,Sanstar Limited,NSE,117.96,114.86,109.42,100.59,95.52,94.4,2.7,7.81,17.27,23.49,24.95,True,True,True,92.25,N/A (need ~4y hist),above,n/a,6.242,6.342,-0.1,below,expanding_neg,True,none,above,124.72,110.25,95.79,26.24,Upper Half,Neutral,75.0,354.0,6.0
GRWRHITECH,Garware Hi-Tech Films Limited,NSE,5893.0,5790.66,5504.0,4922.92,4431.43,4101.76,1.77,7.07,19.71,32.98,43.67,True,True,True,3729.23,N/A (need ~4y hist),above,n/a,349.774,379.981,-30.207,below,expanding_neg,True,bearish,above,6144.75,5595.33,5045.91,19.64,Upper Half,Squeezing,75.0,354.0,6.0
KDDL,KDDL Limited,NSE,2904.7,2793.65,2662.33,2520.94,2457.52,2480.46,3.98,9.1,15.22,18.2,17.1,True,False,True,2476.95,N/A (need ~4y hist),above,n/a,128.84,102.683,26.157,above,contracting_pos,True,none,above,3118.99,2599.98,2080.96,39.92,Upper Half,Expanding,75.0,352.0,6.0
AEROENTER,Aeroflex Enterprises Limited,NSE,100.83,98.62,97.76,93.01,88.79,87.92,2.24,3.14,8.41,13.56,14.68,True,True,True,87.86,N/A (need ~4y hist),above,n/a,1.497,1.952,-0.454,below,contracting_neg,True,none,above,104.36,99.32,94.28,10.15,Upper Half,Squeezing,75.0,353.0,6.0
NIBE,NIBE Limited,NSE,1590.4,1474.78,1343.86,1201.31,1148.48,1182.7,7.84,18.35,32.39,38.48,34.47,True,False,True,1214.37,N/A (need ~4y hist),above,n/a,131.169,109.652,21.517,above,contracting_pos,True,none,above,1724.02,1294.87,865.72,66.28,Upper Band,Expanding,70.0,327.0,6.0
KRISHNADEF,Krishna Defence And Allied Industries Limited,NSE,1164.9,1146.44,1130.3,1083.99,1023.33,949.1,1.61,3.06,7.46,13.83,22.74,True,True,True,900.87,N/A (need ~4y hist),above,n/a,20.792,22.609,-1.817,below,contracting_neg,True,none,above,1231.5,1145.26,1059.01,15.06,Upper Half,Squeezing,75.0,353.0,6.0
ATALREAL,Atal Realtech Limited,NSE,30.43,29.7,28.97,27.51,26.23,24.26,2.47,5.04,10.6,16.02,25.41,True,True,True,23.77,N/A (need ~4y hist),above,n/a,0.867,0.9,-0.033,below,contracting_neg,True,bearish,above,30.66,29.17,27.67,10.23,Upper Band,Squeezing,75.0,352.0,6.0
WOCKPHARMA,Wockhardt Limited,NSE,1920.9,1930.08,1784.79,1608.51,1505.74,1460.47,-0.48,7.63,19.42,27.57,31.53,False,True,True,1448.33,N/A (need ~4y hist),above,n/a,146.366,121.672,24.694,above,contracting_pos,True,none,above,2153.47,1746.55,1339.63,46.6,Upper Half,Expanding,75.0,354.0,6.0
ZIMLAB,Zim Laboratories Limited,NSE,105.12,104.23,100.61,91.82,84.69,82.74,0.86,4.48,14.48,24.12,27.05,True,True,True,80.26,N/A (need ~4y hist),above,n/a,4.53,4.896,-0.366,below,expanding_neg,True,bearish,above,108.96,102.54,96.12,12.52,Upper Half,Squeezing,75.0,353.0,6.0
MWL,Mangalam Worldwide Limited,NSE,378.8,377.34,365.2,335.22,306.14,271.91,0.39,3.72,13.0,23.74,39.31,True,True,True,252.72,N/A (need ~4y hist),above,n/a,15.841,18.226,-2.384,below,expanding_neg,True,bearish,above,392.95,369.24,345.53,12.84,Upper Half,Squeezing,75.0,352.0,6.0
APOLLOPIPE,Apollo Pipes Limited,NSE,497.85,495.0,492.73,464.37,424.36,397.51,0.58,1.04,7.21,17.32,25.24,True,True,True,375.66,N/A (need ~4y hist),above,n/a,7.273,13.005,-5.732,below,contracting_neg,True,none,above,541.01,501.36,461.7,15.82,Lower Half,Squeezing,75.0,354.0,6.0
SONAMLTD,SONAM LIMITED,NSE,55.72,56.79,55.47,53.47,50.98,49.33,-1.88,0.45,4.21,9.3,12.95,False,True,True,47.15,N/A (need ~4y hist),above,n/a,1.39,1.294,0.097,above,contracting_pos,True,none,above,61.37,54.86,48.35,23.74,Upper Half,Expanding,75.0,352.0,6.0
NAM-INDIA,Nippon Life India Asset Management Limited,NSE,1113.1,1099.54,1082.06,1031.11,976.39,914.43,1.23,2.87,7.95,14.0,21.73,True,True,True,890.04,N/A (need ~4y hist),above,n/a,23.063,25.943,-2.88,below,contracting_neg,True,none,above,1125.98,1088.01,1050.04,6.98,Upper Band,Squeezing,75.0,354.0,6.0
AETHER,Aether Industries Limited,NSE,1138.2,1119.92,1122.09,1115.04,1065.58,988.06,1.63,1.44,2.08,6.81,15.19,True,False,False,912.8,N/A (need ~4y hist),above,n/a,-5.276,-10.887,5.612,above,expanding_pos,False,bearish,below,1177.95,1112.3,1046.66,11.8,Upper Half,Squeezing,75.0,354.0,6.0
BANDHANBNK,Bandhan Bank Limited,NSE,205.87,204.65,200.25,189.93,179.36,171.23,0.6,2.81,8.39,14.78,20.23,True,True,True,167.05,N/A (need ~4y hist),above,n/a,5.283,5.44,-0.157,below,expanding_neg,True,none,above,212.18,199.74,187.3,12.46,Upper Half,Squeezing,75.0,354.0,6.0
SURYODAY,Suryoday Small Finance Bank Limited,NSE,171.83,167.79,164.3,155.4,147.64,141.97,2.41,4.58,10.57,16.39,21.03,True,True,True,139.55,N/A (need ~4y hist),above,n/a,4.298,4.434,-0.136,below,contracting_neg,True,none,above,177.49,166.67,155.85,12.98,Upper Half,Squeezing,75.0,353.0,6.0
RPTECH,Rashi Peripherals Limited,NSE,546.25,542.06,528.31,485.67,439.04,396.65,0.77,3.4,12.47,24.42,37.72,True,True,True,359.52,N/A (need ~4y hist),above,n/a,18.915,22.388,-3.473,below,contracting_neg,True,bearish,above,564.55,535.51,506.48,10.84,Upper Half,Squeezing,75.0,354.0,6.0
INDOTECH,Indo Tech Transformers Limited,NSE,2657.6,2649.93,2556.68,2280.87,2016.78,1927.41,0.29,3.95,16.52,31.77,37.88,True,True,True,1756.23,N/A (need ~4y hist),above,n/a,117.031,120.653,-3.622,below,expanding_neg,True,none,above,2850.25,2574.68,2299.11,21.41,Upper Half,Squeezing,75.0,353.0,6.0
SOLARINDS,Solar Industries India Limited,NSE,18441.0,18319.99,17718.84,16417.34,15323.16,14435.22,0.66,4.08,12.33,20.35,27.75,True,True,True,14298.16,N/A (need ~4y hist),above,n/a,750.867,837.929,-87.062,below,expanding_neg,True,none,above,19726.55,17839.6,15952.65,21.15,Upper Half,Neutral,75.0,353.0,6.0
511523,Veerhealth Care Ltd,BSE,24.25,24.02,23.34,22.08,20.95,19.95,0.96,3.91,9.83,15.76,21.52,True,True,True,19.74,N/A (need ~4y hist),above,n/a,0.797,0.829,-0.032,below,expanding_neg,True,none,above,25.01,23.44,21.88,13.37,Upper Half,Neutral,75.0,351.0,6.0
DHANBANK,Dhanlaxmi Bank Limited,NSE,32.88,33.46,32.71,30.32,28.3,27.41,-1.73,0.52,8.44,16.18,19.98,False,True,True,26.46,N/A (need ~4y hist),above,n/a,1.085,1.352,-0.267,below,expanding_neg,True,none,above,34.93,33.06,31.2,11.29,Lower Half,Squeezing,75.0,354.0,5.0
543916,Hemant Surgical Industries Ltd,BSE,378.15,389.41,379.83,346.52,318.76,284.7,-2.89,-0.44,9.13,18.63,32.83,False,True,True,281.74,N/A (need ~4y hist),above,n/a,16.229,23.511,-7.282,below,expanding_neg,True,none,above,432.05,396.03,360.01,18.19,Lower Half,Squeezing,75.0,351.0,5.0
SAKAR,Sakar Healthcare Limited,NSE,773.2,795.18,751.59,670.9,589.45,503.05,-2.76,2.87,15.25,31.17,53.7,False,True,True,444.77,N/A (need ~4y hist),above,n/a,50.906,53.302,-2.396,below,expanding_neg,True,none,above,929.46,746.54,563.63,49.0,Upper Half,Neutral,75.0,354.0,5.0
GANDHAR,Gandhar Oil Refinery (India) Limited,NSE,160.73,159.41,156.21,149.65,146.32,148.36,0.83,2.89,7.4,9.85,8.34,True,False,True,146.29,N/A (need ~4y hist),above,n/a,4.14,4.835,-0.694,below,contracting_neg,True,none,above,172.74,156.65,140.56,20.54,Upper Half,Neutral,75.0,354.0,5.0
ANGELONE,Angel One Limited,NSE,332.6,335.47,328.48,308.25,288.2,274.24,-0.85,1.25,7.9,15.41,21.28,False,True,True,262.13,N/A (need ~4y hist),above,n/a,9.338,10.847,-1.509,below,expanding_neg,True,none,above,358.99,327.32,295.65,19.35,Upper Half,Squeezing,75.0,354.0,5.0
HINDALCO,Hindalco Industries Limited,NSE,1092.6,1119.9,1099.8,1051.54,993.12,910.31,-2.44,-0.65,3.9,10.02,20.03,False,True,True,858.49,N/A (need ~4y hist),above,n/a,25.439,28.657,-3.219,below,expanding_neg,True,none,above,1173.7,1098.92,1024.14,13.61,Lower Half,Neutral,75.0,354.0,5.0
MENONBE,Menon Bearings Limited,NSE,138.71,142.97,141.59,134.28,127.96,123.57,-2.98,-2.03,3.3,8.4,12.25,False,True,True,122.52,N/A (need ~4y hist),above,n/a,2.986,4.863,-1.877,below,expanding_neg,True,none,above,153.07,144.87,136.67,11.32,Lower Half,Squeezing,75.0,353.0,5.0
539730,Fredun Pharmaceuticals Ltd,BSE,2308.85,2359.07,2343.05,2181.0,1977.82,1712.58,-2.13,-1.46,5.86,16.74,34.82,False,True,True,1579.85,N/A (need ~4y hist),above,n/a,46.701,80.522,-33.821,below,expanding_neg,True,none,above,2533.15,2393.23,2253.32,11.69,Lower Half,Squeezing,75.0,351.0,5.0
HAPPYFORGE,Happy Forgings Limited,NSE,1388.0,1398.06,1389.2,1347.0,1276.94,1180.3,-0.72,-0.09,3.04,8.7,17.6,False,True,True,1107.62,N/A (need ~4y hist),above,n/a,14.67,19.95,-5.281,below,expanding_neg,True,none,above,1444.96,1399.42,1353.88,6.51,Lower Half,Squeezing,75.0,354.0,5.0
543828,Sudarshan Pharma Industries Ltd,BSE,33.8,34.27,33.23,30.97,29.07,28.83,-1.38,1.72,9.13,16.29,17.23,False,True,True,27.59,N/A (need ~4y hist),above,n/a,1.284,1.419,-0.134,below,expanding_neg,True,none,above,37.78,33.0,28.21,29.01,Upper Half,Expanding,75.0,351.0,5.0
SBC,SBC Exports Limited,NSE,37.1,37.42,36.62,34.82,32.53,28.86,-0.85,1.31,6.55,14.04,28.56,False,True,True,26.61,N/A (need ~4y hist),above,n/a,1.029,1.21,-0.181,below,expanding_neg,True,none,above,40.91,36.58,32.25,23.65,Upper Half,Neutral,75.0,354.0,5.0
SENORES,Senores Pharmaceuticals Limited,NSE,1034.7,1062.57,1042.74,967.12,896.07,818.53,-2.62,-0.77,6.99,15.47,26.41,False,True,True,784.36,N/A (need ~4y hist),above,n/a,34.336,50.153,-15.817,below,expanding_neg,True,none,above,1192.17,1062.06,931.95,24.5,Lower Half,Neutral,75.0,354.0,5.0
BELRISE,Belrise Industries Limited,NSE,215.98,216.31,214.8,208.72,197.09,177.49,-0.15,0.55,3.48,9.58,21.69,False,True,True,168.42,N/A (need ~4y hist),above,n/a,1.963,2.084,-0.121,below,expanding_neg,True,none,above,222.15,213.65,205.14,7.96,Upper Half,Squeezing,54.0,256.0,5.0
STEELCAS,Steelcast Limited,NSE,287.05,282.52,282.88,273.75,257.42,239.05,1.6,1.47,4.86,11.51,20.08,True,False,False,231.1,N/A (need ~4y hist),above,n/a,0.805,1.871,-1.066,below,contracting_neg,True,none,above,297.19,283.7,270.22,9.51,Upper Half,Squeezing,75.0,353.0,5.0
KRISHANA,Krishana Phoschem Limited,NSE,666.7,677.48,670.1,633.38,590.33,537.25,-1.59,-0.51,5.26,12.94,24.09,False,True,True,537.67,N/A (need ~4y hist),above,n/a,12.473,16.819,-4.346,below,expanding_neg,True,bearish,above,696.83,678.45,660.06,5.42,Lower Half,Squeezing,75.0,353.0,5.0
NLCINDIA,NLC India Limited,NSE,336.6,342.66,338.61,318.96,297.31,277.29,-1.77,-0.59,5.53,13.22,21.39,False,True,True,264.41,N/A (need ~4y hist),above,n/a,7.339,10.64,-3.301,below,expanding_neg,True,none,above,369.7,344.14,318.57,14.86,Lower Half,Neutral,75.0,354.0,5.0
WALCHANNAG,Walchandnagar Industries Limited,NSE,241.75,243.71,240.54,222.09,204.46,197.76,-0.81,0.5,8.85,18.24,22.25,False,True,True,188.15,N/A (need ~4y hist),above,n/a,6.32,9.441,-3.122,below,contracting_neg,True,bearish,above,264.71,242.21,219.72,18.58,Lower Half,Squeezing,75.0,354.0,5.0
532380,Baba Arts Ltd,BSE,13.15,13.32,13.31,13.19,12.33,11.2,-1.31,-1.2,-0.31,6.61,17.43,False,True,True,9.93,N/A (need ~4y hist),above,n/a,-0.012,-0.05,0.039,above,contracting_pos,False,none,below,14.1,13.08,12.06,15.59,Upper Half,Squeezing,75.0,351.0,5.0
SEAMECLTD,Seamec Limited,NSE,1586.1,1612.03,1589.33,1524.85,1408.83,1260.54,-1.61,-0.2,4.02,12.58,25.83,False,True,True,1124.38,N/A (need ~4y hist),above,n/a,27.868,29.949,-2.081,below,expanding_neg,True,none,above,1690.69,1579.61,1468.53,14.06,Upper Half,Expanding,75.0,352.0,5.0
GALAPREC,Gala Precision Engineering Limited,NSE,910.4,900.92,875.1,829.99,802.18,813.97,1.05,4.03,9.69,13.49,11.85,True,False,True,788.43,N/A (need ~4y hist),above,n/a,30.465,32.227,-1.762,below,expanding_neg,True,none,above,955.12,878.78,802.43,17.38,Upper Half,Neutral,75.0,353.0,5.0
SBCL,Shivalik Bimetal Controls Limited,NSE,712.7,719.55,683.62,610.98,553.5,521.59,-0.95,4.25,16.65,28.76,36.64,False,True,True,504.88,N/A (need ~4y hist),above,n/a,43.345,46.491,-3.146,below,expanding_neg,True,none,above,804.92,677.84,550.75,37.5,Upper Half,Expanding,75.0,353.0,5.0
MCLEODRUSS,Mcleod Russel India Limited,NSE,70.91,73.3,69.43,60.51,53.91,49.2,-3.26,2.13,17.18,31.55,44.14,False,True,True,46.52,N/A (need ~4y hist),above,n/a,5.071,5.968,-0.897,below,expanding_neg,True,none,above,83.93,69.74,55.55,40.71,Upper Half,Neutral,75.0,352.0,5.0
MIRCELECTR,MIRC Electronics Limited,NSE,39.28,40.82,40.02,36.76,33.45,29.84,-3.78,-1.85,6.87,17.42,31.62,False,True,True,27.7,N/A (need ~4y hist),above,n/a,1.361,1.913,-0.552,below,expanding_neg,True,none,above,45.84,41.54,37.24,20.71,Lower Half,Squeezing,75.0,354.0,5.0
SWANDEF,Swan Defence and Heavy Industries Limited,NSE,1971.6,1988.84,1955.36,1905.29,1769.74,1455.07,-0.87,0.83,3.48,11.41,35.5,False,True,True,1207.71,N/A (need ~4y hist),above,n/a,35.213,32.72,2.493,above,contracting_pos,True,none,below,2075.02,1951.05,1827.08,12.71,Upper Half,Squeezing,75.0,352.0,5.0
KIRLPNU,Kirloskar Pneumatic Company Limited,NSE,1570.8,1588.05,1561.28,1447.53,1334.86,1273.14,-1.09,0.61,8.52,17.67,23.38,False,True,True,1228.65,N/A (need ~4y hist),above,n/a,44.527,60.996,-16.469,below,expanding_neg,True,bearish,above,1685.12,1577.65,1470.18,13.62,Lower Half,Squeezing,75.0,353.0,5.0
ADANIPOWER,Adani Power Limited,NSE,232.6,233.79,228.69,210.17,188.38,166.06,-0.51,1.71,10.67,23.48,40.07,False,True,True,153.06,N/A (need ~4y hist),above,n/a,7.405,9.155,-1.751,below,expanding_neg,True,bearish,above,251.05,228.56,206.06,19.68,Upper Half,Squeezing,75.0,354.0,5.0
KTKBANK,The Karnataka Bank Limited,NSE,262.0,264.61,261.88,251.24,235.34,218.88,-0.99,0.05,4.28,11.33,19.7,False,True,True,203.33,N/A (need ~4y hist),above,n/a,3.886,4.713,-0.827,below,expanding_neg,True,none,above,279.28,259.87,240.45,14.95,Upper Half,Neutral,75.0,354.0,5.0
DSSL,Dynacons Systems & Solutions Limited,NSE,1288.7,1495.43,1480.53,1316.97,1177.31,1107.67,-13.82,-12.96,-2.15,9.46,16.34,False,True,True,1019.4,N/A (need ~4y hist),above,n/a,60.247,120.632,-60.385,below,expanding_neg,True,none,above,1905.5,1540.72,1175.93,47.35,Lower Half,Neutral,75.0,353.0,5.0
MANAKALUCO,Manaksia Aluminium Company Limited,NSE,35.38,35.52,35.05,33.58,32.52,31.38,-0.4,0.94,5.37,8.8,12.74,False,True,True,30.73,N/A (need ~4y hist),above,n/a,0.698,0.867,-0.17,below,expanding_neg,True,bearish,above,37.65,35.0,32.36,15.1,Upper Half,Squeezing,75.0,354.0,5.0
CALSOFT,California Software Company Limited,NSE,20.9,21.33,20.63,18.38,16.77,15.89,-1.99,1.29,13.71,24.66,31.5,False,True,True,15.85,N/A (need ~4y hist),above,n/a,1.033,1.302,-0.268,below,expanding_neg,True,none,above,25.95,21.97,17.99,36.21,Lower Half,Squeezing,75.0,353.0,5.0
SAIL,Steel Authority of India Limited,NSE,190.56,199.53,196.44,185.17,171.98,156.99,-4.49,-2.99,2.91,10.8,21.39,False,True,True,147.21,N/A (need ~4y hist),above,n/a,4.891,6.67,-1.779,below,expanding_neg,True,none,above,213.74,197.9,182.07,16.0,Lower Half,Neutral,75.0,354.0,5.0
SUNFLAG,Sunflag Iron And Steel Company Limited,NSE,372.1,382.09,370.0,333.09,301.92,283.12,-2.61,0.57,11.71,23.24,31.43,False,True,True,273.64,N/A (need ~4y hist),above,n/a,17.132,20.896,-3.764,below,expanding_neg,True,none,above,404.17,376.93,349.69,14.45,Lower Half,Squeezing,75.0,354.0,5.0
RISHABH,Rishabh Instruments Limited,NSE,512.45,518.56,511.7,484.24,453.41,417.81,-1.18,0.15,5.83,13.02,22.65,False,True,True,401.3,N/A (need ~4y hist),above,n/a,11.132,15.182,-4.05,below,expanding_neg,True,none,above,561.37,513.27,465.17,18.74,Lower Half,Neutral,75.0,352.0,5.0
MTARTECH,Mtar Technologies Limited,NSE,7535.5,7546.91,7230.16,6210.53,5072.53,3928.28,-0.15,4.22,21.33,48.56,91.83,False,True,True,3110.19,N/A (need ~4y hist),above,n/a,457.718,574.171,-116.453,below,expanding_neg,True,none,above,8442.84,7414.32,6385.81,27.74,Upper Half,Squeezing,75.0,354.0,5.0
OMAXAUTO,Omax Autos Limited,NSE,234.72,237.39,220.9,183.7,154.14,134.21,-1.12,6.26,27.77,52.28,74.88,False,True,True,125.34,N/A (need ~4y hist),above,n/a,21.079,24.005,-2.926,below,expanding_neg,True,bearish,above,263.74,227.2,190.66,32.16,Upper Half,Squeezing,75.0,353.0,5.0
WHEELS,Wheels India Limited,NSE,1487.7,1537.81,1487.69,1320.37,1159.23,1015.77,-3.26,0.0,12.67,28.34,46.46,False,True,True,931.85,N/A (need ~4y hist),above,n/a,78.73,107.672,-28.942,below,expanding_neg,True,none,above,1766.75,1525.6,1284.46,31.61,Lower Half,Neutral,75.0,354.0,5.0
BODALCHEM,Bodal Chemicals Limited,NSE,71.2,72.26,71.38,66.95,62.5,61.18,-1.47,-0.25,6.35,13.91,16.38,False,True,True,60.86,N/A (need ~4y hist),above,n/a,1.52,2.095,-0.575,below,expanding_neg,True,none,above,77.69,71.75,65.82,16.54,Lower Half,Squeezing,75.0,353.0,5.0
MAHABANK,Bank of Maharashtra,NSE,79.19,79.41,79.13,76.43,72.12,66.64,-0.28,0.07,3.61,9.8,18.84,False,True,True,62.97,N/A (need ~4y hist),above,n/a,0.653,0.994,-0.341,below,contracting_neg,True,none,above,81.41,79.35,77.3,5.19,Lower Half,Squeezing,75.0,354.0,5.0
BAJAJCON,Bajaj Consumer Care Limited,NSE,552.05,555.95,539.83,491.0,431.15,362.76,-0.7,2.26,12.43,28.04,52.18,False,True,True,320.27,N/A (need ~4y hist),above,n/a,22.163,26.574,-4.411,below,expanding_neg,True,none,above,579.48,548.62,517.77,11.25,Upper Half,Squeezing,75.0,354.0,5.0
BHEL,Bharat Heavy Electricals Limited,NSE,386.95,402.47,396.82,363.05,327.76,295.91,-3.86,-2.49,6.58,18.06,30.77,False,True,True,274.31,N/A (need ~4y hist),above,n/a,11.941,18.706,-6.765,below,expanding_neg,True,bearish,above,426.97,406.32,385.68,10.16,Lower Half,Squeezing,75.0,354.0,5.0
PRECWIRE,Precision Wires India Limited,NSE,417.05,427.19,417.23,387.18,345.17,294.38,-2.37,-0.04,7.72,20.83,41.67,False,True,True,257.74,N/A (need ~4y hist),above,n/a,13.002,14.761,-1.758,below,expanding_neg,True,bearish,above,465.15,413.26,361.37,25.11,Upper Half,Neutral,75.0,354.0,5.0
SUVEN,Suven Life Sciences Limited,NSE,237.35,262.69,252.3,223.78,201.86,190.56,-9.65,-5.92,6.07,17.58,24.55,False,True,True,198.04,N/A (need ~4y hist),above,n/a,14.654,18.447,-3.793,below,expanding_neg,True,none,above,304.85,253.77,202.68,40.26,Lower Half,Neutral,75.0,354.0,5.0
530145,Kisan Mouldings Ltd,BSE,35.66,35.26,35.38,33.48,31.74,32.62,1.15,0.8,6.51,12.35,9.31,True,False,False,31.84,N/A (need ~4y hist),above,n/a,0.288,0.764,-0.476,below,contracting_neg,True,none,above,39.37,36.38,33.39,16.44,Lower Half,Squeezing,75.0,351.0,5.0
BHAGYANGR,Bhagyanagar India Limited,NSE,306.65,308.5,295.39,260.11,220.83,180.02,-0.6,3.81,17.89,38.86,70.34,False,True,True,150.13,N/A (need ~4y hist),above,n/a,16.194,16.726,-0.532,below,expanding_neg,True,none,above,344.1,302.49,260.87,27.52,Upper Half,Squeezing,75.0,354.0,5.0
BSE,BSE Limited,NSE,3880.0,4039.56,4006.19,3723.69,3387.05,3023.92,-3.95,-3.15,4.2,14.55,28.31,False,True,True,2804.49,N/A (need ~4y hist),above,n/a,90.004,155.496,-65.493,below,expanding_neg,True,none,above,4396.26,4091.15,3786.05,14.92,Lower Half,Squeezing,75.0,354.0,5.0
KOPRAN,Kopran Limited,NSE,189.08,188.17,179.72,164.85,155.43,156.23,0.48,5.21,14.7,21.65,21.03,True,False,True,153.95,N/A (need ~4y hist),above,n/a,9.704,9.871,-0.167,below,expanding_neg,True,none,above,210.91,176.94,142.97,38.4,Upper Half,Expanding,75.0,354.0,5.0
HARDWYN,Hardwyn India Limited,NSE,24.41,25.13,24.94,23.57,21.46,19.2,-2.86,-2.11,3.56,13.77,27.17,False,True,True,17.29,N/A (need ~4y hist),above,n/a,0.37,0.527,-0.157,below,expanding_neg,True,bearish,above,26.8,24.83,22.85,15.9,Lower Half,Squeezing,75.0,353.0,5.0
LLOYDSME,Lloyds Metals And Energy Limited,NSE,1778.6,1792.75,1764.91,1653.27,1525.3,1431.55,-0.79,0.78,7.58,16.61,24.24,False,True,True,1379.42,N/A (need ~4y hist),above,n/a,41.127,50.786,-9.658,below,expanding_neg,True,bearish,above,1884.97,1765.96,1646.95,13.48,Upper Half,Squeezing,75.0,354.0,5.0
AMBIKCO,Ambika Cotton Mills Limited,NSE,1633.9,1655.1,1612.83,1525.54,1451.77,1423.39,-1.28,1.31,7.1,12.55,14.79,False,True,True,1402.44,N/A (need ~4y hist),above,n/a,49.755,51.0,-1.244,below,expanding_neg,True,bearish,above,1732.1,1607.04,1481.99,15.56,Upper Half,Neutral,75.0,353.0,5.0
MAWANASUG,Mawana Sugars Limited,NSE,101.75,99.48,101.31,99.54,95.12,92.41,2.28,0.43,2.22,6.97,10.11,True,False,False,90.33,N/A (need ~4y hist),above,n/a,-1.412,-0.829,-0.583,below,contracting_neg,False,none,above,110.18,102.04,93.9,15.95,Lower Half,Squeezing,75.0,354.0,4.0
530689,Lykis Ltd,BSE,45.73,45.53,45.6,45.96,45.08,43.14,0.43,0.28,-0.49,1.44,6.01,False,False,False,40.69,N/A (need ~4y hist),above,n/a,-0.172,-0.28,0.108,above,expanding_pos,False,bullish,below,47.56,45.28,42.99,10.09,Upper Half,Squeezing,75.0,351.0,4.0
NATIONALUM,National Aluminium Company Limited,NSE,395.7,418.34,416.24,407.17,381.96,335.62,-5.41,-4.94,-2.82,3.6,17.9,False,True,True,297.22,N/A (need ~4y hist),above,n/a,2.962,3.768,-0.806,below,expanding_neg,True,bearish,below,441.97,412.89,383.81,14.09,Lower Half,Squeezing,75.0,354.0,4.0
SGFIN,SG Finserve Limited,NSE,570.35,572.13,566.95,532.42,487.73,448.99,-0.31,0.6,7.12,16.94,27.03,False,True,True,N/A,N/A (need ~4y hist),n/a,n/a,9.742,13.511,-3.769,below,contracting_neg,True,bearish,above,588.39,572.0,555.61,5.73,Lower Half,Squeezing,44.0,207.0,4.0
NEPHROPLUS,Nephrocare Health Services Limited,NSE,675.85,643.31,617.97,587.12,559.53,,5.06,9.37,15.11,20.79,,False,False,False,N/A,N/A (need ~4y hist),n/a,n/a,25.071,19.974,5.097,above,expanding_pos,True,none,n/a,683.21,618.96,554.72,20.76,Walking Upper,Neutral,25.0,115.0,4.0
EBGNG,GNG Electronics Limited,NSE,420.55,435.92,432.35,413.92,387.67,364.19,-3.53,-2.73,1.6,8.48,15.47,False,True,True,N/A,N/A (need ~4y hist),n/a,n/a,6.037,8.324,-2.287,below,expanding_neg,True,none,above,453.73,433.83,413.94,9.17,Lower Half,Squeezing,45.0,210.0,4.0
DBOL,Dhampur Bio Organics Limited,NSE,109.4,109.12,110.08,109.67,104.35,97.64,0.26,-0.62,-0.24,4.84,12.05,False,False,False,91.92,N/A (need ~4y hist),above,n/a,-1.207,-1.577,0.37,above,expanding_pos,False,none,below,114.75,108.94,103.13,10.67,Upper Half,Squeezing,75.0,353.0,4.0
GRAPHITE,Graphite India Limited,NSE,705.35,725.14,728.95,710.37,679.02,637.38,-2.73,-3.24,-0.71,3.88,10.66,False,False,False,607.85,N/A (need ~4y hist),above,n/a,1.254,8.118,-6.864,below,expanding_neg,True,none,above,774.02,739.05,704.09,9.46,Lower Half,Squeezing,75.0,354.0,3.0
TCIFINANCE,TCI Finance Limited,NSE,14.53,13.49,13.58,14.1,14.82,15.11,7.72,7.0,3.07,-1.97,-3.83,False,False,False,15.05,N/A (need ~4y hist),below,n/a,-0.163,-0.246,0.083,above,expanding_pos,False,none,below,14.38,13.53,12.68,12.58,Above Upper,Squeezing,75.0,352.0,3.0
ATLANTAELE,Atlanta Electricals Limited,NSE,2044.0,1969.57,1839.72,1613.95,1379.76,,3.78,11.1,26.65,48.14,,False,False,False,N/A,N/A (need ~4y hist),n/a,n/a,135.338,114.026,21.312,above,contracting_pos,True,bearish,above,2137.71,1824.89,1512.07,34.28,Upper Band,Expanding,36.0,169.0,3.0
535916,Alacrity Securities Ltd,BSE,68.72,70.06,69.21,65.6,62.26,64.23,-1.91,-0.71,4.76,10.38,6.98,False,False,True,58.68,N/A (need ~4y hist),above,n/a,1.439,2.01,-0.571,below,expanding_neg,True,bearish,above,75.07,70.47,65.87,13.07,Lower Half,Squeezing,75.0,351.0,3.0
GCSL,Gretex Corporate Services Limited,NSE,424.0,411.31,398.32,378.02,359.88,,3.09,6.45,12.16,17.82,,False,False,False,N/A,N/A (need ~4y hist),n/a,n/a,14.174,13.359,0.815,above,expanding_pos,True,none,above,426.66,398.73,370.8,14.01,Upper Band,Neutral,40.0,185.0,3.0
LOKESHMACH,Lokesh Machines Limited,NSE,250.2,251.78,252.07,242.31,225.03,213.82,-0.63,-0.74,3.26,11.18,17.02,False,False,False,201.4,N/A (need ~4y hist),above,n/a,1.011,2.324,-1.313,below,contracting_neg,True,none,above,263.58,252.46,241.35,8.81,Lower Half,Squeezing,75.0,353.0,3.0
544141,Pune E - Stock Broking Ltd,BSE,280.25,285.2,286.09,275.24,256.29,233.02,-1.74,-2.04,1.82,9.35,20.27,False,False,False,220.58,N/A (need ~4y hist),above,n/a,0.816,2.55,-1.734,below,expanding_neg,True,none,above,305.3,289.09,272.88,11.22,Lower Half,Squeezing,75.0,351.0,3.0
EMMVEE,Emmvee Photovoltaic Power Limited,NSE,334.35,314.81,295.22,269.94,248.7,,6.21,13.25,23.86,34.44,,False,False,False,N/A,N/A (need ~4y hist),n/a,n/a,19.138,14.73,4.408,above,contracting_pos,True,none,n/a,344.57,288.01,231.45,39.28,Walking Upper,Expanding,29.0,137.0,3.0
ADVAIT,Advait Energy Transitions Limited,NSE,2181.2,2083.42,2038.49,1945.09,,,4.69,7.0,12.14,,,False,False,False,N/A,N/A (need ~4y hist),n/a,n/a,45.477,34.307,11.169,above,expanding_pos,True,bearish,n/a,2198.16,2019.78,1841.41,17.66,Upper Band,Neutral,20.0,93.0,3.0
EXICOM,Exicom Tele-Systems Limited,NSE,133.85,145.98,138.14,124.26,117.99,126.29,-8.31,-3.1,7.72,13.44,5.99,False,False,False,127.64,N/A (need ~4y hist),above,n/a,9.395,10.23,-0.835,below,expanding_neg,True,none,above,172.93,135.91,98.9,54.47,Lower Half,Expanding,75.0,354.0,3.0
GMDCLTD,Gujarat Mineral Development Corporation Limited,NSE,657.75,669.47,669.68,653.92,622.9,570.29,-1.75,-1.78,0.59,5.59,15.34,False,False,False,552.9,N/A (need ~4y hist),above,n/a,1.585,3.106,-1.521,below,expanding_neg,True,bearish,above,698.81,663.18,627.54,10.75,Lower Half,Squeezing,75.0,354.0,3.0
TARIL,Transformers And Rectifiers (India) Limited,NSE,321.1,315.94,314.11,308.62,311.2,345.57,1.63,2.22,4.04,3.18,-7.08,False,False,False,370.17,N/A (need ~4y hist),below,n/a,2.058,1.717,0.341,above,expanding_pos,True,none,above,328.05,310.72,293.39,11.15,Upper Half,Squeezing,75.0,354.0,3.0
GROWW,Billionbrains Garage Ventures Limited,NSE,196.09,190.21,191.35,189.06,180.02,,3.09,2.48,3.72,8.93,,False,False,False,N/A,N/A (need ~4y hist),n/a,n/a,-1.33,-1.857,0.526,above,expanding_pos,False,none,n/a,194.24,188.35,182.46,6.26,Above Upper,Squeezing,30.0,141.0,3.0
TRUALT,TruAlt Bioenergy Limited,NSE,505.15,497.48,486.25,464.44,447.95,,1.54,3.89,8.76,12.77,,False,False,False,N/A,N/A (need ~4y hist),n/a,n/a,12.272,11.102,1.17,above,contracting_pos,True,none,above,520.3,481.09,441.88,16.3,Walking Upper,Neutral,35.0,166.0,3.0
KOTYARK,Kotyark Industries Limited,NSE,412.55,421.4,422.19,397.12,358.68,352.27,-2.1,-2.28,3.88,15.02,17.11,False,False,False,300.94,N/A (need ~4y hist),above,n/a,3.714,9.084,-5.37,below,expanding_neg,True,none,above,463.48,430.88,398.27,15.13,Lower Half,Squeezing,75.0,352.0,3.0
STLNETWORK,STL Networks Limited,NSE,28.2,28.65,27.88,26.14,24.59,,-1.59,1.16,7.86,14.68,,False,False,False,N/A,N/A (need ~4y hist),n/a,n/a,0.863,0.777,0.086,above,contracting_pos,True,bearish,above,30.85,27.32,23.8,25.82,Upper Half,Squeezing,40.0,187.0,2.0
RHETAN,Rhetan TMT Limited,NSE,30.66,30.2,29.18,27.82,26.61,,1.53,5.08,10.23,15.2,,False,False,False,N/A,N/A (need ~4y hist),n/a,n/a,1.054,0.92,0.135,above,contracting_pos,True,none,above,32.17,28.8,25.42,23.44,Upper Half,Neutral,37.0,171.0,2.0
AVADHSUGAR,Avadh Sugar & Energy Limited,NSE,458.55,462.5,467.78,460.56,440.57,433.21,-0.85,-1.97,-0.44,4.08,5.85,False,False,False,422.48,N/A (need ~4y hist),above,n/a,-4.556,-3.709,-0.846,below,contracting_neg,False,none,above,501.96,470.01,438.06,13.59,Lower Half,Squeezing,75.0,353.0,2.0
BUILDPRO,Shankara Buildpro Limited,NSE,1134.7,1141.03,1127.77,1087.75,,,-0.55,0.61,4.32,,,False,False,False,N/A,N/A (need ~4y hist),n/a,n/a,14.981,13.674,1.307,above,contracting_pos,True,bearish,n/a,1195.97,1123.11,1050.24,12.98,Upper Half,Squeezing,22.0,99.0,2.0
KESORAMIND,Kesoram Industries Limited,NSE,11.57,12.17,12.09,11.29,10.71,18.58,-4.91,-4.3,2.47,8.0,-37.73,False,False,False,7.94,N/A (need ~4y hist),above,n/a,0.26,0.483,-0.223,below,expanding_neg,True,none,above,13.65,12.51,11.38,18.19,Lower Half,Squeezing,75.0,354.0,2.0
JINDALPOLY,Jindal Poly Films Limited,NSE,650.9,669.31,687.39,698.23,669.99,647.05,-2.75,-5.31,-6.78,-2.85,0.59,False,False,False,594.57,N/A (need ~4y hist),above,n/a,-17.91,-14.346,-3.564,below,expanding_neg,False,none,below,729.97,689.11,648.25,11.86,Lower Half,Squeezing,75.0,354.0,2.0
521113,Suditi Industries Ltd,BSE,92.4,92.57,93.45,91.04,84.81,75.99,-0.18,-1.13,1.49,8.95,21.59,False,False,False,72.51,N/A (need ~4y hist),above,n/a,-0.511,-0.084,-0.427,below,contracting_neg,False,none,above,99.68,93.93,88.17,12.26,Lower Half,Squeezing,75.0,351.0,2.0
544191,Purple Finance Ltd,BSE,65.36,66.61,67.2,65.25,61.14,56.31,-1.88,-2.74,0.18,6.89,16.08,False,False,False,49.9,N/A (need ~4y hist),above,n/a,-0.088,0.591,-0.679,below,contracting_neg,False,none,above,71.9,68.1,64.3,11.16,Lower Half,Squeezing,75.0,351.0,2.0
QPOWER,Quality Power Electrical Equipments Limited,NSE,1072.0,1063.31,1099.4,1082.83,1003.79,894.27,0.82,-2.49,-1.0,6.79,19.87,False,False,False,888.56,N/A (need ~4y hist),above,n/a,-31.324,-23.048,-8.276,below,contracting_neg,False,none,above,1226.4,1097.14,967.89,23.56,Lower Half,Squeezing,67.0,316.0,2.0
540492,Starlineps Enterprises Ltd,BSE,10.93,10.75,11.29,11.51,10.43,8.86,1.65,-3.21,-5.02,4.81,23.33,False,False,False,7.38,N/A (need ~4y hist),above,n/a,-0.547,-0.492,-0.055,below,contracting_neg,False,none,below,12.82,11.3,9.77,27.02,Lower Half,Neutral,75.0,351.0,2.0
HINDCOPPER,Hindustan Copper Limited,NSE,526.35,543.25,549.29,545.91,523.15,464.11,-3.11,-4.18,-3.58,0.61,13.41,False,False,False,417.89,N/A (need ~4y hist),above,n/a,-3.702,0.237,-3.939,below,expanding_neg,False,none,below,596.75,558.13,519.5,13.84,Lower Half,Squeezing,75.0,354.0,2.0
TATASTEEL,Tata Steel Limited,NSE,206.77,210.25,210.86,208.33,201.57,189.55,-1.65,-1.94,-0.75,2.58,9.08,False,False,False,182.43,N/A (need ~4y hist),above,n/a,-0.124,0.5,-0.624,below,expanding_neg,False,none,below,219.31,211.7,204.09,7.19,Lower Half,Squeezing,75.0,354.0,2.0
UTLSOLAR,Fujiyama Power Systems Limited,NSE,328.3,319.85,301.26,274.34,250.35,,2.64,8.98,19.67,31.14,,False,False,False,N/A,N/A (need ~4y hist),n/a,n/a,18.337,14.016,4.321,above,contracting_pos,True,none,n/a,347.78,293.18,238.59,37.24,Upper Band,Expanding,29.0,135.0,2.0
UNIVPHOTO,Universus Photo Imagings Limited,NSE,380.25,405.09,420.91,418.29,385.02,337.25,-6.13,-9.66,-9.09,-1.24,12.75,False,False,False,307.26,N/A (need ~4y hist),above,n/a,-12.568,-6.003,-6.565,below,expanding_neg,False,none,below,470.87,426.6,382.33,20.75,Below Lower,Squeezing,75.0,353.0,2.0
PFC,Power Finance Corporation Limited,NSE,431.75,426.65,432.66,432.48,421.8,412.81,1.2,-0.21,-0.17,2.36,4.59,False,False,False,402.42,N/A (need ~4y hist),above,n/a,-5.59,-4.526,-1.064,below,contracting_neg,False,none,above,452.72,432.99,413.27,9.11,Lower Half,Squeezing,75.0,354.0,2.0
MMFL,MM Forgings Limited,NSE,450.55,450.84,455.77,454.8,438.53,414.28,-0.06,-1.15,-0.94,2.74,8.76,False,False,False,381.18,N/A (need ~4y hist),above,n/a,-4.518,-3.571,-0.947,below,contracting_neg,False,none,below,471.38,452.14,432.89,8.51,Lower Half,Squeezing,75.0,354.0,2.0
APEX,Apex Frozen Foods Limited,NSE,410.4,431.98,441.82,433.06,399.91,351.98,-5.0,-7.11,-5.23,2.62,16.6,False,False,False,311.68,N/A (need ~4y hist),above,n/a,-6.733,-1.618,-5.115,below,expanding_neg,False,none,below,484.17,446.49,408.8,16.88,Lower Half,Squeezing,75.0,354.0,2.0
OMNI,Omnitech Engineering Limited,NSE,505.2,483.88,451.46,393.11,,,4.41,11.9,28.51,,,False,False,False,N/A,N/A (need ~4y hist),n/a,n/a,34.286,29.628,4.659,above,contracting_pos,True,bearish,n/a,524.77,445.47,366.16,35.61,Upper Band,Squeezing,14.0,63.0,2.0
540252,Viram Suvarn Ltd,BSE,10.93,11.43,11.6,11.37,10.65,9.91,-4.39,-5.78,-3.9,2.64,10.32,False,False,False,9.21,N/A (need ~4y hist),above,n/a,-0.122,-0.05,-0.072,below,expanding_neg,False,none,above,12.5,11.67,10.85,14.15,Lower Half,Squeezing,75.0,351.0,2.0
RAMRAT,Ram Ratna Wires Limited,NSE,391.5,413.53,420.43,400.04,371.78,347.32,-5.33,-6.88,-2.13,5.31,12.72,False,False,False,336.32,N/A (need ~4y hist),above,n/a,-0.505,8.6,-9.104,below,expanding_neg,False,bearish,above,475.53,428.01,380.48,22.21,Lower Half,Neutral,75.0,353.0,2.0
AARTIIND,Aarti Industries Limited,NSE,458.05,469.96,473.27,463.25,444.7,428.4,-2.54,-3.22,-1.12,3.0,6.92,False,False,False,410.78,N/A (need ~4y hist),above,n/a,-0.539,3.406,-3.945,below,expanding_neg,False,none,above,499.08,474.21,449.34,10.49,Lower Half,Squeezing,75.0,354.0,2.0
RUBICON,Rubicon Research Limited,NSE,1202.5,1159.5,1068.81,967.69,876.08,,3.71,12.51,24.27,37.26,,False,False,False,N/A,N/A (need ~4y hist),n/a,n/a,83.647,55.979,27.668,above,contracting_pos,True,none,n/a,1290.26,1037.09,783.92,48.82,Upper Band,Expanding,34.0,156.0,2.0
SCI,Shipping Corporation Of India Limited,NSE,302.65,303.92,307.12,294.73,275.22,254.07,-0.42,-1.46,2.69,9.97,19.12,False,False,False,242.42,N/A (need ~4y hist),above,n/a,-0.317,3.272,-3.589,below,contracting_neg,False,bearish,above,348.89,315.94,282.99,20.86,Lower Half,Neutral,75.0,354.0,2.0
GESHIP,The Great Eastern Shipping Company Limited,NSE,1464.0,1507.5,1531.22,1494.14,1404.59,1278.55,-2.89,-4.39,-2.02,4.23,14.5,False,False,False,1184.14,N/A (need ~4y hist),above,n/a,-9.893,11.441,-21.335,below,contracting_neg,False,none,below,1748.89,1561.77,1374.65,23.96,Lower Half,Expanding,75.0,354.0,2.0
543542,Kesar India Ltd,BSE,1235.4,1237.92,1238.6,1221.64,1169.02,1057.87,-0.2,-0.26,1.13,5.68,16.78,False,False,False,967.06,N/A (need ~4y hist),above,n/a,2.124,5.303,-3.18,below,contracting_neg,True,none,below,1267.0,1243.59,1220.19,3.76,Lower Half,Squeezing,75.0,351.0,2.0
MCX,Multi Commodity Exchange of India Limited,NSE,2795.0,2961.35,3038.67,2930.52,2704.73,2369.06,-5.62,-8.02,-4.62,3.34,17.98,False,False,False,2154.77,N/A (need ~4y hist),above,n/a,-30.771,41.618,-72.389,below,expanding_neg,False,none,above,3576.9,3163.03,2749.16,26.17,Lower Half,Expanding,75.0,354.0,2.0
AVANTIFEED,Avanti Feeds Limited,NSE,1110.6,1188.88,1251.36,1272.22,1196.94,1060.61,-6.58,-11.25,-12.7,-7.21,4.71,False,False,False,934.28,N/A (need ~4y hist),above,n/a,-54.444,-33.906,-20.537,below,expanding_neg,False,none,below,1433.66,1268.22,1102.79,26.09,Lower Half,Expanding,75.0,353.0,2.0
540545,Guru Krupa Gems and Jewellery Ltd,BSE,37.67,38.38,39.66,39.89,38.24,33.54,-1.85,-5.01,-5.57,-1.49,12.31,False,False,False,30.51,N/A (need ~4y hist),above,n/a,-1.025,-0.526,-0.499,below,contracting_neg,False,none,below,47.1,40.91,34.72,30.27,Lower Half,Expanding,75.0,351.0,2.0
GUJALKALI,Gujarat Alkalies and Chemicals Limited,NSE,650.85,673.66,687.76,665.79,620.9,595.52,-3.39,-5.37,-2.24,4.82,9.29,False,False,False,568.41,N/A (need ~4y hist),above,n/a,-8.834,-1.354,-7.48,below,expanding_neg,False,none,above,724.5,688.81,653.13,10.36,Below Lower,Squeezing,75.0,353.0,2.0
LINCOLN,Lincoln Pharmaceuticals Limited,NSE,625.55,642.29,658.75,641.76,609.95,591.65,-2.61,-5.04,-2.53,2.56,5.73,False,False,False,557.05,N/A (need ~4y hist),above,n/a,-7.091,8.187,-15.278,below,contracting_neg,False,none,above,785.46,677.65,569.83,31.82,Lower Half,Expanding,75.0,352.0,2.0
SCHNEIDER,Schneider Electric Infrastructure Limited,NSE,1172.2,1215.2,1239.19,1163.38,1047.21,940.75,-3.54,-5.41,0.76,11.94,24.6,False,False,False,890.94,N/A (need ~4y hist),above,n/a,-1.018,31.889,-32.907,below,contracting_neg,False,bearish,above,1431.33,1272.8,1114.26,24.91,Lower Half,Expanding,75.0,354.0,2.0
JAYNECOIND,Jayaswal Neco Industries Limited,NSE,96.46,99.63,101.45,97.54,90.23,79.64,-3.19,-4.92,-1.1,6.91,21.12,False,False,False,73.79,N/A (need ~4y hist),above,n/a,-0.721,0.804,-1.525,below,contracting_neg,False,none,above,109.68,102.75,95.83,13.48,Lower Half,Squeezing,75.0,354.0,2.0
GAEL,Gujarat Ambuja Exports Limited,NSE,155.86,156.65,157.88,153.86,145.81,135.58,-0.5,-1.28,1.3,6.89,14.96,False,False,False,125.57,N/A (need ~4y hist),above,n/a,-0.177,1.267,-1.444,below,contracting_neg,False,none,above,169.52,160.67,151.82,11.02,Lower Half,Squeezing,75.0,354.0,2.0
AXISCADES,AXISCADES Technologies Limited,NSE,1836.0,1829.2,1894.53,1837.56,1701.47,1533.27,0.37,-3.09,-0.08,7.91,19.74,False,False,False,1504.43,N/A (need ~4y hist),above,n/a,-41.553,-3.971,-37.581,below,contracting_neg,False,none,above,2202.82,1946.75,1690.68,26.31,Lower Half,Expanding,75.0,354.0,2.0
KSHINTL,KSH International Limited,NSE,819.45,798.48,740.04,643.98,551.36,,2.63,10.73,27.25,48.62,,False,False,False,N/A,N/A (need ~4y hist),n/a,n/a,62.167,55.735,6.432,above,contracting_pos,True,none,n/a,894.35,723.73,553.1,47.15,Upper Half,Expanding,24.0,112.0,2.0
SHREEJISPG,Shreeji Shipping Global Limited,NSE,472.95,461.65,446.45,418.3,389.85,,2.45,5.94,13.06,21.31,,False,False,False,N/A,N/A (need ~4y hist),n/a,n/a,17.785,18.398,-0.613,below,contracting_neg,True,none,above,484.9,447.03,409.16,16.94,Upper Band,Neutral,41.0,193.0,1.0
PIRAMALFIN,Piramal Finance Limited,NSE,1977.4,1949.18,1934.43,1887.24,1810.46,,1.45,2.22,4.78,9.22,,False,False,False,N/A,N/A (need ~4y hist),n/a,n/a,19.826,22.633,-2.807,below,contracting_neg,True,none,n/a,1992.37,1937.43,1882.49,5.67,Upper Band,Squeezing,31.0,144.0,1.0
GAUDIUMIVF,Gaudium IVF and Women Health Limited,NSE,105.8,111.44,112.26,106.53,,,-5.06,-5.75,-0.69,,,False,False,False,N/A,N/A (need ~4y hist),n/a,n/a,0.458,2.089,-1.631,below,expanding_neg,True,none,n/a,121.97,112.66,103.36,16.51,Lower Half,Squeezing,15.0,66.0,1.0
ARFIN,Arfin India Limited,NSE,89.24,90.85,91.81,89.35,82.77,71.84,-1.77,-2.8,-0.13,7.81,24.22,False,False,False,N/A,N/A (need ~4y hist),n/a,n/a,-0.405,0.358,-0.763,below,contracting_neg,False,none,below,98.54,92.59,86.64,12.86,Lower Half,Squeezing,46.0,215.0,1.0
SGMART,SG Mart Limited,NSE,575.35,583.38,583.84,553.64,503.77,,-1.38,-1.45,3.92,14.21,,False,False,False,N/A,N/A (need ~4y hist),n/a,n/a,5.316,12.284,-6.968,below,contracting_neg,True,none,above,626.62,596.32,566.02,10.16,Lower Half,Squeezing,39.0,180.0,1.0
SHADOWFAX,Shadowfax Technologies Limited,NSE,201.07,196.34,188.07,168.04,,,2.41,6.91,19.66,,,False,False,False,N/A,N/A (need ~4y hist),n/a,n/a,10.421,11.506,-1.085,below,contracting_neg,True,none,n/a,215.71,189.53,163.35,27.63,Upper Half,Neutral,19.0,88.0,1.0
MCL,Madhav Copper Limited,NSE,59.6,60.79,61.13,61.81,62.04,60.22,-1.95,-2.51,-3.57,-3.94,-1.03,False,False,False,58.12,N/A (need ~4y hist),above,n/a,-0.264,-0.04,-0.224,below,expanding_neg,False,none,below,64.14,61.61,59.07,8.24,Lower Half,Squeezing,75.0,353.0,1.0
KSR,KSR Footwear Limited,NSE,33.0,33.71,34.57,34.48,33.11,,-2.12,-4.54,-4.29,-0.34,,False,False,False,N/A,N/A (need ~4y hist),n/a,n/a,-0.692,-0.357,-0.334,below,contracting_neg,False,none,n/a,38.84,35.26,31.69,20.29,Lower Half,Neutral,28.0,128.0,1.0
PARKHOSPS,Park Medi World Limited,NSE,281.75,280.27,268.01,243.81,217.49,,0.53,5.13,15.56,29.55,,False,False,False,N/A,N/A (need ~4y hist),n/a,n/a,14.088,14.155,-0.067,below,expanding_neg,True,none,n/a,302.37,267.24,232.11,26.29,Upper Half,Expanding,25.0,116.0,1.0
CLEANMAX,Clean Max Enviro Energy Solutions Limited,NSE,1217.0,1154.45,1144.56,1080.94,,,5.42,6.33,12.59,,,False,False,False,N/A,N/A (need ~4y hist),n/a,n/a,17.687,22.436,-4.749,below,contracting_neg,True,none,n/a,1335.24,1180.05,1024.86,26.3,Upper Half,Neutral,14.0,64.0,1.0
GKSL,Gujarat Kidney And Super Speciality Limited,NSE,131.05,134.38,134.06,126.84,119.34,,-2.48,-2.24,3.32,9.81,,False,False,False,N/A,N/A (need ~4y hist),n/a,n/a,2.046,4.159,-2.113,below,expanding_neg,True,none,n/a,146.61,138.55,130.5,11.62,Lower Half,Squeezing,23.0,108.0,1.0
VIDYAWIRES,Vidya Wires Limited,NSE,93.62,101.58,97.61,85.68,73.78,,-7.84,-4.09,9.27,26.89,,False,False,False,N/A,N/A (need ~4y hist),n/a,n/a,5.584,6.916,-1.332,below,expanding_neg,True,bearish,n/a,115.22,98.48,81.73,34.0,Lower Half,Expanding,26.0,121.0,1.0
AMANTA,Amanta Healthcare Limited,NSE,133.49,127.89,128.39,124.56,120.26,,4.38,3.97,7.17,11.0,,False,False,False,N/A,N/A (need ~4y hist),n/a,n/a,0.026,0.468,-0.443,below,contracting_neg,True,bearish,above,139.52,129.26,119.0,15.88,Upper Half,Squeezing,39.0,181.0,1.0
KOVAI,,,,,,,,,,,,,,,,,,,,,,,,,,,,,,,,,,,,,
NOVARTIND,,,,,,,,,,,,,,,,,,,,,,,,,,,,,,,,,,,,,
NITTAGELA,,,,,,,,,,,,,,,,,,,,,,,,,,,,,,,,,,,,,
COCKERILL,,,,,,,,,,,,,,,,,,,,,,,,,,,,,,,,,,,,,
SEDEMAC,,,,,,,,,,,,,,,,,,,,,,,,,,,,,,,,,,,,,
ELPROINTL,,,,,,,,,,,,,,,,,,,,,,,,,,,,,,,,,,,,,
CMPDI,,,,,,,,,,,,,,,,,,,,,,,,,,,,,,,,,,,,,
KPL,,,,,,,,,,,,,,,,,,,,,,,,,,,,,,,,,,,,,
DECNGOLD,,,,,,,,,,,,,,,,,,,,,,,,,,,,,,,,,,,,,
SAIPARENT,,,,,,,,,,,,,,,,,,,,,,,,,,,,,,,,,,,,,
WELSPLSOL,,,,,,,,,,,,,,,,,,,,,,,,,,,,,,,,,,,,,
MMWL,,,,,,,,,,,,,,,,,,,,,,,,,,,,,,,,,,,,,
KISSHT,,,,,,,,,,,,,,,,,,,,,,,,,,,,,,,,,,,,,
TIMEX,,,,,,,,,,,,,,,,,,,,,,,,,,,,,,,,,,,,,
POWERICA,,,,,,,,,,,,,,,,,,,,,,,,,,,,,,,,,,,,,
