symbol,name,exchange,CMP,move_start_date,rsi,rsi_state,rsi_initial,rsi_above50_at_start,rsi_bull_div_base,rsi_hh_with_price,stochrsi_k,stochrsi_d,stochrsi_cross,stochrsi_state,stochrsi_crossup_from_os_at_start,adx,adx_strength,di,adx_initial,obv_trend,vol_gt20avg_on_updays,cmf,cmf_sign,vwap20,px_vs_vwap,atr,atr_pct,atr_initial,atr_expansion_x,wk_rsi,wk_adx,wk_di,weekly_bars,bars_daily,leading_score_10
SHADOWFAX,Shadowfax Technologies Limited,NSE,201.07,2026-01-29,67.5,neutral,100.0,True,False,True,33.0,23.6,bull,neutral,False,49.4,very_strong,+DI>-DI,,falling,yes,0.11,positive,190.51,above,9.57,4.76,,,,,n/a,19.0,88.0,8.0
SPARC,Sun Pharma Advanced Research Company Limited,NSE,212.82,2026-03-23,62.9,neutral,29.9,False,False,True,21.5,16.3,bull,neutral,False,36.7,strong,+DI>-DI,19.3,rising,yes,0.185,positive,208.58,above,13.34,6.27,5.06,2.64,73.7,41.6,+DI>-DI,75.0,354.0,8.0
POWERINDIA,Hitachi Energy India Limited,NSE,36870.0,2026-01-16,61.8,neutral,28.1,False,False,True,20.2,13.8,bull,neutral,True,32.6,strong,+DI>-DI,28.9,rising,yes,0.129,positive,35467.28,above,1393.47,3.78,683.67,2.04,74.2,45.7,+DI>-DI,75.0,354.0,8.0
IDEA,Vodafone Idea Limited,NSE,14.95,2025-09-17,85.4,overbought,62.0,True,False,True,87.6,62.8,bull,overbought,False,59.0,very_strong,+DI>-DI,30.7,rising,yes,0.084,positive,13.59,above,0.46,3.08,0.35,1.32,75.0,28.6,+DI>-DI,75.0,354.0,8.0
ADANIGREEN,Adani Green Energy Limited,NSE,1525.7,2026-01-23,71.4,overbought,17.2,False,False,True,24.4,15.6,bull,neutral,True,43.0,very_strong,+DI>-DI,30.9,rising,yes,0.035,positive,1417.1,above,54.69,3.58,33.66,1.62,76.3,31.8,+DI>-DI,75.0,354.0,8.0
GRANULES,Granules India Limited,NSE,789.85,2025-09-29,69.4,neutral,50.1,True,False,False,58.3,52.1,bull,neutral,True,55.1,very_strong,+DI>-DI,36.4,rising,no,0.089,positive,769.82,above,21.5,2.72,14.52,1.48,78.1,29.5,+DI>-DI,75.0,353.0,8.0
GVPIL,GE Power India Limited,NSE,884.1,2026-01-27,71.3,overbought,28.4,False,False,True,76.1,71.7,bull,neutral,False,55.7,very_strong,+DI>-DI,20.9,rising,yes,0.403,positive,788.23,above,42.52,4.81,11.54,3.69,86.8,44.4,+DI>-DI,75.0,354.0,8.0
YASHO,Yasho Industries Limited,NSE,2470.1,2026-01-08,77.9,overbought,17.1,False,False,True,59.0,48.6,bull,neutral,True,40.8,very_strong,+DI>-DI,29.4,rising,yes,0.085,positive,2027.14,above,135.9,5.5,60.27,2.25,78.9,20.8,+DI>-DI,75.0,351.0,8.0
GALAPREC,Gala Precision Engineering Limited,NSE,910.4,2026-01-27,59.7,neutral,30.3,False,False,True,22.3,21.5,bull,neutral,True,42.0,very_strong,+DI>-DI,22.8,rising,yes,0.031,positive,890.45,above,40.39,4.44,22.68,1.78,63.6,28.5,+DI>-DI,75.0,353.0,8.0
PASUPTAC,Pasupati Acrylon Limited,NSE,74.21,2026-03-30,79.0,overbought,33.9,False,False,True,83.3,82.2,bull,overbought,False,43.2,very_strong,+DI>-DI,17.3,rising,yes,0.032,positive,65.4,above,4.04,5.45,2.37,1.71,74.7,31.0,+DI>-DI,75.0,353.0,7.0
VIJAYA,Vijaya Diagnostic Centre Limited,NSE,1372.4,2026-03-30,65.2,neutral,27.3,False,False,False,47.5,33.8,bull,neutral,True,51.1,very_strong,+DI>-DI,31.8,rising,yes,0.057,positive,1312.26,above,60.76,4.43,30.13,2.02,71.5,27.6,+DI>-DI,75.0,353.0,7.0
EMMVEE,Emmvee Photovoltaic Power Limited,NSE,334.35,2025-12-18,71.6,overbought,54.6,True,False,False,77.1,70.2,bull,neutral,True,36.4,strong,+DI>-DI,,rising,yes,0.165,positive,296.35,above,15.18,4.54,13.6,1.12,67.2,,n/a,29.0,137.0,7.0
ATGL,Adani Total Gas Limited,NSE,762.25,2026-03-09,64.3,neutral,23.3,False,False,True,36.9,35.9,bull,neutral,True,44.0,very_strong,+DI>-DI,29.1,flat,yes,0.049,positive,739.1,above,39.79,5.22,13.68,2.91,70.6,35.6,+DI>-DI,75.0,354.0,7.0
PREMEXPLN,Premier Explosives Limited,NSE,685.65,2026-03-30,65.1,neutral,30.8,False,False,True,43.7,38.1,bull,neutral,False,28.6,strong,+DI>-DI,22.8,rising,yes,-0.007,negative,678.5,above,39.89,5.82,25.5,1.56,66.1,16.2,+DI>-DI,75.0,354.0,7.0
SASKEN,Sasken Technologies Limited,NSE,2181.2,2026-03-16,69.2,neutral,26.9,False,False,True,24.0,51.1,bear,neutral,True,59.6,very_strong,+DI>-DI,26.7,rising,no,0.202,positive,1829.74,above,119.57,5.48,53.98,2.22,74.7,27.1,+DI>-DI,75.0,353.0,7.0
BALAMINES,Balaji Amines Limited,NSE,2043.3,2026-03-30,69.3,neutral,40.9,False,False,False,70.5,69.5,bull,neutral,False,43.0,very_strong,+DI>-DI,12.7,rising,yes,0.433,positive,1840.07,above,118.03,5.78,51.22,2.3,81.1,31.1,+DI>-DI,75.0,354.0,7.0
CENTUM,Centum Electronics Limited,NSE,3459.9,2026-01-09,64.9,neutral,35.3,False,False,True,73.1,86.4,bear,neutral,True,28.5,strong,+DI>-DI,15.1,rising,yes,0.062,positive,3214.42,above,172.79,4.99,102.37,1.69,66.0,42.0,+DI>-DI,75.0,352.0,7.0
PARACABLES,Paramount Communications Limited,NSE,67.32,2026-03-30,64.1,neutral,31.9,False,False,False,29.4,26.6,bull,neutral,True,39.4,strong,+DI>-DI,17.8,rising,yes,0.132,positive,61.67,above,4.81,7.14,1.98,2.43,74.6,36.5,+DI>-DI,75.0,354.0,7.0
NINSYS,NINtec Systems Limited,NSE,724.15,2026-03-23,81.1,overbought,34.9,False,False,True,42.3,55.6,none,neutral,False,73.3,very_strong,+DI>-DI,11.9,rising,yes,0.434,positive,634.3,above,38.33,5.29,17.53,2.19,85.8,42.0,+DI>-DI,75.0,353.0,7.0
POLYCAB,Polycab India Limited,NSE,9699.0,2026-01-23,73.6,overbought,31.1,False,False,True,38.7,27.6,bull,neutral,True,36.9,strong,+DI>-DI,27.1,rising,no,0.03,positive,9306.56,above,209.91,2.16,211.36,0.99,69.8,23.0,+DI>-DI,75.0,354.0,7.0
GVT&D,GE Vernova T&D India Limited,NSE,5067.0,2026-01-21,63.2,neutral,30.9,False,False,False,48.7,38.0,bull,neutral,True,34.7,strong,+DI>-DI,23.2,rising,yes,0.107,positive,4799.25,above,216.15,4.27,118.04,1.83,72.8,44.4,+DI>-DI,75.0,354.0,7.0
THERMAX,Thermax Limited,NSE,4832.1,2025-12-10,63.1,neutral,28.7,False,False,True,32.9,53.1,bear,neutral,True,58.1,very_strong,+DI>-DI,33.4,rising,no,0.098,positive,4705.58,above,195.8,4.05,74.72,2.62,73.6,33.3,+DI>-DI,75.0,353.0,7.0
BLUSPRING,Bluspring Enterprises Limited,NSE,93.35,2026-03-19,78.0,overbought,27.7,False,False,True,79.3,81.4,bear,neutral,True,47.3,very_strong,+DI>-DI,40.5,rising,yes,0.349,positive,83.14,above,5.29,5.67,2.75,1.92,71.0,34.9,+DI>-DI,52.0,245.0,7.0
KIRLOSENG,Kirloskar Oil Engines Limited,NSE,1913.3,2025-10-14,65.0,neutral,38.7,False,False,True,68.2,70.2,none,neutral,True,29.8,strong,+DI>-DI,15.9,rising,yes,0.167,positive,1760.53,above,78.09,4.08,24.56,3.18,74.4,35.6,+DI>-DI,75.0,353.0,7.0
VINDHYATEL,Vindhya Telelinks Limited,NSE,1993.3,2026-03-30,59.7,neutral,35.6,False,False,True,48.5,64.0,none,neutral,False,48.5,very_strong,+DI>-DI,25.1,rising,yes,0.174,positive,1977.13,above,145.01,7.27,61.66,2.35,64.5,34.9,+DI>-DI,75.0,354.0,7.0
ASTRAMICRO,Astra Microwave Products Limited,NSE,1419.5,2026-03-30,73.3,overbought,33.7,False,False,True,63.1,56.2,bull,neutral,True,31.0,strong,+DI>-DI,24.5,rising,yes,0.216,positive,1322.05,above,60.72,4.28,39.67,1.53,74.7,25.2,+DI>-DI,75.0,354.0,7.0
LAURUSLABS,Laurus Labs Limited,NSE,1446.8,2025-09-26,81.3,overbought,34.8,False,False,True,52.7,35.2,bull,neutral,True,50.2,very_strong,+DI>-DI,34.1,rising,no,0.356,positive,1341.51,above,29.99,2.07,26.17,1.15,80.1,34.1,+DI>-DI,75.0,354.0,7.0
SUPRIYA,Supriya Lifescience Limited,NSE,947.95,2026-03-23,66.8,neutral,28.8,False,False,True,25.6,37.2,none,neutral,False,47.8,very_strong,+DI>-DI,38.2,rising,yes,0.387,positive,922.01,above,51.81,5.47,23.57,2.2,74.6,28.6,+DI>-DI,75.0,353.0,7.0
NIBE,NIBE Limited,NSE,1590.4,2026-03-30,79.6,overbought,28.9,False,False,True,82.5,87.3,bear,overbought,True,48.4,very_strong,+DI>-DI,15.4,rising,yes,0.063,positive,1388.03,above,83.7,5.26,52.74,1.59,69.2,21.6,+DI>-DI,70.0,327.0,7.0
ATHERENERG,Ather Energy Limited,NSE,1033.6,2025-09-26,66.0,neutral,56.2,True,False,True,84.5,81.6,none,overbought,True,35.6,strong,+DI>-DI,70.1,rising,no,0.012,positive,957.71,above,45.7,4.42,29.12,1.57,73.7,49.6,+DI>-DI,57.0,272.0,7.0
ONELIFECAP,Onelife Capital Advisors Limited,NSE,26.59,2025-10-17,65.2,neutral,39.3,False,False,True,1.8,4.6,none,oversold,True,50.6,very_strong,+DI>-DI,17.5,rising,no,0.095,positive,21.87,above,1.56,5.87,0.87,1.8,75.7,30.8,+DI>-DI,75.0,353.0,7.0
RUBYMILLS,The Ruby Mills Limited,NSE,337.85,2026-03-02,80.6,overbought,19.1,False,False,True,94.1,82.3,none,overbought,True,63.2,very_strong,+DI>-DI,24.0,rising,yes,0.528,positive,286.63,above,18.11,5.36,7.86,2.3,76.0,28.8,+DI>-DI,75.0,352.0,7.0
GRWRHITECH,Garware Hi-Tech Films Limited,NSE,5893.0,2026-01-21,63.5,neutral,24.1,False,False,True,14.2,13.0,bull,oversold,True,38.0,strong,+DI>-DI,36.5,rising,no,0.294,positive,5575.3,above,292.36,4.96,117.89,2.48,71.3,25.8,+DI>-DI,75.0,354.0,7.0
JETFREIGHT,Jet Freight Logistics Limited,NSE,23.54,2025-11-03,65.1,neutral,33.7,False,False,False,38.9,28.3,bull,neutral,True,32.5,strong,+DI>-DI,17.6,rising,yes,0.052,positive,22.0,above,1.53,6.49,0.61,2.51,69.3,36.6,+DI>-DI,75.0,353.0,7.0
FCL,Fineotex Chemical Limited,NSE,40.73,2026-03-30,69.8,neutral,28.4,False,False,True,46.9,72.9,bear,neutral,True,48.9,very_strong,+DI>-DI,16.9,rising,yes,0.248,positive,35.31,above,2.34,5.74,0.94,2.49,76.1,32.3,+DI>-DI,75.0,354.0,7.0
KOPRAN,Kopran Limited,NSE,189.08,2026-03-30,59.7,neutral,35.3,False,False,True,16.3,31.0,none,oversold,False,44.6,very_strong,+DI>-DI,16.5,rising,yes,0.045,positive,184.31,above,11.06,5.85,6.12,1.81,62.7,24.1,+DI>-DI,75.0,354.0,7.0
HIRECT,Hind Rectifiers Limited,NSE,1128.4,2026-01-27,66.6,neutral,19.8,False,False,True,61.7,61.6,bull,neutral,True,35.6,strong,+DI>-DI,30.4,rising,no,0.193,positive,1006.29,above,68.91,6.11,29.93,2.3,76.1,21.8,+DI>-DI,75.0,354.0,7.0
NEOGEN,Neogen Chemicals Limited,NSE,1903.6,2025-12-09,67.3,neutral,19.0,False,False,True,93.6,91.2,none,overbought,True,39.0,strong,+DI>-DI,44.8,rising,yes,0.072,positive,1766.39,above,93.54,4.91,46.88,2.0,67.9,32.5,+DI>-DI,75.0,354.0,7.0
KDDL,KDDL Limited,NSE,2904.7,2026-03-30,64.3,neutral,35.4,False,False,True,77.8,75.4,bull,neutral,True,32.9,strong,+DI>-DI,17.5,rising,no,0.052,positive,2764.76,above,143.45,4.94,113.06,1.27,62.2,14.9,+DI>-DI,75.0,352.0,7.0
NEPHROPLUS,Nephrocare Health Services Limited,NSE,675.85,2025-12-19,69.7,neutral,100.0,True,False,False,65.3,60.5,none,neutral,False,31.1,strong,+DI>-DI,,rising,yes,0.101,positive,619.16,above,28.14,4.16,,,73.9,,n/a,25.0,115.0,7.0
SANSTAR,Sanstar Limited,NSE,117.96,2026-03-30,63.4,neutral,33.6,False,False,True,19.0,19.3,none,oversold,True,43.3,very_strong,+DI>-DI,43.9,rising,yes,0.139,positive,110.57,above,6.28,5.32,3.68,1.71,73.8,25.1,+DI>-DI,75.0,354.0,7.0
STEELXIND,STEEL EXCHANGE INDIA LIMITED,NSE,12.34,2026-03-23,67.0,neutral,28.2,False,False,True,54.7,60.3,none,neutral,True,27.0,strong,+DI>-DI,19.9,rising,yes,0.005,positive,11.81,above,0.61,4.98,0.35,1.78,69.6,20.8,+DI>-DI,75.0,354.0,7.0
BLISSGVS,Bliss GVS Pharma Limited,NSE,438.35,2025-11-07,75.6,overbought,22.3,False,False,True,68.7,71.2,bear,neutral,True,53.3,very_strong,+DI>-DI,29.7,rising,yes,0.38,positive,350.29,above,21.86,4.99,5.96,3.67,88.1,46.7,+DI>-DI,75.0,354.0,7.0
MTARTECH,Mtar Technologies Limited,NSE,7535.5,2025-09-15,58.3,neutral,69.6,True,False,False,31.1,22.8,bull,neutral,False,39.7,strong,+DI>-DI,26.4,flat,yes,0.195,positive,7425.74,above,455.25,6.04,58.76,7.75,81.8,59.9,+DI>-DI,75.0,354.0,7.0
ADANIENT,Adani Enterprises Limited,NSE,3048.2,2026-03-30,75.8,overbought,28.7,False,False,True,23.5,25.6,none,neutral,False,52.6,very_strong,+DI>-DI,35.9,rising,yes,0.265,positive,2795.82,above,86.9,2.85,69.74,1.25,74.7,32.0,+DI>-DI,75.0,354.0,7.0
KSHINTL,KSH International Limited,NSE,819.45,2026-01-13,67.4,neutral,19.2,False,False,True,71.4,76.4,bear,neutral,False,41.7,very_strong,+DI>-DI,,rising,yes,0.001,positive,751.3,above,50.17,6.12,20.36,2.46,91.0,,n/a,24.0,112.0,7.0
CPPLUS,Aditya Infotech Limited,NSE,3501.9,2025-09-26,88.3,overbought,39.2,False,False,True,97.1,99.0,bear,overbought,True,47.0,very_strong,+DI>-DI,47.9,rising,yes,0.291,positive,2959.74,above,164.1,4.69,59.87,2.74,87.9,50.3,+DI>-DI,44.0,207.0,7.0
CONFIPET,Confidence Petroleum India Limited,NSE,77.61,2026-03-09,73.7,overbought,32.4,False,False,True,99.3,84.5,none,overbought,True,44.9,very_strong,+DI>-DI,35.2,rising,yes,0.298,positive,65.96,above,4.9,6.32,1.46,3.36,78.2,51.9,+DI>-DI,75.0,354.0,7.0
NETWEB,Netweb Technologies India Limited,NSE,4666.0,2025-09-16,63.8,neutral,63.3,True,False,False,83.8,91.0,bear,overbought,False,29.7,strong,+DI>-DI,48.6,rising,yes,0.091,positive,4411.62,above,239.17,5.13,165.29,1.45,66.3,42.4,+DI>-DI,75.0,354.0,7.0
SKYGOLD,SKY GOLD AND DIAMONDS LIMITED,NSE,528.45,2025-09-30,60.8,neutral,33.9,False,False,True,75.4,91.8,bear,neutral,True,43.6,very_strong,+DI>-DI,19.0,rising,no,0.041,positive,497.5,above,29.31,5.55,11.84,2.48,66.8,30.5,+DI>-DI,75.0,354.0,7.0
SAKAR,Sakar Healthcare Limited,NSE,773.2,2025-09-16,57.3,neutral,53.4,True,False,False,4.1,31.3,bear,oversold,False,44.7,very_strong,+DI>-DI,12.4,rising,yes,0.141,positive,716.35,above,49.39,6.39,12.84,3.85,73.9,49.1,+DI>-DI,75.0,354.0,7.0
RUBICON,Rubicon Research Limited,NSE,1202.5,2025-10-24,66.2,neutral,100.0,True,False,True,71.2,85.3,bear,neutral,False,51.7,very_strong,+DI>-DI,,rising,no,0.176,positive,1211.52,below,69.93,5.82,,,80.1,39.6,+DI>-DI,34.0,156.0,7.0
TDPOWERSYS,TD Power Systems Limited,NSE,1312.8,2025-09-18,59.5,neutral,52.1,True,False,False,32.3,20.1,bull,neutral,True,40.9,very_strong,+DI>-DI,25.2,falling,no,0.271,positive,1268.37,above,66.23,5.04,20.84,3.18,79.1,45.5,+DI>-DI,75.0,354.0,7.0
ACUTAAS,Acutaas Chemicals Limited,NSE,3328.3,2025-09-30,74.6,overbought,32.9,False,False,True,73.9,52.4,bull,neutral,True,50.6,very_strong,+DI>-DI,35.9,rising,no,0.278,positive,2965.31,above,118.51,3.56,43.3,2.74,79.4,61.1,+DI>-DI,75.0,354.0,7.0
SPORTKING,Sportking India Limited,NSE,180.38,2026-01-21,63.7,neutral,28.0,False,False,True,59.4,70.8,bear,neutral,True,39.6,strong,+DI>-DI,28.3,rising,yes,0.032,positive,174.73,above,10.0,5.55,3.09,3.24,80.1,42.7,+DI>-DI,75.0,353.0,7.0
ADANIENSOL,Adani Energy Solutions Limited,NSE,1579.0,2026-01-23,71.1,overbought,25.1,False,False,True,57.8,59.6,none,neutral,False,27.8,strong,+DI>-DI,33.9,rising,no,0.18,positive,1412.58,above,61.8,3.91,34.26,1.8,74.7,30.4,+DI>-DI,75.0,354.0,6.0
IOLCP,IOL Chemicals and Pharmaceuticals Limited,NSE,131.68,2026-03-17,66.2,neutral,37.3,False,False,True,20.0,20.8,bear,oversold,True,57.8,very_strong,+DI>-DI,11.1,flat,yes,0.146,positive,119.25,above,7.12,5.41,2.75,2.59,79.8,32.4,+DI>-DI,75.0,354.0,6.0
RRKABEL,R R Kabel Limited,NSE,2223.4,2025-09-26,77.8,overbought,43.1,False,False,False,100.0,71.6,none,overbought,True,50.3,very_strong,+DI>-DI,21.0,rising,yes,0.116,positive,2025.67,above,85.88,3.86,37.86,2.27,78.4,35.1,+DI>-DI,75.0,353.0,6.0
STLNETWORK,STL Networks Limited,NSE,28.2,2026-03-30,52.9,neutral,23.9,False,False,True,63.4,67.6,none,neutral,True,26.4,strong,+DI>-DI,15.3,rising,no,0.204,positive,27.24,above,1.65,5.86,0.93,1.78,60.8,32.0,+DI>-DI,40.0,187.0,6.0
PAISALO,Paisalo Digital Limited,NSE,57.87,2026-03-13,81.0,overbought,30.5,False,False,False,100.0,98.6,bull,overbought,True,44.4,very_strong,+DI>-DI,26.7,rising,yes,0.074,positive,50.5,above,2.27,3.92,1.3,1.74,76.0,27.0,+DI>-DI,75.0,354.0,6.0
VETO,Veto Switchgears And Cables Limited,NSE,143.79,2026-03-30,83.7,overbought,24.2,False,False,True,88.3,81.5,bull,overbought,False,32.5,strong,+DI>-DI,26.7,rising,yes,0.327,positive,128.28,above,5.61,3.9,4.05,1.38,72.3,16.2,+DI>-DI,75.0,354.0,6.0
SOLARINDS,Solar Industries India Limited,NSE,18441.0,2025-12-18,67.2,neutral,23.0,False,False,True,13.9,19.4,none,oversold,True,44.5,very_strong,+DI>-DI,40.7,falling,yes,0.218,positive,17774.76,above,489.44,2.65,292.27,1.67,73.3,27.9,+DI>-DI,75.0,353.0,6.0
SBCL,Shivalik Bimetal Controls Limited,NSE,712.7,2026-03-24,61.8,neutral,30.3,False,False,True,29.8,44.8,none,neutral,True,49.7,very_strong,+DI>-DI,26.7,rising,yes,-0.11,negative,697.03,above,35.5,4.98,19.5,1.82,69.6,30.4,+DI>-DI,75.0,353.0,6.0
AMBIKCO,Ambika Cotton Mills Limited,NSE,1633.9,2026-01-21,56.5,neutral,21.9,False,False,True,58.8,81.3,bear,neutral,True,41.8,very_strong,+DI>-DI,33.3,rising,no,-0.206,negative,1633.41,above,64.75,3.96,32.73,1.98,64.5,23.6,+DI>-DI,75.0,353.0,6.0
RHETAN,Rhetan TMT Limited,NSE,30.66,2025-09-26,66.5,neutral,100.0,True,False,True,85.6,86.5,bear,overbought,False,19.9,weak,+DI>-DI,,rising,no,0.157,positive,28.73,above,1.09,3.56,,,70.3,26.9,+DI>-DI,37.0,171.0,6.0
GANDHAR,Gandhar Oil Refinery (India) Limited,NSE,160.73,2026-03-30,57.9,neutral,29.5,False,False,True,20.9,16.6,bull,neutral,False,27.2,strong,+DI>-DI,19.9,rising,no,-0.264,negative,161.98,below,7.72,4.8,5.73,1.35,58.0,25.9,+DI>-DI,75.0,354.0,6.0
GLAND,Gland Pharma Limited,NSE,2273.0,2026-03-19,64.8,neutral,33.2,False,False,True,15.4,28.5,none,oversold,False,38.2,strong,+DI>-DI,24.0,falling,yes,0.188,positive,2199.74,above,81.91,3.6,57.83,1.42,68.6,28.3,+DI>-DI,75.0,353.0,6.0
524520,KMC Speciality Hospitals (India) Ltd,BSE,114.5,2025-09-15,74.5,overbought,45.3,False,False,True,75.3,87.1,bear,neutral,True,37.7,strong,+DI>-DI,21.7,rising,yes,0.085,positive,106.86,above,5.18,4.52,2.03,2.55,82.1,46.7,+DI>-DI,75.0,351.0,6.0
TIPSMUSIC,Tips Music Limited,NSE,690.95,2025-11-10,63.2,neutral,28.9,False,False,True,34.0,26.8,bull,neutral,True,32.8,strong,+DI>-DI,28.4,rising,no,-0.148,negative,666.94,above,26.41,3.82,18.16,1.45,66.5,25.8,+DI>-DI,75.0,354.0,6.0
SHREEJISPG,Shreeji Shipping Global Limited,NSE,472.95,2025-10-08,70.4,overbought,17.2,False,False,True,29.4,42.9,none,neutral,True,45.8,very_strong,+DI>-DI,63.9,falling,yes,0.043,positive,447.58,above,16.06,3.4,9.01,1.78,74.6,36.7,+DI>-DI,41.0,193.0,6.0
DIACABS,Diamond Power Infrastructure Limited,NSE,203.6,2026-03-23,62.9,neutral,35.7,False,False,False,26.5,20.6,bull,neutral,True,58.1,very_strong,+DI>-DI,13.3,falling,yes,0.048,positive,194.18,above,10.67,5.24,6.9,1.55,76.6,28.6,+DI>-DI,75.0,354.0,6.0
MAYURUNIQ,Mayur Uniquoters Ltd,NSE,733.65,2026-01-09,64.1,neutral,39.4,False,False,True,24.4,31.0,none,neutral,True,49.0,very_strong,+DI>-DI,21.3,falling,yes,0.159,positive,692.4,above,33.14,4.52,14.44,2.3,73.2,29.8,+DI>-DI,75.0,352.0,6.0
CRAFTSMAN,Craftsman Automation Limited,NSE,9065.0,2025-10-15,64.4,neutral,34.4,False,False,True,28.0,25.0,bull,neutral,True,47.5,very_strong,+DI>-DI,22.3,falling,no,-0.324,negative,8839.15,above,335.65,3.7,158.29,2.12,66.4,37.3,+DI>-DI,75.0,352.0,6.0
SAREGAMA,Saregama India Limited,NSE,476.2,2026-04-07,75.2,overbought,38.5,False,False,True,84.5,88.5,bear,overbought,True,54.7,very_strong,+DI>-DI,15.1,rising,no,0.117,positive,411.18,above,21.24,4.46,13.95,1.52,70.8,23.3,+DI>-DI,75.0,353.0,6.0
JAYBARMARU,Jay Bharat Maruti Limited,NSE,127.97,2026-03-30,74.3,overbought,32.5,False,False,True,88.6,87.0,none,overbought,False,34.2,strong,+DI>-DI,21.2,rising,yes,0.04,positive,117.36,above,6.34,4.96,5.51,1.15,65.4,20.1,+DI>-DI,75.0,353.0,6.0
APARINDS,Apar Industries Limited,NSE,13878.0,2026-01-21,66.7,neutral,13.7,False,False,True,90.5,73.1,bull,overbought,True,31.2,strong,+DI>-DI,39.8,rising,no,0.057,positive,13008.06,above,546.32,3.94,237.01,2.31,72.0,35.7,+DI>-DI,75.0,354.0,6.0
ARVIND,Arvind Limited,NSE,493.7,2025-10-10,63.6,neutral,32.6,False,False,False,9.8,18.3,bear,oversold,True,48.1,very_strong,+DI>-DI,21.0,rising,no,0.079,positive,473.28,above,19.34,3.92,8.88,2.18,75.9,33.2,+DI>-DI,75.0,354.0,6.0
RSWM,RSWM Limited,NSE,197.1,2026-03-30,74.6,overbought,25.0,False,False,False,66.8,52.7,bull,neutral,True,34.4,strong,+DI>-DI,27.4,rising,yes,0.088,positive,187.45,above,9.85,5.0,5.57,1.77,67.2,21.0,+DI>-DI,75.0,353.0,6.0
GANESHBE,Ganesh Benzoplast Limited,NSE,111.95,2026-02-02,69.6,neutral,30.6,False,False,True,68.0,34.6,bull,neutral,True,20.1,weak,+DI>-DI,32.8,rising,no,0.127,positive,103.28,above,5.58,4.98,2.53,2.2,68.4,23.3,+DI>-DI,75.0,353.0,6.0
AFIL,Akme Fintrade (India) Limited,NSE,10.59,2026-01-29,69.9,neutral,12.0,False,False,False,87.0,83.8,bull,overbought,True,26.9,strong,+DI>-DI,57.8,rising,yes,0.293,positive,9.56,above,0.46,4.32,0.25,1.87,68.5,31.4,+DI>-DI,75.0,353.0,6.0
MCLEODRUSS,Mcleod Russel India Limited,NSE,70.91,2026-03-30,58.5,neutral,24.8,False,False,True,0.0,17.0,none,oversold,True,44.3,very_strong,+DI>-DI,24.5,falling,no,0.279,positive,69.97,above,2.07,2.92,2.34,0.88,67.3,24.7,+DI>-DI,75.0,352.0,6.0
SANDHAR,Sandhar Technologies Limited,NSE,703.1,2026-03-30,70.6,overbought,31.6,False,False,True,63.5,64.9,bear,neutral,False,38.3,strong,+DI>-DI,29.7,rising,no,0.243,positive,642.66,above,36.93,5.25,19.84,1.86,70.9,19.2,+DI>-DI,75.0,354.0,6.0
STLTECH,Sterlite Technologies Limited,NSE,619.25,2026-01-27,82.2,overbought,26.7,False,False,True,79.0,93.0,bear,neutral,True,69.0,very_strong,+DI>-DI,15.0,rising,no,0.258,positive,480.17,above,26.14,4.22,3.98,6.57,96.0,60.6,+DI>-DI,75.0,354.0,6.0
SHILPAMED,Shilpa Medicare Limited,NSE,538.05,2026-01-23,77.3,overbought,16.2,False,False,True,66.4,56.1,none,neutral,True,62.2,very_strong,+DI>-DI,48.2,rising,no,0.009,positive,496.71,above,22.46,4.17,10.01,2.24,78.3,37.2,+DI>-DI,75.0,354.0,6.0
526775,Valiant Communications Ltd,BSE,1239.3,2025-09-12,63.6,neutral,46.3,False,False,False,19.1,30.3,none,oversold,True,36.5,strong,+DI>-DI,19.4,rising,yes,0.282,positive,1162.44,above,64.07,5.17,29.59,2.17,68.8,30.0,+DI>-DI,75.0,352.0,6.0
WHEELS,Wheels India Limited,NSE,1487.7,2026-01-27,54.0,neutral,24.8,False,False,True,3.1,2.1,bull,oversold,True,43.3,very_strong,+DI>-DI,30.8,falling,no,0.126,positive,1554.77,below,85.67,5.76,26.82,3.19,69.1,39.0,+DI>-DI,75.0,354.0,6.0
PARKHOSPS,Park Medi World Limited,NSE,281.75,2026-01-12,64.2,neutral,74.8,True,False,False,44.0,49.1,bear,neutral,False,49.5,very_strong,+DI>-DI,,rising,no,-0.0,negative,264.43,above,10.84,3.85,9.88,1.1,69.4,,n/a,25.0,116.0,6.0
511523,Veerhealth Care Ltd,BSE,24.25,2025-11-25,73.7,overbought,32.9,False,False,True,5.3,35.1,bear,oversold,True,29.6,strong,+DI>-DI,13.8,rising,yes,0.673,positive,23.4,above,0.79,3.25,0.83,0.95,75.7,33.1,+DI>-DI,75.0,351.0,6.0
AVALON,Avalon Technologies Limited,NSE,1607.9,2026-01-28,70.4,overbought,28.6,False,False,False,56.1,41.8,bull,neutral,True,29.3,strong,+DI>-DI,16.2,rising,no,0.268,positive,1439.22,above,88.75,5.52,32.25,2.75,74.2,28.9,+DI>-DI,75.0,354.0,6.0
JNKINDIA,JNK India Limited,NSE,421.3,2026-01-21,66.6,neutral,27.2,False,False,True,71.8,48.1,bull,neutral,True,25.9,strong,+DI>-DI,17.7,flat,no,0.07,positive,388.71,above,24.09,5.72,10.28,2.34,70.1,25.6,+DI>-DI,75.0,353.0,6.0
BBOX,Black Box Limited,NSE,1072.9,2026-03-30,88.4,overbought,31.4,False,False,True,19.0,27.3,none,oversold,True,68.0,very_strong,+DI>-DI,12.8,rising,no,0.238,positive,901.84,above,45.53,4.24,24.41,1.87,85.5,28.5,+DI>-DI,75.0,354.0,6.0
NRBBEARING,NRB Bearing Limited,NSE,385.65,2026-03-30,72.2,overbought,26.3,False,False,True,22.8,10.7,bull,neutral,True,47.5,very_strong,+DI>-DI,20.3,falling,no,0.029,positive,352.84,above,15.24,3.95,11.42,1.33,73.3,23.7,+DI>-DI,75.0,353.0,6.0
VENUSREM,Venus Remedies Limited,NSE,1633.5,2025-09-19,88.4,overbought,29.9,False,False,True,100.0,100.0,none,overbought,True,38.7,strong,+DI>-DI,35.2,rising,yes,0.604,positive,1268.44,above,58.08,3.56,17.37,3.34,80.2,48.3,+DI>-DI,75.0,352.0,6.0
E2E,E2E Networks Limited,NSE,452.9,2025-12-29,75.9,overbought,28.0,False,False,True,74.8,80.8,bear,neutral,False,39.5,strong,+DI>-DI,32.6,rising,yes,0.293,positive,377.39,above,20.91,4.62,9.75,2.15,75.5,31.4,+DI>-DI,75.0,354.0,6.0
SIGMAADV,SIGMA ADVANCED SYSTEMS LIMITED,NSE,435.8,2026-03-16,73.4,overbought,31.3,False,False,True,77.3,83.2,bear,neutral,True,69.4,very_strong,+DI>-DI,21.0,rising,no,0.343,positive,387.76,above,20.9,4.8,8.5,2.46,84.1,37.5,+DI>-DI,75.0,353.0,6.0
ATLANTAELE,Atlanta Electricals Limited,NSE,2044.0,2026-01-27,66.4,neutral,26.0,False,False,False,87.4,92.5,bear,overbought,True,41.9,very_strong,+DI>-DI,17.6,rising,no,0.202,positive,1808.11,above,99.49,4.87,40.67,2.45,79.0,37.1,+DI>-DI,36.0,169.0,6.0
ANTELOPUS,Antelopus Selan Energy Limited,NSE,899.35,2026-01-12,73.2,overbought,30.7,False,False,True,95.0,97.0,bear,overbought,True,44.4,very_strong,+DI>-DI,29.2,rising,no,0.13,positive,771.54,above,40.19,4.47,20.24,1.99,71.3,37.2,+DI>-DI,75.0,354.0,6.0
CEMPRO,Cemindia Projects Limited,NSE,1112.8,2026-03-23,71.7,overbought,29.2,False,False,False,74.0,72.8,bull,neutral,False,45.7,very_strong,+DI>-DI,30.8,rising,no,0.286,positive,981.45,above,54.1,4.86,24.67,2.19,74.7,32.0,+DI>-DI,75.0,354.0,6.0
MODISONLTD,MODISON LIMITED,NSE,362.7,2026-03-23,94.8,overbought,31.6,False,False,False,100.0,100.0,none,overbought,False,66.9,very_strong,+DI>-DI,27.4,rising,yes,0.568,positive,260.21,above,14.62,4.03,5.95,2.46,86.9,26.8,+DI>-DI,75.0,353.0,6.0
500449,Hindustan Organic Chemicals Ltd,BSE,40.67,2026-03-30,59.3,neutral,23.9,False,False,True,16.0,22.7,none,oversold,True,36.9,strong,+DI>-DI,15.8,rising,no,0.16,positive,39.97,above,2.45,6.01,1.71,1.43,64.8,20.5,+DI>-DI,75.0,351.0,6.0
HFCL,HFCL Limited,NSE,187.23,2026-01-27,72.7,overbought,38.8,False,False,True,73.8,88.0,bear,neutral,True,64.3,very_strong,+DI>-DI,15.7,rising,no,0.156,positive,163.68,above,9.82,5.25,2.84,3.46,91.1,45.3,+DI>-DI,75.0,354.0,6.0
UNIVCABLES,Universal Cables Limited,NSE,1227.5,2026-03-16,65.6,neutral,25.8,False,False,False,52.4,54.9,bear,neutral,True,43.6,very_strong,+DI>-DI,36.1,rising,no,0.009,positive,1148.4,above,83.41,6.79,31.43,2.65,69.7,32.1,+DI>-DI,75.0,354.0,6.0
ATALREAL,Atal Realtech Limited,NSE,30.43,2025-09-15,69.0,neutral,48.4,False,False,False,65.6,38.9,bull,neutral,False,34.4,strong,+DI>-DI,12.3,falling,yes,0.0,positive,29.44,above,1.1,3.6,0.82,1.34,69.2,23.2,+DI>-DI,75.0,352.0,6.0
DEEDEV,DEE Development Engineers Limited,NSE,671.15,2026-01-27,79.7,overbought,33.4,False,False,True,87.0,92.9,bear,overbought,True,49.6,very_strong,+DI>-DI,14.8,rising,no,0.53,positive,533.96,above,31.61,4.71,9.72,3.25,87.1,44.6,+DI>-DI,75.0,353.0,6.0
GAYAPROJ,Gayatri Projects Limited,NSE,20.53,2025-09-15,64.3,neutral,73.8,True,False,False,87.5,91.5,bear,overbought,False,29.1,strong,+DI>-DI,28.7,rising,no,0.159,positive,19.26,above,1.04,5.06,0.5,2.07,73.0,56.2,+DI>-DI,75.0,354.0,6.0
KERNEX,Kernex Microsystems (India) Limited,NSE,1836.1,2026-03-30,74.3,overbought,27.2,False,False,True,87.8,91.3,bear,overbought,False,48.6,very_strong,+DI>-DI,31.0,rising,no,0.148,positive,1653.24,above,95.62,5.21,48.16,1.99,69.4,24.5,+DI>-DI,75.0,354.0,6.0
INDOBORAX,Indo Borax & Chemicals Limited,NSE,367.4,2025-09-29,84.2,overbought,38.6,False,False,True,99.9,99.3,none,overbought,True,55.9,very_strong,+DI>-DI,12.7,rising,no,0.278,positive,318.33,above,14.63,3.98,11.19,1.31,81.0,44.0,+DI>-DI,75.0,353.0,6.0
SOUTHWEST,South West Pinnacle Exploration Limited,NSE,262.75,2025-10-15,59.2,neutral,31.9,False,False,True,42.3,47.7,none,neutral,False,25.6,strong,+DI>-DI,21.5,rising,yes,-0.146,negative,251.21,above,15.32,5.83,5.4,2.84,64.5,41.5,+DI>-DI,75.0,354.0,6.0
CGPOWER,CG Power and Industrial Solutions Limited,NSE,937.85,2026-01-27,68.1,neutral,22.1,False,False,True,66.7,59.3,bull,neutral,False,28.6,strong,+DI>-DI,41.3,flat,no,0.051,positive,888.75,above,28.0,2.99,20.53,1.36,72.4,27.0,+DI>-DI,75.0,354.0,6.0
RPTECH,Rashi Peripherals Limited,NSE,546.25,2025-09-15,61.7,neutral,61.0,True,False,False,11.2,27.6,bear,oversold,False,41.9,very_strong,+DI>-DI,25.6,rising,yes,-0.077,negative,536.17,above,22.54,4.13,9.22,2.44,76.8,46.1,+DI>-DI,75.0,354.0,6.0
IFCI,IFCI Limited,NSE,79.6,2025-12-18,74.6,overbought,29.5,False,False,False,92.6,94.4,bear,overbought,False,40.1,very_strong,+DI>-DI,20.4,rising,yes,0.336,positive,72.89,above,3.49,4.38,1.48,2.37,69.4,22.6,+DI>-DI,75.0,354.0,6.0
SIS,SIS LIMITED,NSE,417.05,2026-03-23,67.3,neutral,27.3,False,False,False,83.8,88.2,bear,overbought,False,45.5,very_strong,+DI>-DI,38.9,rising,no,0.012,positive,407.93,above,18.1,4.34,9.8,1.85,73.7,33.8,+DI>-DI,75.0,353.0,6.0
SONAMLTD,SONAM LIMITED,NSE,55.72,2025-10-15,52.6,neutral,22.2,False,False,True,54.2,68.5,bear,neutral,True,34.1,strong,+DI>-DI,44.2,rising,yes,0.053,positive,55.86,below,2.93,5.26,2.21,1.33,59.2,26.6,+DI>-DI,75.0,352.0,6.0
BIRLACABLE,Birla Cable Limited,NSE,223.9,2026-03-30,71.4,overbought,26.8,False,False,True,91.1,97.0,bear,overbought,True,33.1,strong,+DI>-DI,20.8,rising,yes,0.292,positive,196.99,above,10.46,4.67,7.35,1.42,73.1,27.1,+DI>-DI,75.0,353.0,6.0
APOLLOPIPE,Apollo Pipes Limited,NSE,497.85,2026-01-21,53.4,neutral,27.3,False,False,True,12.5,6.7,bull,oversold,True,36.1,strong,+DI>-DI,18.5,falling,no,0.207,positive,510.38,below,23.34,4.69,10.79,2.16,67.0,43.2,+DI>-DI,75.0,354.0,6.0
CALSOFT,California Software Company Limited,NSE,20.9,2026-04-06,53.5,neutral,38.1,False,False,True,53.9,55.1,bear,neutral,True,34.4,strong,+DI>-DI,22.2,rising,yes,0.011,positive,22.63,below,1.24,5.95,1.09,1.14,62.6,23.3,+DI>-DI,75.0,353.0,6.0
ASIANENE,Asian Energy Services Limited,NSE,382.1,2026-01-27,70.9,overbought,32.0,False,False,False,58.0,45.6,bull,neutral,False,37.2,strong,+DI>-DI,51.3,rising,yes,0.041,positive,350.49,above,20.71,5.42,14.28,1.45,65.8,16.3,+DI>-DI,75.0,354.0,6.0
IBULLSLTD,Indiabulls Limited,NSE,23.24,2026-02-24,68.0,neutral,24.5,False,False,True,83.3,92.1,bear,overbought,True,39.6,strong,+DI>-DI,46.6,rising,no,0.234,positive,20.82,above,1.23,5.3,0.6,2.04,71.5,35.7,+DI>-DI,75.0,354.0,6.0
SKIPPER,Skipper Limited,NSE,556.6,2026-03-09,69.5,neutral,32.3,False,False,False,85.7,93.8,bear,overbought,False,43.9,very_strong,+DI>-DI,18.1,rising,yes,0.097,positive,521.32,above,24.12,4.33,15.46,1.56,69.7,33.0,+DI>-DI,75.0,353.0,6.0
UNIPARTS,Uniparts India Limited,NSE,633.95,2025-09-29,74.6,overbought,48.6,False,False,True,93.5,81.8,bull,overbought,True,35.3,strong,+DI>-DI,25.5,rising,no,-0.492,negative,607.85,above,24.48,3.86,12.44,1.97,70.6,33.0,+DI>-DI,75.0,353.0,5.0
ZIMLAB,Zim Laboratories Limited,NSE,105.12,2026-03-30,63.7,neutral,37.5,False,False,True,70.5,78.3,bear,neutral,False,39.1,strong,+DI>-DI,14.8,rising,no,-0.115,negative,105.44,below,5.62,5.35,4.35,1.29,71.5,33.2,+DI>-DI,75.0,353.0,5.0
LLOYDSENGG,LLOYDS ENGINEERING WORKS LIMITED,NSE,72.69,2026-03-30,61.1,neutral,34.1,False,False,False,6.5,4.1,bull,oversold,False,41.8,very_strong,+DI>-DI,24.7,flat,no,-0.046,negative,70.85,above,3.28,4.51,2.36,1.39,68.5,26.8,+DI>-DI,75.0,354.0,5.0
MWL,Mangalam Worldwide Limited,NSE,378.8,2025-11-14,73.2,overbought,40.2,False,False,False,9.8,15.7,none,oversold,True,43.6,very_strong,+DI>-DI,26.5,rising,no,0.23,positive,368.9,above,11.6,3.06,12.97,0.89,85.6,28.4,+DI>-DI,75.0,352.0,5.0
SUVEN,Suven Life Sciences Limited,NSE,237.35,2026-03-23,45.7,neutral,32.1,False,False,True,22.0,45.4,bear,neutral,True,45.7,very_strong,+DI>-DI,17.6,rising,yes,0.2,positive,258.4,below,16.72,7.04,7.16,2.33,60.9,30.5,+DI>-DI,75.0,354.0,5.0
AYMSYNTEX,AYM Syntex Limited,NSE,222.74,2026-01-22,51.8,neutral,36.1,False,False,False,75.8,73.0,bull,neutral,True,27.9,strong,+DI>-DI,23.5,rising,no,-0.306,negative,221.78,above,13.75,6.17,9.19,1.5,58.7,20.4,+DI>-DI,75.0,353.0,5.0
SENORES,Senores Pharmaceuticals Limited,NSE,1034.7,2025-09-26,51.6,neutral,42.8,False,False,False,3.7,3.1,bull,oversold,True,39.4,strong,+DI>-DI,16.0,falling,no,0.041,positive,1067.59,below,49.59,4.79,26.31,1.88,65.8,35.9,+DI>-DI,75.0,354.0,5.0
PIRAMALFIN,Piramal Finance Limited,NSE,1977.4,2025-11-07,57.6,neutral,100.0,True,False,False,55.4,33.0,bull,neutral,False,12.5,weak,+DI>-DI,,rising,no,-0.099,negative,1939.32,above,60.07,3.04,,,70.5,72.5,+DI>-DI,31.0,144.0,5.0
SUNFLAG,Sunflag Iron And Steel Company Limited,NSE,372.1,2026-03-30,53.4,neutral,31.4,False,False,False,46.9,41.2,bull,neutral,False,30.6,strong,+DI>-DI,20.9,rising,no,-0.182,negative,383.49,below,23.12,6.21,9.93,2.33,67.7,31.8,+DI>-DI,75.0,354.0,5.0
GHCLTEXTIL,GHCL Textiles Limited,NSE,98.77,2026-03-30,60.9,neutral,32.0,False,False,True,48.2,50.7,none,neutral,True,23.5,weak,+DI>-DI,18.1,rising,yes,0.027,positive,95.66,above,4.3,4.35,3.46,1.24,65.8,18.3,+DI>-DI,75.0,353.0,5.0
WOCKPHARMA,Wockhardt Limited,NSE,1920.9,2026-03-23,60.3,neutral,24.8,False,False,True,35.8,47.6,none,neutral,True,49.7,very_strong,+DI>-DI,20.4,rising,no,-0.175,negative,1949.85,below,123.02,6.4,50.62,2.43,69.6,25.4,+DI>-DI,75.0,354.0,5.0
STYLAMIND,Stylam Industries Limited,NSE,3053.5,2025-09-29,82.7,overbought,39.7,False,False,False,99.6,95.8,none,overbought,True,58.8,very_strong,+DI>-DI,19.5,rising,no,0.148,positive,2770.17,above,96.99,3.18,59.31,1.64,88.0,50.2,+DI>-DI,75.0,354.0,5.0
CLEANMAX,Clean Max Enviro Energy Solutions Limited,NSE,1217.0,2026-03-30,61.3,neutral,30.2,False,False,False,68.6,41.1,none,neutral,True,28.6,strong,+DI>-DI,,rising,no,0.126,positive,1212.6,above,58.5,4.81,91.24,0.64,,,n/a,14.0,64.0,5.0
HINDALCO,Hindalco Industries Limited,NSE,1092.6,2025-09-24,50.9,neutral,56.8,True,False,True,33.4,54.4,none,neutral,True,27.1,strong,-DI>+DI,31.6,flat,yes,0.013,positive,1101.0,below,29.56,2.71,13.02,2.27,68.0,44.9,+DI>-DI,75.0,354.0,5.0
ABB,ABB India Limited,NSE,7167.5,2026-01-20,59.3,neutral,26.6,False,False,True,81.6,80.8,bull,overbought,True,23.2,weak,+DI>-DI,23.0,rising,no,0.025,positive,6697.91,above,201.71,2.81,111.17,1.81,63.4,36.9,+DI>-DI,75.0,354.0,5.0
INOXINDIA,INOX India Limited,NSE,1578.8,2026-01-27,65.1,neutral,36.2,False,False,False,72.0,49.2,bull,neutral,True,21.6,weak,+DI>-DI,21.2,rising,no,0.059,positive,1471.01,above,63.44,4.02,28.97,2.19,73.9,38.2,+DI>-DI,75.0,353.0,5.0
ADFFOODS,ADF Foods Limited,NSE,282.8,2026-03-27,61.7,neutral,27.5,False,False,False,72.0,61.3,none,neutral,True,45.5,very_strong,+DI>-DI,31.8,rising,no,-0.167,negative,277.22,above,13.96,4.94,9.35,1.49,63.9,27.2,+DI>-DI,75.0,354.0,5.0
AGIIL,Agi Infra Limited,NSE,377.2,2025-09-15,52.0,neutral,56.5,True,False,False,74.0,58.6,none,neutral,True,25.3,strong,+DI>-DI,35.0,rising,no,-0.072,negative,381.93,below,20.19,5.35,6.07,3.32,59.9,39.8,+DI>-DI,75.0,354.0,5.0
LLOYDSME,Lloyds Metals And Energy Limited,NSE,1778.6,2026-02-02,55.6,neutral,29.7,False,False,True,32.4,43.6,none,neutral,False,32.2,strong,+DI>-DI,37.6,rising,no,-0.016,negative,1772.06,above,50.54,2.84,41.61,1.21,70.8,32.8,+DI>-DI,75.0,354.0,5.0
543916,Hemant Surgical Industries Ltd,BSE,378.15,2026-03-30,52.9,neutral,26.1,False,False,True,0.0,0.0,none,oversold,True,31.1,strong,+DI>-DI,17.6,falling,no,0.179,positive,388.76,below,22.87,6.05,14.51,1.58,62.7,23.5,+DI>-DI,75.0,351.0,5.0
531911,Galaxy Agrico Exports Ltd,BSE,65.0,2026-02-20,70.4,overbought,34.6,False,False,False,61.9,43.8,none,neutral,True,27.4,strong,+DI>-DI,32.4,rising,no,0.302,positive,59.87,above,3.9,6.0,2.77,1.41,67.7,21.9,+DI>-DI,75.0,352.0,5.0
NDLVENTURE,NDL Ventures Limited,NSE,129.73,2025-09-29,55.9,neutral,41.6,False,False,True,49.5,67.3,bear,neutral,True,24.6,weak,+DI>-DI,20.0,rising,no,0.116,positive,128.05,above,5.8,4.47,4.23,1.37,69.2,61.0,+DI>-DI,75.0,351.0,5.0
KRISHANA,Krishana Phoschem Limited,NSE,666.7,2025-10-01,51.2,neutral,24.1,False,False,True,21.6,30.1,bear,neutral,True,31.7,strong,+DI>-DI,24.9,rising,no,-0.103,negative,681.68,below,26.26,3.94,25.12,1.05,66.3,29.7,+DI>-DI,75.0,353.0,5.0
KINGFA,Kingfa Science & Technology (India) Limited,NSE,5367.0,2025-12-18,59.0,neutral,33.0,False,False,True,15.0,10.1,bull,oversold,True,33.5,strong,+DI>-DI,21.2,falling,no,-0.12,negative,5357.4,above,206.54,3.85,157.99,1.31,63.9,22.9,+DI>-DI,75.0,352.0,5.0
GOCLCORP,GOCL Corporation Limited,NSE,410.85,2026-03-23,72.0,overbought,34.2,False,False,False,94.7,96.9,bear,overbought,False,31.3,strong,+DI>-DI,14.3,rising,yes,0.245,positive,370.91,above,19.02,4.63,10.66,1.78,70.8,24.7,+DI>-DI,75.0,353.0,5.0
NAM-INDIA,Nippon Life India Asset Management Limited,NSE,1113.1,2026-01-27,59.4,neutral,34.3,False,False,False,52.3,29.9,bull,neutral,True,32.6,strong,+DI>-DI,15.3,flat,no,0.115,positive,1087.63,above,39.65,3.56,26.57,1.49,67.3,26.4,+DI>-DI,75.0,354.0,5.0
MIDHANI,Mishra Dhatu Nigam Limited,NSE,435.55,2026-03-30,63.3,neutral,29.8,False,False,True,80.6,62.7,bull,overbought,True,35.8,strong,+DI>-DI,16.7,rising,no,-0.001,negative,420.39,above,19.31,4.43,15.98,1.21,64.7,22.0,+DI>-DI,75.0,354.0,5.0
542669,BMW Industries Ltd,BSE,60.18,2026-03-30,69.7,neutral,21.7,False,False,False,67.1,37.3,bull,neutral,True,32.8,strong,+DI>-DI,35.3,rising,no,-0.015,negative,55.93,above,3.34,5.55,1.97,1.7,71.8,33.1,+DI>-DI,75.0,351.0,5.0
SWANDEF,Swan Defence and Heavy Industries Limited,NSE,1971.6,2025-09-12,53.2,neutral,100.0,True,False,True,8.4,26.0,none,oversold,False,14.8,weak,+DI>-DI,99.8,rising,no,0.267,positive,1973.8,below,89.02,4.52,7.6,11.72,60.5,56.2,+DI>-DI,75.0,352.0,5.0
ACMESOLAR,Acme Solar Holdings Limited,NSE,356.65,2026-01-23,78.5,overbought,22.6,False,False,False,94.8,93.4,bull,overbought,True,36.3,strong,+DI>-DI,35.3,rising,yes,0.306,positive,313.12,above,14.48,4.06,6.8,2.13,71.5,21.4,+DI>-DI,75.0,354.0,5.0
THANGAMAYL,Thangamayil Jewellery Limited,NSE,5351.9,2025-10-23,78.5,overbought,37.3,False,False,False,94.9,98.3,bear,overbought,True,26.6,strong,+DI>-DI,25.7,rising,yes,0.323,positive,4348.51,above,265.1,4.95,56.17,4.72,70.5,42.5,+DI>-DI,75.0,354.0,5.0
SYRMA,Syrma SGS Technology Limited,NSE,1226.8,2026-01-21,79.6,overbought,24.7,False,False,True,100.0,100.0,none,overbought,True,45.6,very_strong,+DI>-DI,36.8,rising,no,-0.122,negative,1088.52,above,42.62,3.47,23.63,1.8,72.7,28.1,+DI>-DI,75.0,354.0,5.0
INDSWFTLAB,Ind-Swift Laboratories Limited,NSE,158.0,2025-12-31,65.2,neutral,33.7,False,True,True,70.5,78.2,bear,neutral,True,22.5,weak,+DI>-DI,10.1,rising,yes,-0.025,negative,151.89,above,7.93,5.02,3.36,2.36,70.6,31.3,+DI>-DI,75.0,353.0,5.0
NITINSPIN,Nitin Spinners Limited,NSE,535.8,2025-11-07,69.6,neutral,37.4,False,False,False,76.3,60.9,none,neutral,True,46.8,very_strong,+DI>-DI,13.2,rising,no,-0.208,negative,510.86,above,23.05,4.3,11.98,1.92,78.3,44.0,+DI>-DI,75.0,353.0,5.0
NARMADA,Narmada Agrobase Limited,NSE,37.72,2025-12-12,62.9,neutral,27.0,False,False,False,55.3,42.0,bull,neutral,True,31.4,strong,+DI>-DI,26.6,rising,no,-0.131,negative,36.66,above,1.49,3.96,1.07,1.39,68.8,37.3,+DI>-DI,75.0,352.0,5.0
VIYASH,Viyash Scientific Limited,NSE,255.25,2026-03-23,62.3,neutral,32.1,False,False,False,10.3,5.6,bull,oversold,True,52.6,very_strong,+DI>-DI,11.8,falling,yes,-0.139,negative,250.22,above,12.37,4.84,8.85,1.4,67.5,29.7,+DI>-DI,75.0,354.0,5.0
WELCORP,Welspun Corp Limited,NSE,1388.8,2026-01-27,66.5,neutral,35.9,False,False,False,79.1,72.1,none,neutral,False,37.0,strong,+DI>-DI,23.0,rising,no,0.142,positive,1340.51,above,43.34,3.12,25.67,1.69,81.2,38.4,+DI>-DI,75.0,354.0,5.0
APOLLO,Apollo Micro Systems Limited,NSE,421.35,2026-03-30,68.7,neutral,33.9,False,False,False,31.7,52.2,none,neutral,False,47.9,very_strong,+DI>-DI,19.2,rising,yes,-0.012,negative,382.06,above,23.88,5.67,11.16,2.14,74.0,30.3,+DI>-DI,75.0,354.0,5.0
QUADFUTURE,Quadrant Future Tek Limited,NSE,337.45,2025-12-18,67.5,neutral,23.1,False,False,False,98.1,96.4,none,overbought,True,30.1,strong,+DI>-DI,27.0,rising,no,0.055,positive,313.69,above,16.13,4.78,12.42,1.3,53.8,11.5,+DI>-DI,73.0,346.0,5.0
SANSERA,Sansera Engineering Limited,NSE,2945.1,2025-09-30,67.7,neutral,43.9,False,False,False,65.6,66.0,bear,neutral,True,30.8,strong,+DI>-DI,31.9,rising,no,0.114,positive,2805.63,above,107.43,3.65,45.47,2.36,74.4,39.9,+DI>-DI,75.0,354.0,5.0
RAIN,Rain Industries Limited,NSE,197.09,2025-12-08,75.2,overbought,24.0,False,False,False,78.7,89.1,bear,neutral,False,49.4,very_strong,+DI>-DI,37.3,rising,no,0.135,positive,171.23,above,9.18,4.66,3.59,2.55,71.9,24.6,+DI>-DI,75.0,354.0,5.0
DJML,DJ Mediaprint & Logistics Limited,NSE,111.29,2025-12-11,78.6,overbought,24.6,False,False,True,66.1,60.6,bull,neutral,True,17.7,weak,+DI>-DI,53.8,falling,yes,0.192,positive,101.85,above,4.79,4.3,5.9,0.81,67.7,24.1,+DI>-DI,75.0,353.0,5.0
SCPL,Sheetal Cool Products Limited,NSE,466.3,2025-12-08,64.0,neutral,29.1,False,False,False,61.1,62.0,bear,neutral,False,28.6,strong,+DI>-DI,26.3,rising,no,0.039,positive,439.8,above,22.81,4.89,9.74,2.34,72.0,29.1,+DI>-DI,75.0,352.0,5.0
AEROENTER,Aeroflex Enterprises Limited,NSE,100.83,2026-03-30,59.3,neutral,39.0,False,False,True,82.2,57.1,none,overbought,False,37.1,strong,+DI>-DI,15.7,rising,no,-0.307,negative,100.62,above,4.74,4.71,4.81,0.99,59.7,25.6,+DI>-DI,75.0,353.0,5.0
BHAGYANGR,Bhagyanagar India Limited,NSE,306.65,2025-09-24,57.0,neutral,48.3,False,False,False,60.5,66.7,bear,neutral,False,41.4,very_strong,+DI>-DI,13.0,rising,no,0.123,positive,307.45,below,18.2,5.94,3.93,4.63,74.1,54.1,+DI>-DI,75.0,354.0,5.0
OMAXAUTO,Omax Autos Limited,NSE,234.72,2025-11-28,62.0,neutral,24.7,False,False,False,6.3,21.4,none,oversold,False,50.7,very_strong,+DI>-DI,28.4,flat,no,0.08,positive,228.8,above,11.75,5.0,5.77,2.03,72.4,35.8,+DI>-DI,75.0,353.0,5.0
OMNI,Omnitech Engineering Limited,NSE,505.2,2026-03-06,70.1,overbought,100.0,True,False,False,97.6,98.7,bear,overbought,False,35.1,strong,+DI>-DI,,rising,no,-0.093,negative,461.16,above,34.11,6.75,,,,,n/a,14.0,63.0,5.0
UFBL,United Foodbrands Limited,NSE,506.0,2026-01-29,67.7,neutral,35.3,False,False,False,50.4,54.2,none,neutral,True,39.0,strong,+DI>-DI,29.2,rising,no,0.73,positive,431.41,above,35.44,7.0,8.51,4.16,77.0,38.3,+DI>-DI,75.0,352.0,5.0
SANGINITA,Sanginita Chemicals Limited,NSE,31.57,2025-12-12,87.5,overbought,39.3,False,False,False,100.0,100.0,none,overbought,True,55.1,very_strong,+DI>-DI,27.4,rising,no,0.382,positive,27.85,above,0.59,1.88,0.63,0.95,83.5,47.3,+DI>-DI,75.0,353.0,5.0
HONASA,Honasa Consumer Limited,NSE,416.1,2025-12-11,71.8,overbought,30.4,False,False,True,45.2,46.1,none,neutral,False,39.6,strong,+DI>-DI,24.8,rising,yes,-0.288,negative,389.43,above,14.02,3.37,9.94,1.41,76.4,26.6,+DI>-DI,75.0,353.0,5.0
ADANIPOWER,Adani Power Limited,NSE,232.6,2025-09-17,56.8,neutral,57.5,True,False,True,3.0,3.8,none,oversold,True,28.9,strong,+DI>-DI,15.6,flat,no,-0.027,negative,230.54,above,8.39,3.6,3.84,2.18,74.3,41.3,+DI>-DI,75.0,354.0,5.0
NELCAST,Nelcast Limited,NSE,140.74,2026-01-29,52.9,neutral,29.0,False,False,False,56.7,54.0,bull,neutral,False,30.8,strong,+DI>-DI,34.9,rising,no,-0.374,negative,142.06,below,6.55,4.66,4.24,1.54,56.4,27.6,+DI>-DI,75.0,353.0,5.0
SOTL,Savita Oil Technologies Limited,NSE,560.5,2026-03-30,83.6,overbought,27.2,False,False,False,98.0,79.4,none,overbought,True,47.0,very_strong,+DI>-DI,23.9,rising,no,0.221,positive,535.68,above,29.08,5.19,14.29,2.04,74.6,22.7,+DI>-DI,75.0,354.0,5.0
KEI,KEI Industries Limited,NSE,5335.5,2026-01-27,60.7,neutral,25.5,False,False,True,23.4,17.3,bull,neutral,True,14.4,weak,+DI>-DI,34.2,flat,no,0.012,positive,5173.99,above,160.86,3.01,129.67,1.24,66.4,24.3,+DI>-DI,75.0,354.0,5.0
OLAELEC,Ola Electric Mobility Limited,NSE,44.88,2026-03-30,70.7,overbought,37.9,False,False,False,97.0,83.3,bull,overbought,False,38.6,strong,+DI>-DI,21.4,rising,yes,0.184,positive,39.79,above,2.19,4.87,1.44,1.51,61.0,21.4,+DI>-DI,75.0,354.0,5.0
DHANBANK,Dhanlaxmi Bank Limited,NSE,32.88,2026-03-30,54.2,neutral,22.1,False,False,False,23.4,28.8,bear,neutral,True,31.6,strong,+DI>-DI,48.1,rising,no,0.017,positive,33.03,below,1.62,4.92,0.86,1.88,67.6,28.7,+DI>-DI,75.0,354.0,5.0
HCC,Hindustan Construction Company Limited,NSE,24.02,2026-03-30,65.1,neutral,31.1,False,False,False,98.1,91.1,bull,overbought,False,27.2,strong,+DI>-DI,32.7,rising,yes,-0.096,negative,22.49,above,1.08,4.51,0.79,1.37,58.4,30.0,+DI>-DI,75.0,354.0,5.0
ADVAIT,Advait Energy Transitions Limited,NSE,2181.2,2026-01-27,60.4,neutral,100.0,True,False,False,84.9,61.8,bull,overbought,False,27.9,strong,+DI>-DI,,falling,yes,-0.087,negative,2065.04,above,114.28,5.24,,,81.9,,n/a,20.0,93.0,5.0
SAMMAANCAP,Sammaan Capital Limited,NSE,184.28,2026-03-23,78.2,overbought,32.2,False,False,False,98.3,98.3,bear,overbought,True,37.9,strong,+DI>-DI,15.8,rising,yes,0.151,positive,160.5,above,6.57,3.57,4.91,1.34,66.4,17.6,+DI>-DI,75.0,354.0,5.0
GULPOLY,Gulshan Polyols Limited,NSE,201.64,2026-02-02,63.9,neutral,35.2,False,False,True,46.9,33.7,none,neutral,True,33.5,strong,+DI>-DI,21.0,rising,no,-0.203,negative,192.64,above,9.29,4.61,5.44,1.71,66.4,26.1,+DI>-DI,75.0,353.0,5.0
SPECTRUM,Spectrum Electrical Industries Limited,NSE,1769.1,2026-01-12,81.4,overbought,33.2,False,False,False,100.0,91.2,none,overbought,True,34.7,strong,+DI>-DI,20.4,rising,yes,0.178,positive,1527.6,above,87.63,4.95,61.25,1.43,66.2,23.9,+DI>-DI,75.0,352.0,5.0
HSCL,Himadri Speciality Chemical Limited,NSE,685.05,2025-11-24,75.3,overbought,26.2,False,False,False,93.3,79.8,none,overbought,True,25.1,strong,+DI>-DI,17.8,rising,no,0.081,positive,608.84,above,31.37,4.58,10.91,2.88,73.6,26.0,+DI>-DI,75.0,354.0,5.0
RICOAUTO,Rico Auto Industries Limited,NSE,136.85,2025-11-06,68.2,neutral,30.9,False,False,False,78.8,50.5,bull,neutral,True,15.9,weak,+DI>-DI,22.7,rising,yes,0.513,positive,125.83,above,6.56,4.8,2.82,2.33,61.2,24.8,+DI>-DI,75.0,354.0,5.0
538668,Meghna Infracon Infrastructure Ltd,BSE,790.85,2025-10-06,68.4,neutral,23.5,False,False,False,26.9,19.6,bull,neutral,True,36.5,strong,+DI>-DI,32.7,flat,yes,-0.015,negative,765.63,above,22.56,2.85,18.58,1.21,68.6,28.0,+DI>-DI,75.0,352.0,5.0
EXICOM,Exicom Tele-Systems Limited,NSE,133.85,2026-03-30,49.7,neutral,29.3,False,False,False,30.9,54.4,bear,neutral,False,40.4,very_strong,+DI>-DI,13.2,rising,yes,0.157,positive,150.04,below,10.91,8.15,5.09,2.14,56.3,25.5,+DI>-DI,75.0,354.0,4.0
SURYODAY,Suryoday Small Finance Bank Limited,NSE,171.83,2026-02-24,66.2,neutral,23.8,False,False,False,100.0,81.0,none,overbought,True,40.6,very_strong,+DI>-DI,25.2,rising,no,-0.208,negative,172.3,below,7.17,4.17,4.41,1.62,63.4,24.9,+DI>-DI,75.0,353.0,4.0
543828,Sudarshan Pharma Industries Ltd,BSE,33.8,2026-01-27,56.3,neutral,30.2,False,False,True,24.8,31.9,none,neutral,True,17.3,weak,-DI>+DI,22.2,falling,yes,0.009,positive,32.56,above,1.39,4.1,1.65,0.84,62.1,22.8,+DI>-DI,75.0,351.0,4.0
SBC,SBC Exports Limited,NSE,37.1,2025-09-18,56.2,neutral,69.5,True,False,True,9.4,11.1,none,oversold,True,21.7,weak,+DI>-DI,28.7,falling,yes,-0.074,negative,36.58,above,1.21,3.27,0.61,1.99,70.5,34.1,+DI>-DI,75.0,354.0,4.0
TRUALT,TruAlt Bioenergy Limited,NSE,505.15,2026-01-23,63.5,neutral,20.8,False,False,True,92.0,94.1,bear,overbought,True,12.4,weak,+DI>-DI,40.7,falling,yes,0.231,positive,483.67,above,21.05,4.17,15.17,1.39,51.8,33.9,-DI>+DI,35.0,166.0,4.0
PREMIERPOL,Premier Polyfilm Limited,NSE,55.82,2025-11-19,51.8,neutral,29.7,False,False,True,66.1,69.2,bear,neutral,True,8.8,weak,+DI>-DI,23.2,rising,no,-0.147,negative,54.91,above,2.31,4.13,1.83,1.26,52.6,39.2,+DI>-DI,75.0,353.0,4.0
FOCUS,Focus Lighting and Fixtures Limited,NSE,92.81,2026-03-30,72.1,overbought,25.6,False,False,False,100.0,90.5,none,overbought,True,30.7,strong,+DI>-DI,18.1,rising,yes,-0.135,negative,86.23,above,4.12,4.44,3.05,1.35,64.3,20.4,+DI>-DI,75.0,352.0,4.0
ANGELONE,Angel One Limited,NSE,332.6,2025-09-29,56.0,neutral,28.3,False,False,False,26.3,44.0,bear,neutral,True,26.4,strong,+DI>-DI,26.6,falling,no,0.081,positive,328.4,above,12.05,3.62,6.67,1.81,63.3,22.9,+DI>-DI,75.0,354.0,4.0
ZENTEC,Zen Technologies Limited,NSE,1815.3,2026-01-14,70.3,overbought,26.5,False,False,True,91.1,75.1,bull,overbought,True,15.4,weak,+DI>-DI,16.2,rising,no,0.069,positive,1702.67,above,72.67,4.0,39.18,1.85,67.9,19.2,+DI>-DI,75.0,354.0,4.0
TCIFINANCE,TCI Finance Limited,NSE,14.53,2025-11-27,62.3,neutral,35.9,False,False,False,47.9,38.9,bull,neutral,False,20.0,weak,+DI>-DI,13.4,rising,no,-0.016,negative,13.99,above,0.84,5.78,0.8,1.04,48.1,14.1,+DI>-DI,75.0,352.0,4.0
GCSL,Gretex Corporate Services Limited,NSE,424.0,2025-10-17,70.6,overbought,28.3,False,False,True,80.1,81.0,none,overbought,False,19.7,weak,+DI>-DI,32.7,falling,yes,0.023,positive,397.01,above,17.37,4.1,22.62,0.77,63.0,12.9,+DI>-DI,40.0,185.0,4.0
JSWENERGY,JSW Energy Limited,NSE,584.2,2026-01-27,59.0,neutral,30.3,False,False,True,55.7,62.8,none,neutral,True,21.6,weak,+DI>-DI,13.9,flat,no,0.003,positive,557.81,above,18.4,3.15,15.67,1.17,60.4,23.1,+DI>-DI,75.0,354.0,4.0
DIVGIITTS,Divgi Torqtransfer Systems Limited,NSE,780.7,2025-12-22,58.4,neutral,38.9,False,False,True,74.5,80.8,none,neutral,True,21.6,weak,+DI>-DI,11.1,rising,yes,-0.346,negative,778.59,above,38.21,4.89,22.57,1.69,58.1,23.9,+DI>-DI,75.0,352.0,4.0
TARIL,Transformers And Rectifiers (India) Limited,NSE,321.1,2026-02-02,55.6,neutral,34.0,False,False,False,75.4,63.6,bull,neutral,False,11.3,weak,+DI>-DI,29.0,rising,no,-0.158,negative,310.74,above,12.55,3.91,14.22,0.88,49.5,14.6,-DI>+DI,75.0,354.0,4.0
SAILIFE,Sai Life Sciences Limited,NSE,1186.4,2026-01-23,64.5,neutral,30.8,False,False,False,41.5,22.2,bull,neutral,True,18.3,weak,+DI>-DI,24.3,flat,no,0.369,positive,1101.24,above,42.62,3.59,29.17,1.46,69.6,25.1,+DI>-DI,75.0,354.0,4.0
AMANTA,Amanta Healthcare Limited,NSE,133.49,2026-03-17,55.9,neutral,37.8,False,False,True,79.4,47.0,bull,neutral,True,24.0,weak,+DI>-DI,8.8,falling,no,-0.269,negative,129.49,above,7.86,5.89,4.72,1.66,62.5,34.0,+DI>-DI,39.0,181.0,4.0
CHENNPETRO,Chennai Petroleum Corporation Limited,NSE,1181.4,2025-10-17,70.5,overbought,38.6,False,False,True,97.5,99.2,bear,overbought,True,21.6,weak,+DI>-DI,38.9,rising,no,0.044,positive,1088.28,above,44.69,3.78,27.15,1.65,63.7,35.1,+DI>-DI,75.0,354.0,4.0
AETHER,Aether Industries Limited,NSE,1138.2,2025-09-17,53.4,neutral,38.9,False,False,True,98.1,94.2,none,overbought,True,22.9,weak,+DI>-DI,8.4,rising,yes,-0.013,negative,1115.36,above,49.14,4.32,14.77,3.33,57.9,46.0,+DI>-DI,75.0,354.0,4.0
GROWW,Billionbrains Garage Ventures Limited,NSE,196.09,2025-11-12,55.6,neutral,100.0,True,False,False,89.7,83.8,none,overbought,False,13.9,weak,+DI>-DI,,rising,no,-0.11,negative,186.7,above,6.77,3.45,,,64.9,75.1,+DI>-DI,30.0,141.0,4.0
STEELCAS,Steelcast Limited,NSE,287.05,2026-01-21,53.5,neutral,25.7,False,False,False,59.8,40.1,bull,neutral,True,21.2,weak,+DI>-DI,18.9,flat,no,0.039,positive,281.24,above,14.93,5.2,8.04,1.86,67.5,26.9,+DI>-DI,75.0,353.0,4.0
CUMMINSIND,Cummins India Limited,NSE,5784.0,2025-10-01,62.6,neutral,40.8,False,False,True,32.9,29.6,bull,neutral,True,23.0,weak,+DI>-DI,31.6,falling,no,-0.07,negative,5618.56,above,165.06,2.85,79.39,2.08,75.3,35.4,+DI>-DI,75.0,354.0,4.0
530689,Lykis Ltd,BSE,45.73,2025-11-20,50.1,neutral,28.3,False,False,True,71.7,60.9,bull,neutral,True,20.9,weak,+DI>-DI,18.0,falling,no,-0.289,negative,45.37,above,3.0,6.55,2.2,1.36,51.6,39.8,+DI>-DI,75.0,351.0,4.0
KIRLPNU,Kirloskar Pneumatic Company Limited,NSE,1570.8,2025-12-08,54.9,neutral,26.8,False,False,False,16.7,16.2,bull,oversold,True,35.9,strong,+DI>-DI,19.1,falling,no,-0.014,negative,1571.94,below,61.98,3.95,33.76,1.84,72.8,29.6,+DI>-DI,75.0,353.0,4.0
INDOTECH,Indo Tech Transformers Limited,NSE,2657.6,2026-03-30,57.6,neutral,31.2,False,False,False,79.6,81.2,bear,neutral,True,30.5,strong,+DI>-DI,16.3,rising,no,-0.23,negative,2651.82,above,158.66,5.97,78.01,2.03,66.2,28.2,+DI>-DI,75.0,353.0,4.0
BUILDPRO,Shankara Buildpro Limited,NSE,1134.7,2026-01-27,52.5,neutral,100.0,True,False,False,73.6,74.2,bear,neutral,False,14.2,weak,+DI>-DI,,rising,no,-0.059,negative,1121.12,above,57.08,5.03,,,51.3,,n/a,22.0,99.0,4.0
APCOTEXIND,Apcotex Industries Limited,NSE,540.2,2026-03-30,74.5,overbought,26.2,False,False,False,81.3,58.9,none,overbought,False,43.4,very_strong,+DI>-DI,29.7,rising,no,-0.013,negative,509.21,above,22.43,4.15,14.35,1.56,72.5,28.3,+DI>-DI,75.0,353.0,4.0
J&KBANK,The Jammu & Kashmir Bank Limited,NSE,147.52,2025-12-29,64.9,neutral,36.6,False,False,False,91.6,87.8,bull,overbought,False,22.0,weak,+DI>-DI,32.0,rising,no,0.097,positive,139.96,above,4.67,3.16,2.1,2.23,69.0,35.2,+DI>-DI,75.0,354.0,4.0
SGFIN,SG Finserve Limited,NSE,570.35,2026-01-30,54.3,neutral,29.0,False,False,False,49.0,40.4,bull,neutral,True,41.8,very_strong,+DI>-DI,22.4,falling,no,-0.265,negative,574.99,below,21.24,3.72,16.26,1.31,69.4,33.0,+DI>-DI,44.0,207.0,4.0
ROSSTECH,Rossell Techsys Limited,NSE,1052.2,2026-01-09,59.2,neutral,29.0,False,False,False,74.5,78.6,bear,neutral,True,28.0,strong,+DI>-DI,23.8,falling,yes,-0.014,negative,977.32,above,65.28,6.2,29.02,2.25,68.1,37.8,+DI>-DI,75.0,353.0,4.0
CEIGALL,Ceigall India Limited,NSE,358.5,2025-12-09,60.4,neutral,26.1,False,False,False,94.7,82.2,none,overbought,True,40.7,very_strong,+DI>-DI,20.3,falling,no,-0.196,negative,349.77,above,15.38,4.29,7.05,2.18,68.1,36.5,+DI>-DI,75.0,352.0,4.0
FINCABLES,Finolex Cables Limited,NSE,1057.5,2026-01-29,52.3,neutral,37.3,False,False,False,16.1,8.9,bull,oversold,False,30.7,strong,+DI>-DI,19.9,falling,no,-0.038,negative,1075.81,below,52.95,5.01,19.7,2.69,59.0,34.6,+DI>-DI,75.0,354.0,4.0
ABSLAMC,Aditya Birla Sun Life AMC Limited,NSE,1048.8,2025-11-24,54.3,neutral,31.6,False,False,False,63.3,55.5,bull,neutral,False,24.2,weak,+DI>-DI,31.9,rising,no,-0.069,negative,1034.03,above,37.53,3.58,19.52,1.92,61.9,31.7,+DI>-DI,75.0,354.0,4.0
JINDALSAW,Jindal Saw Limited,NSE,250.57,2026-01-16,60.7,neutral,32.0,False,False,False,88.2,86.1,bull,overbought,True,18.3,weak,+DI>-DI,20.5,rising,no,0.061,positive,241.81,above,10.41,4.15,4.22,2.46,63.1,28.1,+DI>-DI,75.0,354.0,4.0
UTLSOLAR,Fujiyama Power Systems Limited,NSE,328.3,2026-03-04,62.3,neutral,27.0,False,False,False,83.0,84.3,bear,overbought,True,25.4,strong,+DI>-DI,22.3,rising,no,-0.21,negative,300.18,above,16.87,5.14,7.96,2.12,74.5,,n/a,29.0,135.0,4.0
TMB,Tamilnad Mercantile Bank Limited,NSE,745.9,2025-09-30,65.1,neutral,35.9,False,False,False,98.3,99.4,bear,overbought,True,24.7,weak,+DI>-DI,16.6,rising,no,0.094,positive,707.36,above,26.73,3.58,6.35,4.21,65.9,34.1,+DI>-DI,75.0,353.0,4.0
PANACEABIO,Panacea Biotec Limited,NSE,540.2,2026-03-30,81.0,overbought,34.1,False,False,False,93.5,76.8,bull,overbought,False,36.3,strong,+DI>-DI,21.3,rising,yes,-0.03,negative,504.69,above,29.19,5.4,17.06,1.71,76.1,20.6,+DI>-DI,75.0,354.0,4.0
DATAPATTNS,Data Patterns (India) Limited,NSE,4212.6,2026-01-23,59.3,neutral,26.2,False,False,False,83.8,68.0,bull,overbought,True,17.1,weak,+DI>-DI,21.8,rising,no,0.004,positive,3976.01,above,192.05,4.56,100.85,1.9,69.4,23.1,+DI>-DI,75.0,354.0,4.0
SATIN,Satin Creditcare Network Limited,NSE,241.39,2025-12-09,75.0,overbought,26.3,False,False,False,76.6,59.1,none,neutral,True,53.4,very_strong,+DI>-DI,14.4,rising,no,-0.48,negative,229.33,above,10.81,4.48,4.09,2.64,77.2,37.3,+DI>-DI,75.0,353.0,4.0
543787,Macfos Ltd,BSE,1230.85,2025-09-30,64.8,neutral,40.7,False,False,False,43.7,51.8,bear,neutral,True,29.9,strong,+DI>-DI,15.1,rising,no,-0.047,negative,1114.48,above,64.8,5.26,21.88,2.96,79.2,52.2,+DI>-DI,75.0,353.0,4.0
IDEAFORGE,Ideaforge Technology Limited,NSE,945.0,2026-03-30,72.4,overbought,35.6,False,False,False,82.4,56.9,bull,overbought,True,40.2,very_strong,+DI>-DI,15.8,flat,no,0.168,positive,812.02,above,49.44,5.23,23.61,2.09,79.7,32.5,+DI>-DI,75.0,354.0,4.0
AZAD,Azad Engineering Limited,NSE,2207.7,2026-03-23,61.9,neutral,26.8,False,False,False,94.8,74.8,none,overbought,True,27.2,strong,+DI>-DI,23.5,rising,no,-0.099,negative,2076.77,above,95.33,4.32,62.2,1.53,64.9,21.7,+DI>-DI,75.0,354.0,4.0
BAJAJCON,Bajaj Consumer Care Limited,NSE,552.05,2025-09-16,58.2,neutral,49.8,False,False,False,2.8,16.6,bear,oversold,False,53.9,very_strong,+DI>-DI,19.4,falling,no,-0.103,negative,545.69,above,24.02,4.35,6.85,3.51,74.1,54.3,+DI>-DI,75.0,354.0,4.0
NGLFINE,NGL Fine-Chem Limited,NSE,2742.6,2025-12-19,59.5,neutral,34.8,False,False,False,37.9,40.7,none,neutral,False,32.1,strong,+DI>-DI,24.2,falling,yes,-0.046,negative,2661.83,above,190.93,6.96,44.2,4.32,74.4,57.8,+DI>-DI,75.0,354.0,4.0
CUPID,Cupid Limited,NSE,137.1,2025-09-16,72.2,overbought,75.2,True,False,True,100.0,97.7,bull,overbought,False,20.9,weak,+DI>-DI,50.9,rising,no,-0.154,negative,124.62,above,4.58,3.34,1.81,2.54,76.1,48.6,+DI>-DI,75.0,354.0,4.0
SALSTEEL,S.A.L. Steel Limited,NSE,60.77,2025-10-14,58.4,neutral,47.8,False,False,False,60.8,61.6,bear,neutral,True,19.8,weak,+DI>-DI,18.4,rising,no,0.278,positive,59.18,above,3.53,5.82,1.61,2.19,67.8,35.0,+DI>-DI,75.0,352.0,4.0
BANDHANBNK,Bandhan Bank Limited,NSE,205.87,2025-12-08,62.5,neutral,21.4,False,False,False,71.8,77.8,none,neutral,True,27.6,strong,+DI>-DI,30.4,rising,no,-0.11,negative,200.37,above,5.93,2.88,3.79,1.57,64.5,26.0,+DI>-DI,75.0,354.0,4.0
WALCHANNAG,Walchandnagar Industries Limited,NSE,241.75,2026-03-30,53.1,neutral,28.5,False,False,False,9.8,6.5,bull,oversold,True,24.4,weak,+DI>-DI,16.4,flat,yes,-0.111,negative,247.1,below,15.8,6.54,8.29,1.91,61.2,23.1,+DI>-DI,75.0,354.0,3.0
PRECWIRE,Precision Wires India Limited,NSE,417.05,2025-09-23,52.0,neutral,50.7,True,False,False,34.4,43.0,none,neutral,False,24.9,weak,+DI>-DI,29.4,falling,yes,-0.222,negative,426.97,below,22.35,5.36,5.4,4.14,69.1,57.4,+DI>-DI,75.0,354.0,3.0
WSTCSTPAPR,West Coast Paper Mills Limited,NSE,513.25,2026-03-09,57.6,neutral,34.1,False,False,False,70.7,78.1,bear,neutral,True,19.9,weak,+DI>-DI,18.8,rising,no,-0.144,negative,504.01,above,20.8,4.05,14.54,1.43,60.6,25.8,+DI>-DI,75.0,353.0,3.0
KRN,KRN Heat Exchanger and Refrigeration Limited,NSE,1216.8,2026-01-23,58.1,neutral,23.4,False,False,False,99.8,85.8,none,overbought,True,20.7,weak,+DI>-DI,27.2,rising,no,-0.168,negative,1158.41,above,67.76,5.57,26.52,2.56,63.0,30.9,+DI>-DI,75.0,354.0,3.0
RISHABH,Rishabh Instruments Limited,NSE,512.45,2026-01-27,51.7,neutral,30.5,False,False,True,27.7,26.5,bull,neutral,True,19.3,weak,-DI>+DI,24.0,flat,no,-0.003,negative,514.48,below,30.52,5.96,20.43,1.49,60.6,26.6,+DI>-DI,75.0,352.0,3.0
521113,Suditi Industries Ltd,BSE,92.4,2025-11-24,47.4,neutral,40.7,False,True,False,59.7,43.3,bull,neutral,True,12.1,weak,-DI>+DI,13.1,falling,no,0.166,positive,94.78,below,5.49,5.94,4.24,1.3,61.5,28.4,+DI>-DI,75.0,351.0,3.0
KRISHNADEF,Krishna Defence And Allied Industries Limited,NSE,1164.9,2025-12-18,55.5,neutral,31.6,False,False,False,62.8,51.7,none,neutral,True,21.4,weak,+DI>-DI,24.1,rising,no,-0.131,negative,1163.71,above,73.35,6.3,30.51,2.4,61.4,39.8,+DI>-DI,75.0,353.0,3.0
MENONBE,Menon Bearings Limited,NSE,138.71,2026-03-30,47.6,neutral,30.4,False,False,True,0.0,0.0,none,oversold,True,41.9,very_strong,+DI>-DI,17.6,falling,yes,-0.33,negative,146.84,below,5.88,4.24,6.08,0.97,58.9,27.6,+DI>-DI,75.0,353.0,3.0
MAWANASUG,Mawana Sugars Limited,NSE,101.75,2026-03-16,50.5,neutral,41.6,False,False,True,42.9,21.7,bull,neutral,False,17.2,weak,+DI>-DI,16.5,falling,no,-0.117,negative,103.4,below,4.43,4.35,3.1,1.43,57.3,32.6,+DI>-DI,75.0,354.0,3.0
KTKBANK,The Karnataka Bank Limited,NSE,262.0,2025-09-29,52.2,neutral,36.2,False,False,False,46.3,55.2,none,neutral,True,29.6,strong,+DI>-DI,19.3,falling,yes,-0.087,negative,262.35,below,9.4,3.59,2.64,3.56,64.8,41.3,+DI>-DI,75.0,354.0,3.0
AEROFLEX,Aeroflex Industries Limited,NSE,419.75,2026-01-23,61.0,neutral,29.4,False,False,False,77.1,74.0,none,neutral,True,39.3,strong,+DI>-DI,27.4,flat,no,-0.025,negative,394.69,above,25.94,6.18,7.58,3.42,70.7,42.9,+DI>-DI,75.0,354.0,3.0
TIRUPATIFL,Tirupati Forge Limited,NSE,44.11,2025-12-24,51.8,neutral,37.5,False,False,True,73.8,81.3,none,neutral,False,12.5,weak,-DI>+DI,21.6,falling,yes,-0.007,negative,42.99,above,2.39,5.41,1.75,1.36,54.9,27.0,+DI>-DI,75.0,352.0,3.0
VTL,Vardhman Textiles Limited,NSE,631.4,2025-10-14,62.1,neutral,37.2,False,False,False,97.0,87.5,none,overbought,True,16.1,weak,+DI>-DI,14.1,rising,no,-0.035,negative,608.86,above,21.65,3.43,11.53,1.88,67.8,39.2,+DI>-DI,75.0,354.0,3.0
BHARATFORG,Bharat Forge Limited,NSE,1929.8,2025-09-26,54.1,neutral,44.0,False,False,False,60.3,52.3,bull,neutral,True,11.5,weak,+DI>-DI,31.9,rising,no,-0.073,negative,1930.11,below,51.23,2.65,29.09,1.76,63.6,36.5,+DI>-DI,75.0,353.0,3.0
AKUMS,Akums Drugs and Pharmaceuticals Limited,NSE,553.8,2025-11-24,62.0,neutral,34.1,False,False,False,98.0,87.8,bull,overbought,True,18.0,weak,+DI>-DI,15.8,rising,no,-0.265,negative,530.3,above,19.59,3.54,13.88,1.41,62.4,31.4,+DI>-DI,75.0,351.0,3.0
BSE,BSE Limited,NSE,3880.0,2025-09-30,46.5,neutral,34.4,False,False,False,7.0,5.2,bull,oversold,True,42.5,very_strong,+DI>-DI,32.0,falling,yes,-0.026,negative,4076.63,below,142.61,3.68,71.32,2.0,67.6,28.8,+DI>-DI,75.0,354.0,3.0
NLCINDIA,NLC India Limited,NSE,336.6,2025-12-10,51.2,neutral,34.7,False,False,False,9.7,15.3,bear,oversold,False,41.3,very_strong,+DI>-DI,37.1,falling,no,-0.079,negative,356.03,below,14.83,4.41,7.56,1.96,67.8,34.8,+DI>-DI,75.0,354.0,3.0
NAHARSPING,Nahar Spinning Mills Limited,NSE,280.05,2026-01-27,70.1,overbought,8.7,False,False,False,100.0,100.0,bear,overbought,True,22.3,weak,+DI>-DI,39.9,rising,no,0.194,positive,267.2,above,6.82,2.43,6.95,0.98,65.9,23.8,+DI>-DI,75.0,353.0,3.0
PARAS,Paras Defence and Space Technologies Limited,NSE,960.15,2026-03-23,72.0,overbought,33.8,False,False,False,88.7,79.1,none,overbought,True,21.6,weak,+DI>-DI,17.0,rising,yes,-0.028,negative,861.01,above,46.28,4.82,31.43,1.47,66.6,31.7,+DI>-DI,75.0,354.0,3.0
AXISCADES,AXISCADES Technologies Limited,NSE,1836.0,2026-01-22,45.4,neutral,26.0,False,False,False,26.0,11.9,bull,neutral,True,29.3,strong,-DI>+DI,26.4,rising,yes,0.066,positive,1857.78,below,95.43,5.2,61.72,1.55,57.7,27.3,+DI>-DI,75.0,354.0,3.0
539730,Fredun Pharmaceuticals Ltd,BSE,2308.85,2025-09-15,49.8,neutral,55.7,True,False,False,0.8,0.3,bull,oversold,True,21.0,weak,+DI>-DI,47.2,falling,no,0.09,positive,2388.49,below,159.94,6.93,68.25,2.34,66.7,43.7,+DI>-DI,75.0,351.0,3.0
543542,Kesar India Ltd,BSE,1235.4,2025-09-11,49.7,neutral,56.4,True,False,False,57.6,58.3,bear,neutral,True,44.3,very_strong,-DI>+DI,14.7,rising,no,0.31,positive,1238.29,below,31.91,2.58,23.5,1.36,60.5,18.4,-DI>+DI,75.0,351.0,3.0
BODALCHEM,Bodal Chemicals Limited,NSE,71.2,2026-03-13,51.5,neutral,29.4,False,False,False,4.9,9.9,bear,oversold,True,39.1,strong,+DI>-DI,43.7,falling,yes,-0.016,negative,74.41,below,3.65,5.13,1.71,2.14,62.1,38.5,+DI>-DI,75.0,353.0,3.0
BELRISE,Belrise Industries Limited,NSE,215.98,2025-09-16,52.9,neutral,57.4,True,False,False,67.9,79.2,bear,neutral,False,10.8,weak,-DI>+DI,41.1,flat,no,-0.198,negative,214.09,above,6.69,3.1,5.78,1.16,65.3,46.0,+DI>-DI,54.0,256.0,3.0
MBAPL,Madhya Bharat Agro Products Limited,NSE,546.8,2025-09-30,54.6,neutral,26.4,False,False,False,73.7,66.1,none,neutral,True,16.3,weak,+DI>-DI,16.7,falling,no,-0.206,negative,541.67,above,19.55,3.58,15.05,1.3,65.0,41.1,+DI>-DI,75.0,352.0,2.0
SEAMECLTD,Seamec Limited,NSE,1586.1,2025-11-10,51.3,neutral,28.4,False,False,True,45.6,66.2,none,neutral,True,16.0,weak,-DI>+DI,15.4,falling,no,-0.456,negative,1600.32,below,67.87,4.28,32.39,2.1,69.3,47.3,+DI>-DI,75.0,352.0,2.0
MAHABANK,Bank of Maharashtra,NSE,79.19,2025-09-26,51.9,neutral,43.6,False,False,False,51.2,43.8,bull,neutral,True,13.4,weak,+DI>-DI,21.7,falling,no,-0.008,negative,79.46,below,2.08,2.63,1.3,1.6,63.2,35.7,+DI>-DI,75.0,354.0,2.0
GKSL,Gujarat Kidney And Super Speciality Limited,NSE,131.05,2026-01-23,47.0,neutral,24.9,False,False,False,0.0,0.0,bear,oversold,True,41.7,very_strong,+DI>-DI,,falling,no,-0.156,negative,141.4,below,5.41,4.13,7.78,0.7,62.0,,n/a,23.0,108.0,2.0
VIDYAWIRES,Vidya Wires Limited,NSE,93.62,2026-01-21,48.6,neutral,23.6,False,False,False,5.3,26.7,none,oversold,True,41.4,very_strong,+DI>-DI,25.4,falling,yes,-0.09,negative,99.64,below,6.16,6.58,2.35,2.62,66.9,,n/a,26.0,121.0,2.0
535916,Alacrity Securities Ltd,BSE,68.72,2025-12-01,50.7,neutral,27.4,False,False,True,23.2,32.7,none,neutral,False,14.4,weak,-DI>+DI,16.6,falling,no,-0.08,negative,70.27,below,4.93,7.17,4.47,1.1,55.7,24.6,+DI>-DI,75.0,351.0,2.0
SCHNEIDER,Schneider Electric Infrastructure Limited,NSE,1172.2,2026-01-21,44.4,neutral,21.1,False,False,False,8.5,2.8,bull,oversold,True,27.5,strong,-DI>+DI,38.0,falling,yes,0.167,positive,1206.28,below,64.0,5.46,24.08,2.66,61.2,33.4,+DI>-DI,75.0,354.0,2.0
GMDCLTD,Gujarat Mineral Development Corporation Limited,NSE,657.75,2025-11-24,46.6,neutral,24.3,False,False,True,40.1,45.6,bear,neutral,True,16.6,weak,-DI>+DI,25.2,rising,no,-0.084,negative,667.27,below,25.38,3.86,25.27,1.0,55.8,25.8,+DI>-DI,75.0,354.0,2.0
HARDWYN,Hardwyn India Limited,NSE,24.41,2025-10-14,47.4,neutral,33.9,False,False,True,28.2,39.4,bear,neutral,False,31.8,strong,+DI>-DI,15.0,falling,no,-0.311,negative,25.03,below,1.31,5.36,0.83,1.57,63.2,34.7,+DI>-DI,75.0,353.0,2.0
530145,Kisan Mouldings Ltd,BSE,35.66,2026-03-30,53.0,neutral,36.1,False,False,False,26.7,12.5,bull,neutral,False,24.1,weak,+DI>-DI,14.0,falling,no,-0.149,negative,37.69,below,2.07,5.82,1.83,1.13,59.0,24.4,+DI>-DI,75.0,351.0,2.0
MIRCELECTR,MIRC Electronics Limited,NSE,39.28,2025-12-08,49.9,neutral,30.2,False,False,False,22.0,21.8,bull,neutral,False,36.6,strong,+DI>-DI,26.3,falling,no,-0.089,negative,44.02,below,2.55,6.5,1.05,2.44,62.4,34.5,+DI>-DI,75.0,354.0,2.0
KOTYARK,Kotyark Industries Limited,NSE,412.55,2026-01-29,46.2,neutral,29.9,False,False,True,0.0,1.9,bear,oversold,False,17.9,weak,-DI>+DI,38.3,falling,yes,0.181,positive,439.12,below,16.99,4.12,11.81,1.44,60.2,31.5,+DI>-DI,75.0,352.0,2.0
540545,Guru Krupa Gems and Jewellery Ltd,BSE,37.67,2025-09-26,40.3,neutral,40.0,False,False,True,26.4,23.9,none,neutral,True,33.4,strong,-DI>+DI,22.7,rising,no,-0.083,negative,42.75,below,2.26,6.0,1.09,2.07,51.7,43.7,+DI>-DI,75.0,351.0,2.0
MANAKALUCO,Manaksia Aluminium Company Limited,NSE,35.38,2026-03-30,52.9,neutral,29.7,False,False,False,26.8,29.2,none,neutral,True,14.2,weak,+DI>-DI,38.5,falling,no,-0.101,negative,35.29,above,1.82,5.14,1.56,1.16,54.7,21.4,+DI>-DI,75.0,354.0,2.0
LINCOLN,Lincoln Pharmaceuticals Limited,NSE,625.55,2026-01-29,44.0,neutral,32.4,False,False,True,14.0,6.8,bull,oversold,True,33.9,strong,-DI>+DI,32.5,falling,no,-0.289,negative,671.67,below,36.71,5.87,13.55,2.71,53.1,36.8,+DI>-DI,75.0,352.0,2.0
MCX,Multi Commodity Exchange of India Limited,NSE,2795.0,2025-09-16,35.7,neutral,45.5,False,False,True,3.5,2.3,bull,oversold,False,30.7,strong,-DI>+DI,17.9,falling,no,-0.163,negative,3118.48,below,114.07,4.08,42.62,2.68,56.1,41.2,+DI>-DI,75.0,354.0,2.0
532380,Baba Arts Ltd,BSE,13.15,2025-12-08,48.1,neutral,21.8,False,False,False,54.5,68.6,bear,neutral,False,11.5,weak,+DI>-DI,51.1,falling,no,-0.366,negative,13.39,below,0.85,6.47,0.36,2.35,55.0,31.7,+DI>-DI,75.0,351.0,1.0
GESHIP,The Great Eastern Shipping Company Limited,NSE,1464.0,2025-09-29,44.0,neutral,43.1,False,False,False,20.3,22.2,bear,neutral,True,21.4,weak,-DI>+DI,25.7,falling,yes,-0.022,negative,1620.51,below,72.21,4.93,28.49,2.53,56.3,45.1,+DI>-DI,75.0,354.0,1.0
MCL,Madhav Copper Limited,NSE,59.6,2025-11-24,43.5,neutral,23.3,False,False,False,2.0,7.3,none,oversold,True,8.1,weak,-DI>+DI,27.2,flat,yes,0.032,positive,61.73,below,2.17,3.64,2.21,0.98,47.1,18.2,+DI>-DI,75.0,353.0,1.0
KESORAMIND,Kesoram Industries Limited,NSE,11.57,2025-11-19,46.0,neutral,28.0,False,False,False,2.5,1.7,bull,oversold,True,23.2,weak,+DI>-DI,20.1,falling,no,-0.129,negative,12.85,below,0.7,6.02,0.19,3.72,46.7,29.3,+DI>-DI,75.0,354.0,1.0
JINDALPOLY,Jindal Poly Films Limited,NSE,650.9,2026-01-21,35.7,neutral,10.3,False,False,False,12.0,6.9,bull,oversold,True,22.3,weak,-DI>+DI,15.8,falling,no,-0.246,negative,685.67,below,27.63,4.25,17.27,1.6,48.8,29.6,+DI>-DI,75.0,354.0,1.0
GAUDIUMIVF,Gaudium IVF and Women Health Limited,NSE,105.8,2026-03-23,42.8,neutral,51.0,True,False,False,6.9,21.4,none,oversold,False,13.9,weak,-DI>+DI,,falling,no,-0.067,negative,113.38,below,4.86,4.6,7.64,0.64,,,n/a,15.0,66.0,1.0
TATASTEEL,Tata Steel Limited,NSE,206.77,2025-12-09,43.5,neutral,28.5,False,False,False,31.4,34.6,bear,neutral,True,13.7,weak,-DI>+DI,27.7,rising,no,-0.037,negative,211.52,below,4.87,2.36,3.27,1.49,57.0,24.2,+DI>-DI,75.0,354.0,1.0
APEX,Apex Frozen Foods Limited,NSE,410.4,2025-10-09,37.8,neutral,40.4,False,False,False,8.0,20.9,bear,oversold,True,17.9,weak,-DI>+DI,12.2,falling,no,-0.22,negative,451.47,below,21.17,5.16,7.34,2.88,54.3,44.6,+DI>-DI,75.0,354.0,1.0
SGMART,SG Mart Limited,NSE,575.35,2026-01-21,48.2,neutral,30.4,False,False,False,6.5,5.6,none,oversold,True,23.2,weak,+DI>-DI,17.4,falling,no,-0.029,negative,601.06,below,22.23,3.86,14.36,1.55,71.8,60.8,+DI>-DI,39.0,180.0,1.0
JAYNECOIND,Jayaswal Neco Industries Limited,NSE,96.46,2025-12-05,41.0,neutral,35.7,False,False,False,0.0,2.0,none,oversold,True,26.2,strong,-DI>+DI,19.2,falling,no,-0.213,negative,103.3,below,4.64,4.81,3.05,1.52,58.1,31.5,+DI>-DI,75.0,354.0,1.0
PFC,Power Finance Corporation Limited,NSE,431.75,2025-12-18,48.4,neutral,18.8,False,False,False,62.4,32.7,bull,neutral,True,15.5,weak,-DI>+DI,48.7,falling,yes,-0.161,negative,433.99,below,11.56,2.68,6.8,1.7,53.1,18.3,-DI>+DI,75.0,354.0,1.0
MMFL,MM Forgings Limited,NSE,450.55,2025-11-10,46.4,neutral,40.1,False,False,False,42.7,31.0,bull,neutral,True,13.2,weak,-DI>+DI,15.2,falling,yes,-0.325,negative,456.68,below,20.05,4.45,8.94,2.24,54.9,24.1,+DI>-DI,75.0,354.0,1.0
SAIL,Steel Authority of India Limited,NSE,190.56,2025-12-19,46.2,neutral,34.2,False,False,False,7.8,23.2,none,oversold,True,31.0,strong,-DI>+DI,22.3,falling,yes,0.147,positive,196.52,below,6.44,3.38,3.24,1.99,64.8,37.7,+DI>-DI,75.0,354.0,1.0
544141,Pune E - Stock Broking Ltd,BSE,280.25,2025-09-26,47.3,neutral,46.0,False,False,False,51.1,41.2,bull,neutral,False,14.6,weak,-DI>+DI,18.4,falling,no,-0.454,negative,288.11,below,11.23,4.01,5.16,2.18,62.7,43.2,+DI>-DI,75.0,351.0,1.0
EBGNG,GNG Electronics Limited,NSE,420.55,2026-01-27,46.4,neutral,25.4,False,False,False,42.0,45.4,bear,neutral,False,28.2,strong,-DI>+DI,29.2,falling,yes,-0.136,negative,436.34,below,22.78,5.42,13.31,1.71,59.1,22.5,+DI>-DI,45.0,210.0,1.0
AVANTIFEED,Avanti Feeds Limited,NSE,1110.6,2025-09-29,28.9,oversold,37.3,False,False,False,3.8,3.8,bear,oversold,True,23.4,weak,-DI>+DI,19.9,falling,no,-0.317,negative,1250.74,below,60.83,5.48,24.82,2.45,47.4,32.0,+DI>-DI,75.0,353.0,1.0
540492,Starlineps Enterprises Ltd,BSE,10.93,2025-11-04,42.6,neutral,6.6,False,False,False,61.7,31.9,bull,neutral,True,37.9,strong,-DI>+DI,58.4,falling,yes,-0.105,negative,11.15,below,0.52,4.76,0.2,2.67,55.0,37.7,-DI>+DI,75.0,351.0,1.0
DSSL,Dynacons Systems & Solutions Limited,NSE,1288.7,2026-03-30,41.8,neutral,28.3,False,False,True,0.0,0.0,none,oversold,True,42.0,very_strong,-DI>+DI,11.2,falling,yes,-0.009,negative,1582.52,below,113.25,8.79,38.15,2.97,55.8,29.5,+DI>-DI,75.0,353.0,1.0
BHEL,Bharat Heavy Electricals Limited,NSE,386.95,2025-09-15,48.4,neutral,57.4,True,False,False,0.0,3.1,none,oversold,False,38.8,strong,-DI>+DI,31.8,falling,no,-0.034,negative,404.66,below,13.64,3.53,5.82,2.34,67.6,32.6,+DI>-DI,75.0,354.0,1.0
GRAPHITE,Graphite India Limited,NSE,705.35,2025-12-08,42.6,neutral,34.1,False,False,False,7.6,9.3,bear,oversold,True,25.3,strong,+DI>-DI,13.9,falling,no,-0.132,negative,748.15,below,27.41,3.89,18.2,1.51,56.0,24.1,+DI>-DI,75.0,354.0,1.0
UNIVPHOTO,Universus Photo Imagings Limited,NSE,380.25,2026-01-20,29.2,oversold,21.5,False,False,False,0.0,0.4,none,oversold,True,25.9,strong,-DI>+DI,24.2,falling,no,0.413,positive,425.64,below,10.87,2.86,13.35,0.81,51.4,26.2,+DI>-DI,75.0,353.0,1.0
HAPPYFORGE,Happy Forgings Limited,NSE,1388.0,2025-10-14,51.3,neutral,37.2,False,False,False,4.8,13.8,bear,oversold,True,24.0,weak,+DI>-DI,17.9,falling,no,-0.339,negative,1406.32,below,56.46,4.07,24.99,2.26,63.4,34.2,+DI>-DI,75.0,354.0,1.0
ARFIN,Arfin India Limited,NSE,89.24,2025-09-16,44.1,neutral,57.9,True,False,False,11.4,14.8,bear,oversold,False,19.2,weak,-DI>+DI,30.8,falling,no,-0.07,negative,94.78,below,4.19,4.69,2.27,1.84,64.7,46.0,+DI>-DI,46.0,215.0,1.0
AARTIIND,Aarti Industries Limited,NSE,458.05,2026-01-21,42.3,neutral,28.2,False,False,False,0.0,2.7,none,oversold,True,19.0,weak,-DI>+DI,22.3,falling,no,0.119,positive,473.97,below,14.2,3.1,8.13,1.75,55.9,24.1,+DI>-DI,75.0,354.0,1.0
GAEL,Gujarat Ambuja Exports Limited,NSE,155.86,2025-10-14,47.1,neutral,32.8,False,False,False,20.6,16.5,none,neutral,True,19.0,weak,+DI>-DI,15.0,falling,no,-0.255,negative,163.69,below,5.23,3.35,2.35,2.23,59.6,32.5,+DI>-DI,75.0,354.0,1.0
540252,Viram Suvarn Ltd,BSE,10.93,2025-12-01,38.8,neutral,34.4,False,False,False,26.1,40.8,bear,neutral,True,38.2,strong,-DI>+DI,17.0,falling,no,0.072,positive,11.71,below,0.69,6.27,0.25,2.78,54.2,34.2,+DI>-DI,75.0,351.0,1.0
KSR,KSR Footwear Limited,NSE,33.0,2025-12-29,41.2,neutral,5.8,False,False,False,27.7,29.1,bear,neutral,False,18.7,weak,-DI>+DI,,flat,no,-0.023,negative,35.17,below,1.76,5.34,1.86,0.95,35.0,,n/a,28.0,128.0,1.0
GUJALKALI,Gujarat Alkalies and Chemicals Limited,NSE,650.85,2026-03-17,39.2,neutral,30.1,False,False,False,7.0,6.5,bull,oversold,True,19.6,weak,-DI>+DI,32.7,falling,no,-0.219,negative,694.15,below,29.7,4.56,14.99,1.98,55.3,41.6,+DI>-DI,75.0,353.0,1.0
RAMRAT,Ram Ratna Wires Limited,NSE,391.5,2026-01-20,39.7,neutral,27.1,False,False,False,4.6,3.7,bull,oversold,True,19.8,weak,-DI>+DI,16.6,falling,no,-0.486,negative,449.62,below,23.06,5.89,11.02,2.09,57.0,35.2,+DI>-DI,75.0,353.0,1.0
QPOWER,Quality Power Electrical Equipments Limited,NSE,1072.0,2026-01-27,45.6,neutral,30.5,False,False,False,52.3,42.7,bull,neutral,True,32.5,strong,-DI>+DI,22.5,falling,no,-0.313,negative,1120.03,below,66.64,6.22,40.3,1.65,55.2,24.3,+DI>-DI,67.0,316.0,1.0
AVADHSUGAR,Avadh Sugar & Energy Limited,NSE,458.55,2026-01-20,45.1,neutral,19.5,False,False,False,83.9,74.5,none,overbought,True,27.5,strong,-DI>+DI,36.8,rising,yes,-0.139,negative,473.21,below,22.02,4.8,10.25,2.15,55.1,34.6,+DI>-DI,75.0,353.0,1.0
544191,Purple Finance Ltd,BSE,65.36,2025-09-29,44.8,neutral,34.4,False,False,False,15.1,11.7,bull,oversold,True,21.9,weak,-DI>+DI,20.7,falling,no,-0.153,negative,68.22,below,3.37,5.15,2.28,1.48,58.7,32.5,+DI>-DI,75.0,351.0,1.0
DBOL,Dhampur Bio Organics Limited,NSE,109.4,2025-11-18,47.5,neutral,26.2,False,False,False,70.3,77.9,bear,neutral,True,16.0,weak,-DI>+DI,23.5,rising,no,-0.162,negative,110.11,below,4.62,4.22,2.86,1.62,55.3,38.2,+DI>-DI,75.0,353.0,1.0
NATIONALUM,National Aluminium Company Limited,NSE,395.7,2025-09-26,41.3,neutral,44.1,False,False,True,39.7,68.5,bear,neutral,True,12.7,weak,-DI>+DI,27.8,falling,no,-0.179,negative,419.18,below,14.58,3.68,5.32,2.74,57.8,45.4,+DI>-DI,75.0,354.0,1.0
SCI,Shipping Corporation Of India Limited,NSE,302.65,2026-01-23,48.2,neutral,34.3,False,False,False,31.7,27.1,none,neutral,True,21.8,weak,+DI>-DI,24.6,falling,no,-0.368,negative,326.19,below,15.08,4.98,7.22,2.09,58.5,27.7,+DI>-DI,75.0,354.0,1.0
LOKESHMACH,Lokesh Machines Limited,NSE,250.2,2025-12-08,49.3,neutral,29.1,False,False,False,22.4,19.5,bull,neutral,True,10.6,weak,+DI>-DI,35.8,falling,no,-0.021,negative,254.0,below,11.29,4.51,9.06,1.24,58.2,28.9,+DI>-DI,75.0,353.0,1.0
HINDCOPPER,Hindustan Copper Limited,NSE,526.35,2025-09-18,39.8,neutral,69.0,True,False,False,10.5,12.7,bear,oversold,False,16.1,weak,-DI>+DI,35.7,falling,yes,-0.231,negative,570.6,below,18.24,3.46,9.46,1.93,53.5,40.9,+DI>-DI,75.0,354.0,1.0
KOVAI,,,,,,,,,,,,,,,,,,,,,,,,,,,,,,,,,,,
NOVARTIND,,,,,,,,,,,,,,,,,,,,,,,,,,,,,,,,,,,
NITTAGELA,,,,,,,,,,,,,,,,,,,,,,,,,,,,,,,,,,,
COCKERILL,,,,,,,,,,,,,,,,,,,,,,,,,,,,,,,,,,,
SEDEMAC,,,,,,,,,,,,,,,,,,,,,,,,,,,,,,,,,,,
ELPROINTL,,,,,,,,,,,,,,,,,,,,,,,,,,,,,,,,,,,
CMPDI,,,,,,,,,,,,,,,,,,,,,,,,,,,,,,,,,,,
KPL,,,,,,,,,,,,,,,,,,,,,,,,,,,,,,,,,,,
DECNGOLD,,,,,,,,,,,,,,,,,,,,,,,,,,,,,,,,,,,
SAIPARENT,,,,,,,,,,,,,,,,,,,,,,,,,,,,,,,,,,,
WELSPLSOL,,,,,,,,,,,,,,,,,,,,,,,,,,,,,,,,,,,
MMWL,,,,,,,,,,,,,,,,,,,,,,,,,,,,,,,,,,,
KISSHT,,,,,,,,,,,,,,,,,,,,,,,,,,,,,,,,,,,
TIMEX,,,,,,,,,,,,,,,,,,,,,,,,,,,,,,,,,,,
POWERICA,,,,,,,,,,,,,,,,,,,,,,,,,,,,,,,,,,,
