Stock,RSI,ADX,OBV Trend,CMF,ATR,Leading Score (1-10)
SHADOWFAX,67.5,49.4,falling,positive,9.57,8.0
SPARC,62.9,36.7,rising,positive,13.34,8.0
POWERINDIA,61.8,32.6,rising,positive,1393.47,8.0
IDEA,85.4,59.0,rising,positive,0.46,8.0
ADANIGREEN,71.4,43.0,rising,positive,54.69,8.0
GRANULES,69.4,55.1,rising,positive,21.5,8.0
GVPIL,71.3,55.7,rising,positive,42.52,8.0
YASHO,77.9,40.8,rising,positive,135.9,8.0
GALAPREC,59.7,42.0,rising,positive,40.39,8.0
PASUPTAC,79.0,43.2,rising,positive,4.04,7.0
VIJAYA,65.2,51.1,rising,positive,60.76,7.0
EMMVEE,71.6,36.4,rising,positive,15.18,7.0
ATGL,64.3,44.0,flat,positive,39.79,7.0
PREMEXPLN,65.1,28.6,rising,negative,39.89,7.0
SASKEN,69.2,59.6,rising,positive,119.57,7.0
BALAMINES,69.3,43.0,rising,positive,118.03,7.0
CENTUM,64.9,28.5,rising,positive,172.79,7.0
PARACABLES,64.1,39.4,rising,positive,4.81,7.0
NINSYS,81.1,73.3,rising,positive,38.33,7.0
POLYCAB,73.6,36.9,rising,positive,209.91,7.0
GVT&D,63.2,34.7,rising,positive,216.15,7.0
THERMAX,63.1,58.1,rising,positive,195.8,7.0
BLUSPRING,78.0,47.3,rising,positive,5.29,7.0
KIRLOSENG,65.0,29.8,rising,positive,78.09,7.0
VINDHYATEL,59.7,48.5,rising,positive,145.01,7.0
ASTRAMICRO,73.3,31.0,rising,positive,60.72,7.0
LAURUSLABS,81.3,50.2,rising,positive,29.99,7.0
SUPRIYA,66.8,47.8,rising,positive,51.81,7.0
NIBE,79.6,48.4,rising,positive,83.7,7.0
ATHERENERG,66.0,35.6,rising,positive,45.7,7.0
ONELIFECAP,65.2,50.6,rising,positive,1.56,7.0
RUBYMILLS,80.6,63.2,rising,positive,18.11,7.0
GRWRHITECH,63.5,38.0,rising,positive,292.36,7.0
JETFREIGHT,65.1,32.5,rising,positive,1.53,7.0
FCL,69.8,48.9,rising,positive,2.34,7.0
KOPRAN,59.7,44.6,rising,positive,11.06,7.0
HIRECT,66.6,35.6,rising,positive,68.91,7.0
NEOGEN,67.3,39.0,rising,positive,93.54,7.0
KDDL,64.3,32.9,rising,positive,143.45,7.0
NEPHROPLUS,69.7,31.1,rising,positive,28.14,7.0
SANSTAR,63.4,43.3,rising,positive,6.28,7.0
STEELXIND,67.0,27.0,rising,positive,0.61,7.0
BLISSGVS,75.6,53.3,rising,positive,21.86,7.0
MTARTECH,58.3,39.7,flat,positive,455.25,7.0
ADANIENT,75.8,52.6,rising,positive,86.9,7.0
KSHINTL,67.4,41.7,rising,positive,50.17,7.0
CPPLUS,88.3,47.0,rising,positive,164.1,7.0
CONFIPET,73.7,44.9,rising,positive,4.9,7.0
NETWEB,63.8,29.7,rising,positive,239.17,7.0
SKYGOLD,60.8,43.6,rising,positive,29.31,7.0
SAKAR,57.3,44.7,rising,positive,49.39,7.0
RUBICON,66.2,51.7,rising,positive,69.93,7.0
TDPOWERSYS,59.5,40.9,falling,positive,66.23,7.0
ACUTAAS,74.6,50.6,rising,positive,118.51,7.0
SPORTKING,63.7,39.6,rising,positive,10.0,7.0
ADANIENSOL,71.1,27.8,rising,positive,61.8,6.0
IOLCP,66.2,57.8,flat,positive,7.12,6.0
RRKABEL,77.8,50.3,rising,positive,85.88,6.0
STLNETWORK,52.9,26.4,rising,positive,1.65,6.0
PAISALO,81.0,44.4,rising,positive,2.27,6.0
VETO,83.7,32.5,rising,positive,5.61,6.0
SOLARINDS,67.2,44.5,falling,positive,489.44,6.0
SBCL,61.8,49.7,rising,negative,35.5,6.0
AMBIKCO,56.5,41.8,rising,negative,64.75,6.0
RHETAN,66.5,19.9,rising,positive,1.09,6.0
GANDHAR,57.9,27.2,rising,negative,7.72,6.0
GLAND,64.8,38.2,falling,positive,81.91,6.0
524520,74.5,37.7,rising,positive,5.18,6.0
TIPSMUSIC,63.2,32.8,rising,negative,26.41,6.0
SHREEJISPG,70.4,45.8,falling,positive,16.06,6.0
DIACABS,62.9,58.1,falling,positive,10.67,6.0
MAYURUNIQ,64.1,49.0,falling,positive,33.14,6.0
CRAFTSMAN,64.4,47.5,falling,negative,335.65,6.0
SAREGAMA,75.2,54.7,rising,positive,21.24,6.0
JAYBARMARU,74.3,34.2,rising,positive,6.34,6.0
APARINDS,66.7,31.2,rising,positive,546.32,6.0
ARVIND,63.6,48.1,rising,positive,19.34,6.0
RSWM,74.6,34.4,rising,positive,9.85,6.0
GANESHBE,69.6,20.1,rising,positive,5.58,6.0
AFIL,69.9,26.9,rising,positive,0.46,6.0
MCLEODRUSS,58.5,44.3,falling,positive,2.07,6.0
SANDHAR,70.6,38.3,rising,positive,36.93,6.0
STLTECH,82.2,69.0,rising,positive,26.14,6.0
SHILPAMED,77.3,62.2,rising,positive,22.46,6.0
526775,63.6,36.5,rising,positive,64.07,6.0
WHEELS,54.0,43.3,falling,positive,85.67,6.0
PARKHOSPS,64.2,49.5,rising,negative,10.84,6.0
511523,73.7,29.6,rising,positive,0.79,6.0
AVALON,70.4,29.3,rising,positive,88.75,6.0
JNKINDIA,66.6,25.9,flat,positive,24.09,6.0
BBOX,88.4,68.0,rising,positive,45.53,6.0
NRBBEARING,72.2,47.5,falling,positive,15.24,6.0
VENUSREM,88.4,38.7,rising,positive,58.08,6.0
E2E,75.9,39.5,rising,positive,20.91,6.0
SIGMAADV,73.4,69.4,rising,positive,20.9,6.0
ATLANTAELE,66.4,41.9,rising,positive,99.49,6.0
ANTELOPUS,73.2,44.4,rising,positive,40.19,6.0
CEMPRO,71.7,45.7,rising,positive,54.1,6.0
MODISONLTD,94.8,66.9,rising,positive,14.62,6.0
500449,59.3,36.9,rising,positive,2.45,6.0
HFCL,72.7,64.3,rising,positive,9.82,6.0
UNIVCABLES,65.6,43.6,rising,positive,83.41,6.0
ATALREAL,69.0,34.4,falling,positive,1.1,6.0
DEEDEV,79.7,49.6,rising,positive,31.61,6.0
GAYAPROJ,64.3,29.1,rising,positive,1.04,6.0
KERNEX,74.3,48.6,rising,positive,95.62,6.0
INDOBORAX,84.2,55.9,rising,positive,14.63,6.0
SOUTHWEST,59.2,25.6,rising,negative,15.32,6.0
CGPOWER,68.1,28.6,flat,positive,28.0,6.0
RPTECH,61.7,41.9,rising,negative,22.54,6.0
IFCI,74.6,40.1,rising,positive,3.49,6.0
SIS,67.3,45.5,rising,positive,18.1,6.0
SONAMLTD,52.6,34.1,rising,positive,2.93,6.0
BIRLACABLE,71.4,33.1,rising,positive,10.46,6.0
APOLLOPIPE,53.4,36.1,falling,positive,23.34,6.0
CALSOFT,53.5,34.4,rising,positive,1.24,6.0
ASIANENE,70.9,37.2,rising,positive,20.71,6.0
IBULLSLTD,68.0,39.6,rising,positive,1.23,6.0
SKIPPER,69.5,43.9,rising,positive,24.12,6.0
UNIPARTS,74.6,35.3,rising,negative,24.48,5.0
ZIMLAB,63.7,39.1,rising,negative,5.62,5.0
LLOYDSENGG,61.1,41.8,flat,negative,3.28,5.0
MWL,73.2,43.6,rising,positive,11.6,5.0
SUVEN,45.7,45.7,rising,positive,16.72,5.0
AYMSYNTEX,51.8,27.9,rising,negative,13.75,5.0
SENORES,51.6,39.4,falling,positive,49.59,5.0
PIRAMALFIN,57.6,12.5,rising,negative,60.07,5.0
SUNFLAG,53.4,30.6,rising,negative,23.12,5.0
GHCLTEXTIL,60.9,23.5,rising,positive,4.3,5.0
WOCKPHARMA,60.3,49.7,rising,negative,123.02,5.0
STYLAMIND,82.7,58.8,rising,positive,96.99,5.0
CLEANMAX,61.3,28.6,rising,positive,58.5,5.0
HINDALCO,50.9,27.1,flat,positive,29.56,5.0
ABB,59.3,23.2,rising,positive,201.71,5.0
INOXINDIA,65.1,21.6,rising,positive,63.44,5.0
ADFFOODS,61.7,45.5,rising,negative,13.96,5.0
AGIIL,52.0,25.3,rising,negative,20.19,5.0
LLOYDSME,55.6,32.2,rising,negative,50.54,5.0
543916,52.9,31.1,falling,positive,22.87,5.0
531911,70.4,27.4,rising,positive,3.9,5.0
NDLVENTURE,55.9,24.6,rising,positive,5.8,5.0
KRISHANA,51.2,31.7,rising,negative,26.26,5.0
KINGFA,59.0,33.5,falling,negative,206.54,5.0
GOCLCORP,72.0,31.3,rising,positive,19.02,5.0
NAM-INDIA,59.4,32.6,flat,positive,39.65,5.0
MIDHANI,63.3,35.8,rising,negative,19.31,5.0
542669,69.7,32.8,rising,negative,3.34,5.0
SWANDEF,53.2,14.8,rising,positive,89.02,5.0
ACMESOLAR,78.5,36.3,rising,positive,14.48,5.0
THANGAMAYL,78.5,26.6,rising,positive,265.1,5.0
SYRMA,79.6,45.6,rising,negative,42.62,5.0
INDSWFTLAB,65.2,22.5,rising,negative,7.93,5.0
NITINSPIN,69.6,46.8,rising,negative,23.05,5.0
NARMADA,62.9,31.4,rising,negative,1.49,5.0
VIYASH,62.3,52.6,falling,negative,12.37,5.0
WELCORP,66.5,37.0,rising,positive,43.34,5.0
APOLLO,68.7,47.9,rising,negative,23.88,5.0
QUADFUTURE,67.5,30.1,rising,positive,16.13,5.0
SANSERA,67.7,30.8,rising,positive,107.43,5.0
RAIN,75.2,49.4,rising,positive,9.18,5.0
DJML,78.6,17.7,falling,positive,4.79,5.0
SCPL,64.0,28.6,rising,positive,22.81,5.0
AEROENTER,59.3,37.1,rising,negative,4.74,5.0
BHAGYANGR,57.0,41.4,rising,positive,18.2,5.0
OMAXAUTO,62.0,50.7,flat,positive,11.75,5.0
OMNI,70.1,35.1,rising,negative,34.11,5.0
UFBL,67.7,39.0,rising,positive,35.44,5.0
SANGINITA,87.5,55.1,rising,positive,0.59,5.0
HONASA,71.8,39.6,rising,negative,14.02,5.0
ADANIPOWER,56.8,28.9,flat,negative,8.39,5.0
NELCAST,52.9,30.8,rising,negative,6.55,5.0
SOTL,83.6,47.0,rising,positive,29.08,5.0
KEI,60.7,14.4,flat,positive,160.86,5.0
OLAELEC,70.7,38.6,rising,positive,2.19,5.0
DHANBANK,54.2,31.6,rising,positive,1.62,5.0
HCC,65.1,27.2,rising,negative,1.08,5.0
ADVAIT,60.4,27.9,falling,negative,114.28,5.0
SAMMAANCAP,78.2,37.9,rising,positive,6.57,5.0
GULPOLY,63.9,33.5,rising,negative,9.29,5.0
SPECTRUM,81.4,34.7,rising,positive,87.63,5.0
HSCL,75.3,25.1,rising,positive,31.37,5.0
RICOAUTO,68.2,15.9,rising,positive,6.56,5.0
538668,68.4,36.5,flat,negative,22.56,5.0
EXICOM,49.7,40.4,rising,positive,10.91,4.0
SURYODAY,66.2,40.6,rising,negative,7.17,4.0
543828,56.3,17.3,falling,positive,1.39,4.0
SBC,56.2,21.7,falling,negative,1.21,4.0
TRUALT,63.5,12.4,falling,positive,21.05,4.0
PREMIERPOL,51.8,8.8,rising,negative,2.31,4.0
FOCUS,72.1,30.7,rising,negative,4.12,4.0
ANGELONE,56.0,26.4,falling,positive,12.05,4.0
ZENTEC,70.3,15.4,rising,positive,72.67,4.0
TCIFINANCE,62.3,20.0,rising,negative,0.84,4.0
GCSL,70.6,19.7,falling,positive,17.37,4.0
JSWENERGY,59.0,21.6,flat,positive,18.4,4.0
DIVGIITTS,58.4,21.6,rising,negative,38.21,4.0
TARIL,55.6,11.3,rising,negative,12.55,4.0
SAILIFE,64.5,18.3,flat,positive,42.62,4.0
AMANTA,55.9,24.0,falling,negative,7.86,4.0
CHENNPETRO,70.5,21.6,rising,positive,44.69,4.0
AETHER,53.4,22.9,rising,negative,49.14,4.0
GROWW,55.6,13.9,rising,negative,6.77,4.0
STEELCAS,53.5,21.2,flat,positive,14.93,4.0
CUMMINSIND,62.6,23.0,falling,negative,165.06,4.0
530689,50.1,20.9,falling,negative,3.0,4.0
KIRLPNU,54.9,35.9,falling,negative,61.98,4.0
INDOTECH,57.6,30.5,rising,negative,158.66,4.0
BUILDPRO,52.5,14.2,rising,negative,57.08,4.0
APCOTEXIND,74.5,43.4,rising,negative,22.43,4.0
J&KBANK,64.9,22.0,rising,positive,4.67,4.0
SGFIN,54.3,41.8,falling,negative,21.24,4.0
ROSSTECH,59.2,28.0,falling,negative,65.28,4.0
CEIGALL,60.4,40.7,falling,negative,15.38,4.0
FINCABLES,52.3,30.7,falling,negative,52.95,4.0
ABSLAMC,54.3,24.2,rising,negative,37.53,4.0
JINDALSAW,60.7,18.3,rising,positive,10.41,4.0
UTLSOLAR,62.3,25.4,rising,negative,16.87,4.0
TMB,65.1,24.7,rising,positive,26.73,4.0
PANACEABIO,81.0,36.3,rising,negative,29.19,4.0
DATAPATTNS,59.3,17.1,rising,positive,192.05,4.0
SATIN,75.0,53.4,rising,negative,10.81,4.0
543787,64.8,29.9,rising,negative,64.8,4.0
IDEAFORGE,72.4,40.2,flat,positive,49.44,4.0
AZAD,61.9,27.2,rising,negative,95.33,4.0
BAJAJCON,58.2,53.9,falling,negative,24.02,4.0
NGLFINE,59.5,32.1,falling,negative,190.93,4.0
CUPID,72.2,20.9,rising,negative,4.58,4.0
SALSTEEL,58.4,19.8,rising,positive,3.53,4.0
BANDHANBNK,62.5,27.6,rising,negative,5.93,4.0
WALCHANNAG,53.1,24.4,flat,negative,15.8,3.0
PRECWIRE,52.0,24.9,falling,negative,22.35,3.0
WSTCSTPAPR,57.6,19.9,rising,negative,20.8,3.0
KRN,58.1,20.7,rising,negative,67.76,3.0
RISHABH,51.7,19.3,flat,negative,30.52,3.0
521113,47.4,12.1,falling,positive,5.49,3.0
KRISHNADEF,55.5,21.4,rising,negative,73.35,3.0
MENONBE,47.6,41.9,falling,negative,5.88,3.0
MAWANASUG,50.5,17.2,falling,negative,4.43,3.0
KTKBANK,52.2,29.6,falling,negative,9.4,3.0
AEROFLEX,61.0,39.3,flat,negative,25.94,3.0
TIRUPATIFL,51.8,12.5,falling,negative,2.39,3.0
VTL,62.1,16.1,rising,negative,21.65,3.0
BHARATFORG,54.1,11.5,rising,negative,51.23,3.0
AKUMS,62.0,18.0,rising,negative,19.59,3.0
BSE,46.5,42.5,falling,negative,142.61,3.0
NLCINDIA,51.2,41.3,falling,negative,14.83,3.0
NAHARSPING,70.1,22.3,rising,positive,6.82,3.0
PARAS,72.0,21.6,rising,negative,46.28,3.0
AXISCADES,45.4,29.3,rising,positive,95.43,3.0
539730,49.8,21.0,falling,positive,159.94,3.0
543542,49.7,44.3,rising,positive,31.91,3.0
BODALCHEM,51.5,39.1,falling,negative,3.65,3.0
BELRISE,52.9,10.8,flat,negative,6.69,3.0
MBAPL,54.6,16.3,falling,negative,19.55,2.0
SEAMECLTD,51.3,16.0,falling,negative,67.87,2.0
MAHABANK,51.9,13.4,falling,negative,2.08,2.0
GKSL,47.0,41.7,falling,negative,5.41,2.0
VIDYAWIRES,48.6,41.4,falling,negative,6.16,2.0
535916,50.7,14.4,falling,negative,4.93,2.0
SCHNEIDER,44.4,27.5,falling,positive,64.0,2.0
GMDCLTD,46.6,16.6,rising,negative,25.38,2.0
HARDWYN,47.4,31.8,falling,negative,1.31,2.0
530145,53.0,24.1,falling,negative,2.07,2.0
MIRCELECTR,49.9,36.6,falling,negative,2.55,2.0
KOTYARK,46.2,17.9,falling,positive,16.99,2.0
540545,40.3,33.4,rising,negative,2.26,2.0
MANAKALUCO,52.9,14.2,falling,negative,1.82,2.0
LINCOLN,44.0,33.9,falling,negative,36.71,2.0
MCX,35.7,30.7,falling,negative,114.07,2.0
532380,48.1,11.5,falling,negative,0.85,1.0
GESHIP,44.0,21.4,falling,negative,72.21,1.0
MCL,43.5,8.1,flat,positive,2.17,1.0
KESORAMIND,46.0,23.2,falling,negative,0.7,1.0
JINDALPOLY,35.7,22.3,falling,negative,27.63,1.0
GAUDIUMIVF,42.8,13.9,falling,negative,4.86,1.0
TATASTEEL,43.5,13.7,rising,negative,4.87,1.0
APEX,37.8,17.9,falling,negative,21.17,1.0
SGMART,48.2,23.2,falling,negative,22.23,1.0
JAYNECOIND,41.0,26.2,falling,negative,4.64,1.0
PFC,48.4,15.5,falling,negative,11.56,1.0
MMFL,46.4,13.2,falling,negative,20.05,1.0
SAIL,46.2,31.0,falling,positive,6.44,1.0
544141,47.3,14.6,falling,negative,11.23,1.0
EBGNG,46.4,28.2,falling,negative,22.78,1.0
AVANTIFEED,28.9,23.4,falling,negative,60.83,1.0
540492,42.6,37.9,falling,negative,0.52,1.0
DSSL,41.8,42.0,falling,negative,113.25,1.0
BHEL,48.4,38.8,falling,negative,13.64,1.0
GRAPHITE,42.6,25.3,falling,negative,27.41,1.0
UNIVPHOTO,29.2,25.9,falling,positive,10.87,1.0
HAPPYFORGE,51.3,24.0,falling,negative,56.46,1.0
ARFIN,44.1,19.2,falling,negative,4.19,1.0
AARTIIND,42.3,19.0,falling,positive,14.2,1.0
GAEL,47.1,19.0,falling,negative,5.23,1.0
540252,38.8,38.2,falling,positive,0.69,1.0
KSR,41.2,18.7,flat,negative,1.76,1.0
GUJALKALI,39.2,19.6,falling,negative,29.7,1.0
RAMRAT,39.7,19.8,falling,negative,23.06,1.0
QPOWER,45.6,32.5,falling,negative,66.64,1.0
AVADHSUGAR,45.1,27.5,rising,negative,22.02,1.0
544191,44.8,21.9,falling,negative,3.37,1.0
DBOL,47.5,16.0,rising,negative,4.62,1.0
NATIONALUM,41.3,12.7,falling,negative,14.58,1.0
SCI,48.2,21.8,falling,negative,15.08,1.0
LOKESHMACH,49.3,10.6,falling,negative,11.29,1.0
HINDCOPPER,39.8,16.1,falling,negative,18.24,1.0
KOVAI,,,,,,
NOVARTIND,,,,,,
NITTAGELA,,,,,,
COCKERILL,,,,,,
SEDEMAC,,,,,,
ELPROINTL,,,,,,
CMPDI,,,,,,
KPL,,,,,,
DECNGOLD,,,,,,
SAIPARENT,,,,,,
WELSPLSOL,,,,,,
MMWL,,,,,,
KISSHT,,,,,,
TIMEX,,,,,,
POWERICA,,,,,,
