symbol,day0_date,day0_idx_from_end,day0_open,day0_close,day0_volume,day0_verified_volspike,day0_vol_x_50davg,rsi,stoch_k,stoch_d,bb_width,pctB,cci,williams_r,mfi,obv_dir,macd,macd_signal,macd_hist,macd_vs_zero,ema20,ema20_slope,ema50,ema50_slope,ema_alignment,adx,atr,atr_pct,supertrend,supertrend_flip,day0_candle,pct_from_52wh,pct_vs_ema200,bb_position,bos_triggered,vcp_pivot_broken,demand_zone_reclaimed,order_block_broken,pre_vol_pattern,pre_rsi_trend,pre_range_pct,pre_tight_range,pre_volume_dryup,pre_shakeout,bars_available
OMNI,2026-03-11,60,190.0,208.95,1428730,False,,100.0,,,,,,,,already_rising,,,,below,,down/flat,,down/flat,n/a(short),,,,red,just_flipped_red,Three White Soldiers,-7.01,,n/a,N,N,N,Y,declining,flat/down,,N,N,N,65
BAJAJCON,2025-09-18,178,238.0,257.84,7101892,True,7.28,70.3,62.2,45.6,14.53,127.1,220.2,-12.9,79.9,already_rising,2.776,1.017,1.758,above,232.2,up,225.65,up,n/a(short),22.3,9.07,3.52,green,just_flipped_green,none,-2.13,,upper,Y,Y,Y,Y,rising,turning_up,7.35,Y,N,Y,354
MODISONLTD,2026-04-27,31,145.5,152.22,61185,True,1.6,66.0,89.7,89.8,31.23,84.8,77.4,-4.8,80.3,already_rising,4.86,3.47,1.39,above,140.21,up,138.09,up,crossing/mixed,24.7,5.9,3.87,green,none_recent,none,-22.91,3.8,above_mid,Y,Y,Y,Y,declining,flat/down,4.2,Y,Y,N,353
SANGINITA,2026-01-07,102,10.67,10.96,138874,True,1.85,66.4,75.2,60.3,11.23,126.2,194.3,-2.4,78.7,already_rising,0.082,-0.009,0.092,above,10.2,up,10.19,up,crossing/mixed,20.8,0.53,4.8,green,none_recent,none,-33.74,1.42,upper,Y,Y,N,Y,rising,turning_up,12.23,N,N,Y,353
DEEDEV,2026-02-20,72,206.37,230.51,2866643,True,6.67,65.0,65.4,62.8,22.62,103.7,122.4,-25.9,87.1,already_rising,2.624,0.54,2.084,above,209.66,up,212.44,up,bearish,20.5,11.89,5.16,green,just_flipped_green,Bullish Engulfing;Outside Bar,-31.44,-4.85,upper,Y,Y,Y,Y,declining,turning_up,9.8,Y,Y,N,353
SIGMAADV,2025-08-22,195,125.1,132.73,423866,True,2.99,71.1,90.8,71.6,22.46,110.7,128.7,-2.3,45.0,already_rising,5.167,4.368,0.799,above,117.08,up,107.44,up,n/a(short),28.5,5.22,3.93,green,just_flipped_green,Three White Soldiers,-0.43,,upper,Y,N,N,Y,rising,turning_up,15.09,N,N,N,353
MTARTECH,2025-09-12,182,1545.0,1678.5,2989158,True,17.96,70.5,71.3,49.8,17.57,127.4,256.6,-16.8,92.1,already_rising,4.208,-16.837,21.045,above,1484.6,up,1503.62,down/flat,n/a(short),24.6,59.69,3.56,green,none_recent,Three White Soldiers,-7.1,,upper,Y,Y,Y,Y,rising,turning_up,10.66,N,N,Y,354
CPPLUS,2026-02-27,67,1614.9,1689.0,632461,True,3.71,66.9,74.5,52.3,14.38,114.3,93.6,-7.4,84.5,already_rising,35.046,26.071,8.974,above,1542.17,up,1505.09,up,n/a(short),32.0,76.54,4.53,green,none_recent,Tweezer Bottom;Outside Bar;Three White Soldiers,-3.21,,upper,Y,N,N,Y,rising,turning_up,14.03,N,N,N,209
540492,2025-11-07,142,2.12,2.18,3021333,False,2.44,15.9,9.6,4.4,109.02,24.0,-49.2,-81.7,83.8,already_rising,-0.768,-0.752,-0.016,below,2.99,down/flat,4.19,down/flat,bearish,61.0,0.19,8.59,red,none_recent,none,-73.41,-62.85,lower,N,N,N,N,rising,turning_up,18.35,N,N,N,350
HFCL,2026-04-09,42,75.39,79.61,77596073,True,3.68,66.4,82.7,72.6,14.69,124.1,239.7,-12.4,80.1,already_rising,1.406,0.677,0.729,above,72.07,up,70.58,up,crossing/mixed,14.5,3.56,4.47,green,none_recent,none,-15.27,7.54,upper,Y,Y,Y,Y,declining,turning_up,8.54,Y,N,N,354
KSHINTL,2026-03-10,61,375.0,395.7,1056295,True,3.34,60.6,74.0,57.6,9.5,124.6,185.4,-6.7,71.8,already_rising,4.882,3.336,1.546,above,369.94,up,363.93,up,n/a(short),12.5,17.03,4.3,green,none_recent,Three White Soldiers,-1.98,,upper,Y,Y,N,Y,declining,flat/down,9.01,Y,Y,Y,114
UFBL,2026-02-02,85,220.0,252.52,4919083,True,26.56,73.8,37.8,18.7,42.32,113.8,149.4,-8.5,91.5,already_rising,0.523,-2.03,2.553,above,194.54,down/flat,196.94,down/flat,bearish,29.4,14.33,5.68,green,just_flipped_green,none,-33.19,2.76,upper,Y,Y,N,Y,rising,turning_up,8.14,Y,Y,N,352
GVPIL,2026-02-09,81,332.65,348.45,262485,True,1.68,67.2,86.8,86.3,27.52,103.2,114.5,-5.8,72.0,already_rising,4.891,-2.395,7.287,above,313.92,up,316.0,up,bearish,23.5,14.96,4.29,green,just_flipped_green,none,-11.56,10.06,upper,Y,N,Y,Y,declining,turning_up,18.07,N,N,N,354
CONFIPET,2026-03-12,59,29.8,35.45,9380060,True,15.5,64.8,49.0,29.1,21.94,106.5,96.7,-0.5,80.7,already_rising,-0.543,-0.778,0.234,below,31.39,down/flat,32.9,down/flat,bearish,35.8,1.75,4.94,green,just_flipped_green,Bullish Marubozu;Tweezer Bottom;Outside Bar;Three White Soldiers,-44.34,-15.83,upper,Y,Y,N,Y,rising,turning_up,7.45,Y,N,N,354
STLTECH,2026-02-05,83,130.0,134.12,13920479,True,5.05,78.2,92.6,90.5,53.41,112.6,222.7,-9.0,95.3,already_rising,6.301,1.467,4.834,above,106.27,up,104.11,up,crossing/mixed,27.5,7.83,5.84,green,none_recent,none,-4.47,26.61,upper,Y,N,Y,Y,rising,turning_up,26.6,N,N,Y,354
AEROFLEX,2026-02-17,75,192.13,206.69,5765989,True,2.71,64.9,73.8,70.8,29.27,97.8,101.1,-8.8,88.0,already_rising,4.333,1.931,2.402,above,187.26,up,184.43,up,crossing/mixed,27.3,10.04,4.86,green,none_recent,none,-18.82,11.82,upper,Y,Y,Y,Y,rising,flat/down,7.61,Y,Y,N,354
IDEAFORGE,2026-04-22,34,483.1,545.9,15164113,True,11.19,76.4,87.9,90.3,38.37,120.7,211.2,-12.0,95.9,already_rising,20.732,8.401,12.331,above,447.42,up,435.61,up,crossing/mixed,19.7,27.3,5.0,green,just_flipped_green,none,-17.27,18.77,upper,Y,N,Y,Y,rising,rising_slowly,9.18,Y,Y,N,354
NGLFINE,2025-12-31,108,1325.0,1406.2,4218,True,1.72,61.0,61.0,56.9,7.83,136.1,167.5,-17.0,72.8,already_rising,-7.945,-19.515,11.57,below,1332.76,up,1362.14,down/flat,bearish,19.5,52.02,3.7,red,none_recent,none,-31.4,2.15,upper,Y,Y,Y,Y,rising,rising_slowly,5.26,Y,Y,Y,354
SHADOWFAX,2026-04-10,41,125.1,132.34,5965068,True,2.05,66.5,85.0,86.3,20.16,122.1,192.8,-13.8,78.1,already_rising,2.602,0.823,1.779,above,118.5,up,,down/flat,n/a(short),31.5,5.79,4.37,green,none_recent,none,-2.98,,upper,Y,N,Y,Y,rising,turning_up,10.81,N,Y,N,90
BHAGYANGR,2025-10-07,166,97.35,100.28,118628,True,4.12,68.4,71.0,60.1,10.8,114.7,178.4,-15.8,81.8,already_rising,1.564,0.993,0.571,above,94.28,up,91.97,up,n/a(short),19.2,4.3,4.29,green,none_recent,Outside Bar,-13.48,,upper,Y,Y,Y,Y,rising,turning_up,5.78,Y,N,N,354
ANTELOPUS,2026-01-14,98,365.8,441.25,3850148,True,23.95,60.1,38.9,16.6,22.12,94.9,51.3,-0.1,91.4,already_rising,-11.279,-14.049,2.77,below,398.65,down/flat,431.3,down/flat,bearish,28.4,23.96,5.43,green,just_flipped_green,Bullish Marubozu,-47.09,-18.19,above_mid,Y,N,N,Y,rising,flat/down,9.2,Y,Y,N,354
ATLANTAELE,2026-02-10,79,884.45,902.45,229469,True,1.7,63.5,81.7,69.7,24.87,106.4,102.4,-6.9,55.0,already_rising,-2.662,-22.39,19.728,below,814.88,up,845.46,down/flat,n/a(short),17.3,42.62,4.72,green,just_flipped_green,Three White Soldiers,-17.8,,upper,Y,N,Y,Y,declining,turning_up,14.7,N,N,Y,171
JNKINDIA,2026-04-13,40,269.0,288.59,584510,True,1.45,68.8,91.3,89.5,31.9,106.1,208.4,-5.0,57.8,already_rising,10.304,4.582,5.722,above,250.62,up,243.01,up,crossing/mixed,20.3,17.1,5.92,green,just_flipped_green,none,-31.21,1.92,upper,Y,N,Y,Y,declining,turning_up,12.71,N,N,Y,353
BLISSGVS,2026-02-09,81,183.5,203.6,9078679,True,1.64,68.9,90.8,89.1,28.25,116.0,216.8,-4.1,80.2,already_rising,6.528,3.532,2.996,above,176.03,up,168.99,up,20>50>200,27.1,10.25,5.04,green,none_recent,Bullish Marubozu,-1.07,28.32,upper,Y,N,Y,Y,rising,turning_up,11.02,N,Y,N,354
VENUSREM,2025-11-13,139,540.8,563.6,238552,True,4.63,83.2,84.0,79.7,31.31,120.5,323.7,-11.7,83.0,already_rising,17.591,4.23,13.362,above,473.21,up,463.1,up,20>50>200,23.1,23.75,4.21,green,just_flipped_green,Morning Star,-2.99,35.16,upper,Y,N,Y,Y,rising,turning_up,21.36,N,N,Y,352
SPORTKING,2026-02-04,84,98.4,107.14,795027,True,8.12,80.2,85.8,88.4,30.08,128.9,263.9,-13.7,84.8,already_rising,2.32,-0.364,2.684,above,89.17,up,90.05,up,bearish,28.9,4.99,4.66,green,just_flipped_green,Bullish Engulfing,-23.47,9.46,upper,Y,N,Y,Y,rising,turning_up,20.91,N,N,Y,353
E2E,2026-01-16,96,206.5,222.65,3021130,True,2.77,60.5,67.1,54.0,11.17,131.5,150.8,-0.0,65.7,already_rising,-4.292,-7.605,3.313,below,207.2,down/flat,225.5,down/flat,bearish,20.4,10.9,4.89,green,just_flipped_green,Bullish Marubozu;Morning Star,-45.7,-15.2,upper,Y,N,N,Y,declining,rising_slowly,13.86,N,N,Y,354
BALAMINES,2026-04-23,33,1200.0,1239.95,161357,True,1.57,70.3,95.1,93.9,26.26,102.2,189.3,-10.7,81.6,already_rising,39.703,19.22,20.482,above,1118.5,up,1101.67,up,crossing/mixed,12.6,51.73,4.17,green,none_recent,Three White Soldiers,-36.25,-0.37,upper,Y,N,Y,Y,rising,turning_up,8.97,Y,N,N,354
SAKAR,2025-09-23,175,336.25,363.75,61288,True,4.57,69.9,88.9,80.4,9.31,130.7,224.7,-0.0,76.4,already_rising,3.76,1.199,2.562,above,340.73,up,337.39,up,n/a(short),16.8,14.03,3.86,green,just_flipped_green,Bullish Marubozu;Three White Soldiers,-4.48,,upper,Y,Y,Y,Y,declining,turning_up,5.5,Y,N,N,354
532380,2025-12-22,111,7.7,7.75,44829,True,3.12,70.0,84.0,78.1,20.42,129.7,130.8,-9.8,65.3,already_rising,-0.043,-0.193,0.15,below,6.85,up,7.17,down/flat,bearish,31.6,0.44,5.69,green,just_flipped_green,Doji;Hanging Man;Bullish Pin Bar,-40.29,-8.56,upper,Y,N,Y,Y,rising,turning_up,11.35,N,N,Y,350
ACUTAAS,2025-10-15,160,1498.0,1548.8,582075,True,2.03,71.0,91.4,86.9,15.6,103.1,147.2,-6.2,59.3,already_rising,23.723,10.945,12.778,above,1439.44,up,1390.07,up,n/a(short),26.5,47.92,3.09,green,just_flipped_green,none,-1.04,,upper,Y,N,Y,Y,rising,turning_up,8.96,Y,N,Y,354
AVALON,2026-05-07,23,1219.0,1255.5,2780276,True,11.38,72.3,73.7,69.3,19.27,128.4,137.3,-17.7,76.0,already_rising,47.005,34.002,13.002,above,1089.32,up,1032.19,up,20>50>200,23.3,61.21,4.88,green,none_recent,none,-4.74,29.99,upper,Y,N,N,Y,rising,turning_up,16.11,N,N,N,354
SASKEN,2026-05-11,21,1500.0,1634.6,630253,True,15.68,83.8,85.1,76.1,23.1,150.2,197.6,-0.0,91.3,already_rising,60.071,41.225,18.845,above,1330.28,up,1272.39,up,crossing/mixed,31.4,66.89,4.09,green,none_recent,none,-0.07,20.82,upper,Y,Y,Y,Y,declining,rising_slowly,4.24,Y,Y,N,353
OMAXAUTO,2026-04-15,39,106.55,115.86,282224,True,3.48,66.6,87.1,84.0,22.67,119.6,146.4,-11.2,77.7,already_rising,1.394,-0.657,2.051,above,103.29,up,103.68,up,bearish,19.6,5.71,4.93,green,just_flipped_green,none,-30.12,7.99,upper,Y,N,Y,Y,declining,turning_up,7.77,Y,Y,N,353
RAIN,2025-12-19,115,111.23,124.6,25683573,True,12.64,64.8,81.7,79.0,18.04,133.2,92.3,-5.4,87.5,already_rising,-1.189,-3.64,2.451,below,111.67,up,118.19,down/flat,bearish,32.0,4.61,3.7,green,just_flipped_green,Bullish Marubozu,-30.35,-8.13,upper,Y,Y,Y,Y,declining,turning_up,8.31,Y,N,N,354
PARKHOSPS,2026-02-10,80,159.0,166.46,6400577,True,2.47,70.9,77.4,72.1,10.89,123.9,,-11.4,80.6,already_rising,2.595,1.701,0.894,above,154.63,up,,down/flat,n/a(short),27.8,7.75,4.66,green,none_recent,none,-1.7,,upper,Y,Y,Y,Y,declining,flat/down,5.36,Y,Y,N,118
TCIFINANCE,2025-12-17,115,11.2,13.44,223930,True,11.17,73.3,80.6,75.0,18.54,155.2,237.8,-0.0,85.4,already_rising,0.056,-0.133,0.189,above,11.44,up,11.7,down/flat,bearish,17.7,0.84,6.24,green,just_flipped_green,Bullish Engulfing;Outside Bar,-28.62,2.94,upper,Y,Y,N,Y,declining,turning_up,11.53,N,N,Y,352
SGMART,2026-02-09,81,369.0,405.3,1522487,True,6.31,68.9,82.6,86.2,21.46,121.8,169.6,-12.9,84.8,already_rising,6.658,1.299,5.359,above,360.31,up,355.92,up,n/a(short),27.3,19.78,4.88,green,just_flipped_green,none,-3.25,,upper,Y,Y,Y,Y,declining,turning_up,9.13,Y,Y,N,182
KERNEX,2026-04-08,43,1113.95,1141.3,325441,True,1.92,64.9,87.0,77.2,23.85,124.8,135.4,-5.7,68.6,already_rising,-13.127,-38.998,25.87,below,994.86,up,1051.05,down/flat,bearish,27.8,60.29,5.28,green,just_flipped_green,none,-19.91,2.01,upper,Y,N,N,Y,rising,turning_up,21.2,N,N,Y,354
BBOX,2026-02-09,81,533.45,571.15,836169,True,2.69,64.4,78.9,75.3,16.67,119.7,130.9,-4.4,71.0,already_rising,3.512,-3.426,6.938,above,520.57,up,522.44,up,crossing/mixed,15.6,24.21,4.24,green,just_flipped_green,none,-6.95,9.99,upper,Y,N,Y,Y,rising,flat/down,8.73,Y,N,Y,354
GAYAPROJ,2026-04-06,45,13.68,14.86,546565,True,6.25,100.0,88.8,88.5,20.83,99.2,136.9,-5.6,,already_rising,0.51,0.389,0.121,above,13.69,up,13.01,up,20>50>200,94.6,0.25,1.68,green,none_recent,Bullish Marubozu;Outside Bar,-0.87,33.38,upper,Y,N,Y,Y,declining,rising_slowly,9.29,Y,N,Y,354
RUBICON,2026-02-03,84,709.0,721.9,357804,True,1.93,67.1,90.8,85.5,9.61,125.8,275.6,-13.2,72.5,already_rising,8.007,3.967,4.041,above,674.97,up,664.0,up,n/a(short),17.9,26.25,3.64,green,none_recent,Three White Soldiers,-4.36,,upper,Y,Y,Y,N,rising,turning_up,8.13,Y,Y,N,158
CUPID,2025-09-08,186,35.0,37.6,41559380,True,1.5,75.5,64.7,65.1,13.12,118.5,67.3,-14.4,63.4,already_rising,1.699,1.767,-0.069,above,34.31,up,30.5,up,n/a(short),45.3,1.68,4.46,green,none_recent,Bullish Engulfing;Outside Bar,-2.07,,upper,Y,Y,Y,Y,declining,flat/down,8.48,Y,Y,N,354
SEDEMAC,2026-04-06,45,1570.0,1680.2,511124,False,1.34,69.1,75.0,,,,,-10.1,84.2,already_rising,,,,below,,down/flat,,down/flat,n/a(short),,108.68,6.47,green,none_recent,none,-1.66,,n/a,Y,Y,N,Y,rising,flat/down,5.27,Y,Y,N,61
KSR,2026-01-05,103,26.2,26.21,1068375,True,4.74,55.2,100.0,79.2,71.64,110.0,,-0.0,90.6,already_rising,-1.321,,,below,20.28,up,,down/flat,n/a(short),,2.29,8.73,green,just_flipped_green,Dragonfly Doji;Hanging Man;Bullish Pin Bar;Outside Bar;Three White Soldiers,-25.01,,upper,Y,N,N,Y,rising,turning_up,37.35,N,N,Y,130
VIDYAWIRES,2026-02-26,68,51.2,53.75,5590001,True,1.72,67.0,74.5,65.4,16.04,118.9,196.5,-3.1,68.1,already_rising,0.663,0.037,0.627,above,48.87,up,49.13,up,n/a(short),18.4,2.13,3.96,green,none_recent,none,-8.04,,upper,Y,Y,N,Y,rising,turning_up,9.86,Y,Y,N,123
PARACABLES,2026-04-08,43,34.21,37.21,1682677,True,1.7,61.3,70.6,61.2,20.4,113.6,157.5,-11.8,51.2,turning_up,-0.237,-0.664,0.427,below,33.31,up,34.39,down/flat,bearish,17.7,2.22,5.98,green,just_flipped_green,none,-40.7,-12.28,upper,Y,N,N,Y,declining,turning_up,14.11,N,N,Y,354
TDPOWERSYS,2025-09-03,189,518.0,551.35,5502113,True,6.42,66.1,70.2,63.3,11.16,124.0,193.7,-12.5,84.9,already_rising,6.485,4.112,2.372,above,511.09,up,500.91,up,n/a(short),12.6,19.02,3.45,green,none_recent,Three White Soldiers,-1.54,,upper,Y,Y,Y,Y,declining,turning_up,5.4,Y,Y,N,354
POWERINDIA,2026-02-06,82,20900.0,21871.0,993958,True,5.62,72.5,77.9,77.6,31.01,123.2,186.5,-3.5,76.7,already_rising,420.492,-73.148,493.64,above,18547.16,up,18643.21,up,crossing/mixed,28.8,920.81,4.21,green,none_recent,Morning Star,-4.24,20.34,upper,Y,N,Y,Y,declining,flat/down,10.97,N,N,N,354
APOLLO,2026-04-09,42,208.05,232.52,50987271,True,9.41,61.9,81.9,73.1,21.51,121.7,101.0,-10.7,77.4,already_rising,-3.735,-8.049,4.313,below,205.84,up,218.64,down/flat,bearish,20.2,12.6,5.42,green,just_flipped_green,Bullish Engulfing,-34.45,2.63,upper,Y,N,Y,Y,declining,turning_up,9.5,Y,N,Y,354
WHEELS,2026-02-16,76,860.0,905.8,104708,True,2.2,65.0,89.6,89.4,30.75,87.8,82.0,-8.0,85.3,already_rising,20.185,7.668,12.517,above,840.64,up,834.92,up,20>50>200,32.1,36.14,3.99,green,none_recent,Bullish Engulfing;Outside Bar,-7.43,12.3,above_mid,Y,N,Y,Y,declining,flat/down,4.18,Y,Y,N,354
DJML,2026-02-03,84,78.8,80.11,498796,True,2.06,67.0,81.6,73.4,16.22,117.3,202.5,-3.5,75.3,already_rising,1.782,1.12,0.663,above,72.89,up,73.05,up,bearish,14.2,4.55,5.68,green,none_recent,Hanging Man,-48.93,-15.06,upper,Y,Y,Y,Y,declining,turning_up,8.86,Y,N,N,353
NARMADA,2026-01-05,103,22.01,23.62,102954,True,1.84,63.6,93.0,81.1,13.48,124.0,92.6,-0.0,71.6,already_rising,-0.13,-0.422,0.292,below,21.86,up,22.34,down/flat,crossing/mixed,41.5,1.14,4.83,red,none_recent,Bullish Marubozu;Three White Soldiers,-16.39,9.92,upper,Y,Y,N,Y,rising,turning_up,12.28,N,N,Y,352
NEOGEN,2026-02-26,68,1371.0,1451.2,339882,True,2.96,67.7,68.4,65.0,13.89,118.7,102.2,-6.6,63.3,already_rising,40.151,33.855,6.296,above,1320.46,up,1275.09,up,crossing/mixed,32.5,66.53,4.58,green,none_recent,none,-24.65,2.94,upper,Y,Y,Y,Y,declining,flat/down,6.66,Y,Y,N,354
NINSYS,2026-03-30,47,353.05,397.45,102443,True,5.7,70.8,69.8,65.5,33.9,132.9,203.5,-15.6,96.8,already_rising,4.74,-6.284,11.024,above,321.0,up,332.92,up,bearish,18.6,30.01,7.55,green,just_flipped_green,none,-24.57,1.02,upper,Y,N,Y,Y,rising,turning_up,22.14,N,N,Y,353
WELCORP,2026-04-08,43,910.0,937.05,1368940,True,2.71,70.1,95.8,88.3,17.73,126.9,298.0,-3.8,84.5,already_rising,20.572,9.359,11.213,above,834.78,up,817.4,up,crossing/mixed,11.9,34.82,3.72,green,none_recent,Three White Soldiers,-5.73,13.47,upper,Y,N,Y,Y,declining,turning_up,8.38,Y,N,Y,354
DATAPATTNS,2026-02-09,81,2738.0,2805.1,841233,True,1.53,60.4,84.6,77.8,27.02,92.6,125.4,-1.6,72.8,already_rising,20.981,-22.479,43.461,above,2574.04,up,2610.39,up,crossing/mixed,18.5,141.69,5.05,green,none_recent,Morning Star,-14.19,7.83,above_mid,Y,N,Y,Y,rising,turning_up,10.91,N,N,Y,354
EMMVEE,2026-03-18,55,216.88,238.56,4226963,True,1.51,70.6,91.2,78.6,24.18,117.3,170.5,-0.0,56.3,already_rising,3.736,0.272,3.465,above,207.03,up,205.07,up,n/a(short),21.0,12.3,5.16,green,just_flipped_green,Bullish Marubozu;Three White Soldiers,-3.96,,upper,Y,N,Y,Y,rising,turning_up,9.33,Y,N,Y,139
PANACEABIO,2026-04-22,34,338.0,363.8,561904,True,4.63,60.5,73.6,79.2,18.18,103.6,168.0,-15.5,75.8,already_rising,4.41,0.269,4.141,above,337.63,up,341.36,up,bearish,14.7,18.79,5.17,green,just_flipped_green,Bullish Engulfing;Outside Bar;Morning Star,-37.48,-3.84,upper,Y,N,Y,Y,declining,flat/down,9.52,Y,N,N,354
PRECWIRE,2025-10-03,168,194.0,208.69,3071049,True,11.86,73.7,57.3,38.3,14.51,141.4,243.1,-12.6,83.3,already_rising,4.022,2.208,1.814,above,185.31,up,181.42,up,n/a(short),34.2,7.92,3.79,green,none_recent,none,-2.01,,upper,Y,Y,Y,Y,declining,turning_up,6.49,Y,N,N,354
SYRMA,2026-02-04,84,818.0,850.2,2455947,True,1.9,73.4,88.2,83.2,29.48,113.1,194.1,-1.7,89.8,already_rising,14.887,-5.458,20.345,above,735.42,up,742.2,up,crossing/mixed,33.8,36.48,4.29,green,none_recent,Bullish Engulfing;NR4,-6.56,19.84,upper,Y,N,Y,Y,rising,turning_up,22.24,N,N,Y,354
KRISHNADEF,2025-12-29,109,810.0,830.2,49500,True,1.59,62.7,87.8,87.0,22.3,99.9,115.9,-6.1,74.6,already_rising,3.283,-10.115,13.399,above,760.74,up,771.65,up,bearish,22.3,35.3,4.25,green,just_flipped_green,none,-19.2,5.36,upper,Y,N,Y,Y,declining,turning_up,17.35,N,N,Y,353
GRWRHITECH,2025-09-10,184,3200.1,3320.1,405064,True,6.25,60.7,80.5,66.3,19.33,126.7,96.1,-18.0,74.7,already_rising,-74.097,-149.342,75.245,below,3000.47,up,3256.77,down/flat,n/a(short),29.2,164.83,4.96,green,just_flipped_green,none,-35.24,,upper,Y,Y,Y,Y,rising,turning_up,9.42,Y,N,Y,354
SHILPAMED,2026-05-06,24,424.4,441.9,1008040,True,1.47,72.7,70.7,52.2,8.75,126.0,51.1,-13.4,68.2,already_rising,15.68,16.408,-0.728,above,407.21,up,378.76,up,20>50>200,46.3,18.19,4.12,green,none_recent,Three White Soldiers,-11.62,21.47,upper,Y,Y,Y,Y,rising,turning_up,8.09,Y,Y,N,354
THANGAMAYL,2025-10-31,149,2080.0,2169.6,159392,True,4.38,63.5,71.2,67.3,10.99,112.8,159.8,-25.7,73.9,already_rising,3.801,-15.994,19.795,above,2046.7,up,2047.98,up,crossing/mixed,22.1,69.72,3.21,green,just_flipped_green,none,-5.22,9.37,upper,Y,Y,Y,Y,declining,turning_up,7.66,Y,N,Y,354
SANSERA,2025-09-17,179,1435.1,1507.0,690531,True,8.1,76.9,84.2,80.4,20.44,108.1,173.6,-6.4,84.9,already_rising,37.143,19.969,17.174,above,1371.47,up,1340.11,up,n/a(short),29.1,43.39,2.88,green,none_recent,none,-1.17,,upper,Y,Y,Y,Y,declining,flat/down,4.42,Y,N,N,354
SALSTEEL,2025-09-12,180,30.07,31.62,762335,True,2.81,92.1,92.8,93.9,104.86,101.4,197.8,-0.7,95.9,already_rising,3.46,1.961,1.5,above,22.41,up,19.49,up,n/a(short),38.4,1.82,5.75,green,none_recent,Bullish Engulfing,-0.35,,upper,Y,N,Y,Y,rising,turning_up,29.6,N,N,N,352
INDSWFTLAB,2026-01-13,98,91.98,101.14,1686274,True,13.84,63.6,48.7,43.5,12.18,129.5,189.0,-17.9,78.4,already_rising,-0.446,-1.336,0.89,below,92.89,up,95.08,down/flat,bearish,16.8,4.5,4.45,green,just_flipped_green,Three White Soldiers,-18.44,2.63,upper,Y,Y,Y,Y,rising,rising_slowly,10.47,N,N,Y,353
ADVAIT,2026-01-29,88,1419.7,1544.0,94320,False,,100.0,,,,,,,,already_rising,,,,below,,down/flat,,down/flat,n/a(short),,,,green,just_flipped_green,Morning Star,-2.94,,n/a,Y,N,N,Y,rising,flat/down,8.47,Y,N,N,95
543787,2026-01-29,86,740.91,763.05,50160,True,11.05,58.2,66.3,64.0,7.65,103.6,177.0,-15.2,64.9,already_rising,3.958,1.606,2.352,above,735.87,up,729.81,up,crossing/mixed,15.0,23.67,3.1,green,none_recent,Tweezer Bottom;Outside Bar,-34.83,1.42,upper,Y,Y,N,Y,declining,turning_up,7.02,Y,N,N,352
APOLLOPIPE,2026-02-06,82,265.05,313.4,4220194,True,23.63,64.2,55.4,41.2,21.9,108.8,110.3,-7.7,82.6,already_rising,-3.549,-6.628,3.078,below,278.42,down/flat,289.56,down/flat,bearish,21.0,15.86,5.06,green,just_flipped_green,Bullish Engulfing,-36.68,-8.76,upper,Y,Y,Y,Y,declining,turning_up,11.15,N,Y,N,354
SWANDEF,2025-08-18,199,372.0,372.2,950,True,6.26,100.0,100.0,100.0,23.62,102.9,81.6,-0.0,,already_rising,25.891,26.027,-0.136,above,329.72,up,280.11,up,n/a(short),99.3,4.27,1.15,green,none_recent,Bullish Marubozu,-41.15,,upper,Y,Y,Y,N,declining,rising_slowly,4.53,Y,Y,N,352
MANAKALUCO,2026-04-17,37,30.45,31.4,242432,True,1.7,65.6,99.0,96.2,39.24,107.5,123.9,-3.0,79.2,already_rising,0.334,-0.744,1.077,above,27.12,up,28.7,up,bearish,28.6,1.54,4.91,green,none_recent,Outside Bar,-53.9,5.17,upper,Y,N,Y,Y,declining,turning_up,12.23,N,Y,N,354
NITINSPIN,2026-01-27,90,318.05,332.65,136872,True,3.3,61.6,62.6,41.4,7.73,111.8,182.3,-6.7,53.8,already_rising,-0.095,-1.037,0.942,below,318.49,down/flat,321.18,down/flat,bearish,13.4,9.42,2.83,red,none_recent,Three White Soldiers,-24.22,-3.13,upper,Y,Y,N,Y,rising,turning_up,6.75,Y,N,Y,353
SATIN,2026-04-10,41,156.15,159.52,309720,True,1.82,65.6,92.1,87.0,13.15,114.7,163.2,-9.5,40.2,turning_up,0.935,-0.964,1.9,above,149.21,up,149.57,up,bearish,17.7,5.72,3.58,green,just_flipped_green,Bullish Engulfing,-9.31,6.46,upper,Y,N,Y,Y,rising,turning_up,10.44,N,Y,Y,353
542669,2026-04-08,41,35.85,38.2,622906,True,3.81,66.6,88.2,73.9,30.62,116.1,150.0,-7.6,58.9,already_rising,-0.409,-1.24,0.83,below,32.31,up,34.13,down/flat,bearish,32.6,2.42,6.32,green,just_flipped_green,Three White Soldiers,-36.07,-6.04,upper,Y,N,N,Y,declining,turning_up,23.14,N,N,Y,350
THERMAX,2026-02-20,72,3000.0,3151.8,318068,True,2.79,62.7,87.2,84.7,12.2,113.0,160.8,-10.4,63.4,already_rising,30.388,3.342,27.047,above,2965.68,up,2965.88,up,bearish,15.5,107.88,3.42,green,just_flipped_green,Bullish Engulfing,-22.97,-1.45,upper,Y,Y,N,Y,declining,turning_up,11.11,N,N,Y,353
MAYURUNIQ,2026-04-21,34,571.2,586.4,116796,True,1.43,65.0,91.5,89.2,21.86,89.3,105.7,-2.5,78.4,already_rising,14.834,9.434,5.401,above,550.55,up,536.99,up,20>50>200,23.8,21.3,3.63,green,none_recent,none,-6.91,10.7,above_mid,Y,Y,Y,Y,declining,flat/down,6.99,Y,N,N,352
QPOWER,2026-04-09,42,906.05,969.85,2276421,True,1.86,66.4,85.3,83.1,20.84,123.5,211.8,-7.4,66.7,already_rising,25.889,14.89,10.999,above,856.22,up,823.9,up,20>50>200,13.4,49.88,5.14,green,none_recent,Morning Star,-10.37,28.22,upper,Y,N,Y,Y,declining,turning_up,9.9,Y,N,N,318
FCL,2026-05-06,24,23.42,25.51,34491259,True,10.63,74.8,50.1,39.3,9.52,156.4,134.3,-25.4,71.6,already_rising,0.396,0.237,0.158,above,23.09,up,22.89,up,crossing/mixed,12.2,0.97,3.79,green,none_recent,none,-28.72,5.73,upper,Y,Y,N,Y,declining,turning_up,3.37,Y,N,N,354
SBCL,2026-04-08,43,450.85,467.05,424093,True,2.78,63.1,85.6,77.2,20.75,115.4,96.0,-10.0,52.1,already_rising,-4.611,-12.659,8.048,below,419.57,up,433.16,down/flat,bearish,23.4,22.43,4.8,green,just_flipped_green,Three White Soldiers,-22.8,-0.03,upper,Y,N,N,Y,declining,turning_up,13.38,N,N,Y,353
KIRLOSENG,2025-10-28,151,941.35,1005.7,3995688,True,10.24,73.4,85.9,70.1,13.33,137.4,215.0,-6.2,93.0,already_rising,6.5,-3.914,10.414,above,910.62,up,906.42,up,20>50>200,18.1,28.55,2.84,green,just_flipped_green,Three White Soldiers,-4.41,13.48,upper,Y,Y,Y,Y,rising,turning_up,6.79,Y,Y,Y,353
JAYBARMARU,2026-05-20,14,97.0,103.27,2119565,True,7.83,67.8,40.6,18.8,19.17,114.6,140.5,-0.0,65.7,turning_up,-0.095,-0.31,0.216,below,91.08,down/flat,91.43,down/flat,crossing/mixed,15.4,4.46,4.31,green,just_flipped_green,Bullish Marubozu,-10.89,14.99,upper,Y,Y,N,Y,declining,flat/down,4.43,Y,N,N,353
YASHO,2026-02-27,66,1491.8,1561.4,118951,True,3.03,68.7,70.1,65.0,20.55,93.6,76.1,-22.9,67.2,already_rising,43.902,32.214,11.687,above,1441.08,up,1428.81,up,crossing/mixed,30.3,74.51,4.77,green,none_recent,Three White Soldiers,-28.11,-3.58,above_mid,Y,N,Y,Y,rising,flat/down,7.42,Y,Y,N,351
KRN,2026-02-18,74,751.15,790.2,991754,True,3.98,66.2,93.3,88.7,33.18,99.7,111.4,-3.5,83.9,already_rising,14.921,0.752,14.169,above,709.17,up,719.06,up,bearish,18.9,34.3,4.34,green,none_recent,Three White Soldiers,-21.76,1.57,upper,Y,Y,Y,Y,rising,turning_up,5.82,Y,N,N,354
RPTECH,2026-04-10,41,390.0,404.75,206080,True,1.42,71.2,90.3,84.7,18.79,122.5,240.5,-3.0,83.3,already_rising,7.513,1.511,6.002,above,363.63,up,358.82,up,20>50>200,16.2,16.33,4.03,green,none_recent,none,-0.97,18.35,upper,Y,N,Y,Y,rising,turning_up,10.98,N,Y,N,354
IOLCP,2026-03-24,51,73.2,77.17,5619339,True,5.31,58.3,70.1,68.7,12.21,107.9,125.4,-17.2,73.3,turning_up,-0.22,-0.874,0.654,below,72.65,up,74.79,down/flat,bearish,13.2,3.45,4.47,green,just_flipped_green,none,-39.07,-6.88,upper,Y,Y,Y,Y,declining,turning_up,10.68,N,N,Y,354
IFCI,2025-12-23,113,49.65,52.97,44216427,True,8.05,60.8,59.6,36.6,13.86,103.0,67.1,-12.1,70.1,already_rising,-0.978,-1.473,0.495,below,49.73,down/flat,51.82,down/flat,bearish,20.4,1.71,3.24,green,just_flipped_green,Three White Soldiers,-28.9,-2.09,upper,Y,Y,N,Y,rising,turning_up,6.4,Y,Y,Y,354
GVT&D,2026-01-28,89,2739.1,2905.0,706646,False,0.7,53.5,39.7,27.9,28.26,56.4,-2.2,-41.0,30.8,already_rising,-73.912,-76.766,2.854,below,2810.32,down/flat,2887.5,down/flat,crossing/mixed,21.0,122.91,4.23,green,just_flipped_green,Three White Soldiers,-12.6,9.65,midband,Y,N,N,Y,rising,turning_up,8.32,Y,Y,Y,354
ATHERENERG,2025-09-01,191,465.05,486.8,20738470,True,11.19,78.8,77.5,72.9,25.79,116.4,104.9,-22.7,88.4,already_rising,25.293,21.641,3.652,above,415.51,up,379.48,up,n/a(short),54.4,24.22,4.97,green,none_recent,none,-5.07,,upper,Y,Y,Y,Y,rising,turning_up,9.39,Y,N,N,274
LOKESHMACH,2025-12-12,119,154.7,173.61,847817,False,11.72,57.0,55.7,37.3,28.25,81.6,35.3,-13.5,64.8,already_rising,-6.639,-8.721,2.082,below,160.49,down/flat,172.75,down/flat,bearish,35.4,10.15,5.85,green,just_flipped_green,Three White Soldiers,-49.01,-13.08,above_mid,Y,N,N,Y,rising,turning_up,10.97,N,Y,Y,353
INDOTECH,2026-04-15,39,1477.9,1716.9,218085,True,4.63,71.1,89.5,83.8,35.63,140.3,200.3,-0.0,74.3,already_rising,24.738,-19.91,44.648,above,1348.68,up,1372.98,up,bearish,17.6,101.86,5.93,green,just_flipped_green,Bullish Marubozu,-38.4,2.9,upper,Y,N,Y,Y,rising,turning_up,12.8,N,N,Y,353
MENONBE,2026-05-07,23,129.4,137.02,286200,True,4.95,70.5,78.9,77.2,17.14,113.8,125.7,-20.6,74.4,already_rising,3.27,2.136,1.134,above,123.8,up,120.58,up,20>50>200,21.2,5.8,4.23,green,none_recent,none,-6.09,15.68,upper,Y,Y,Y,Y,rising,turning_up,7.87,Y,N,N,353
PAISALO,2025-09-03,189,31.15,33.35,25487122,True,2.28,69.1,51.2,32.5,9.06,146.8,190.9,-6.7,66.1,already_rising,0.039,-0.181,0.22,above,30.87,up,31.16,down/flat,n/a(short),28.3,1.11,3.34,green,none_recent,none,-31.04,,upper,Y,Y,N,Y,rising,turning_up,7.89,Y,N,Y,354
HONASA,2026-02-12,78,296.9,299.25,1978746,True,1.75,65.1,89.9,91.8,13.01,100.5,119.9,-9.3,63.7,already_rising,3.477,0.959,2.518,above,284.21,up,281.89,up,20>50>200,21.5,10.12,3.38,green,none_recent,none,-10.46,7.89,upper,Y,Y,Y,Y,rising,turning_up,7.72,Y,Y,Y,353
ASTRAMICRO,2026-04-16,38,1039.0,1074.7,827283,True,2.11,68.7,94.0,90.4,24.53,101.7,128.5,-2.3,82.9,already_rising,23.187,8.074,15.113,above,980.19,up,963.69,up,20>50>200,18.3,42.28,3.93,green,none_recent,none,-10.13,12.33,upper,Y,N,Y,Y,declining,turning_up,5.63,Y,N,Y,354
RUBYMILLS,2026-05-25,11,233.2,273.1,545398,True,19.11,75.2,46.9,28.8,17.11,144.5,204.7,-0.0,92.3,already_rising,4.468,3.14,1.328,above,234.15,up,225.92,up,20>50>200,47.3,11.03,4.04,green,none_recent,Bullish Marubozu,0.0,24.08,upper,Y,Y,N,Y,declining,turning_up,3.9,Y,Y,Y,352
SKYGOLD,2025-10-08,165,300.0,313.05,3934763,True,3.89,64.8,76.5,66.6,15.47,114.3,249.3,-15.4,58.3,already_rising,0.694,-2.431,3.125,above,286.13,up,291.78,down/flat,n/a(short),18.3,13.86,4.43,green,just_flipped_green,none,-22.29,,upper,Y,N,N,Y,rising,turning_up,13.93,N,N,Y,354
CEIGALL,2025-12-26,110,251.75,259.91,492900,True,2.32,70.4,87.2,80.8,14.85,113.9,146.3,-5.3,82.2,already_rising,1.765,-1.839,3.604,above,241.18,up,244.48,up,bearish,23.3,8.52,3.28,green,just_flipped_green,Morning Star,-25.39,-0.83,upper,Y,Y,Y,Y,rising,turning_up,11.75,N,N,N,352
ONELIFECAP,2025-09-19,176,13.5,13.62,22565,True,3.65,64.3,85.6,71.2,13.75,121.0,222.3,-0.0,70.1,already_rising,0.099,-0.055,0.154,above,12.52,up,12.59,up,n/a(short),18.8,0.75,5.5,red,none_recent,Hanging Man;Bullish Pin Bar;Three White Soldiers,-20.35,,upper,Y,Y,Y,Y,rising,turning_up,8.3,Y,N,N,353
APEX,2025-11-11,143,248.99,272.95,2889057,True,8.34,72.8,46.0,37.9,18.35,131.6,233.8,-30.7,91.6,already_rising,5.017,2.74,2.278,above,239.83,up,235.7,up,20>50>200,34.5,11.78,4.31,green,none_recent,none,-6.53,16.85,upper,Y,Y,Y,Y,rising,flat/down,7.19,Y,Y,N,354
SEAMECLTD,2025-11-28,128,917.0,960.85,93546,True,2.3,68.0,97.3,91.5,16.12,111.1,210.2,-5.5,91.3,already_rising,13.018,3.085,9.933,above,886.33,up,881.44,up,crossing/mixed,17.3,34.32,3.57,green,just_flipped_green,Three White Soldiers,-17.28,4.82,upper,Y,Y,Y,Y,rising,turning_up,6.03,Y,Y,N,352
SCPL,2025-12-10,120,227.0,269.36,711090,True,24.42,71.4,64.2,37.1,32.56,123.3,184.7,-3.1,91.7,already_rising,-1.965,-6.75,4.785,below,218.85,up,228.64,down/flat,bearish,26.1,14.42,5.35,green,just_flipped_green,Bullish Marubozu,-26.99,-0.04,upper,Y,N,N,Y,rising,turning_up,15.59,N,N,Y,352
PARAS,2026-04-15,39,715.0,754.85,3850875,True,2.03,68.5,90.4,89.4,22.49,124.2,189.7,-9.9,80.6,already_rising,12.49,-0.118,12.608,above,664.4,up,661.0,up,crossing/mixed,15.6,35.95,4.76,green,just_flipped_green,Three White Soldiers,-22.38,13.38,upper,Y,N,Y,Y,rising,turning_up,10.85,N,Y,N,354
MIRCELECTR,2026-02-09,81,33.38,35.71,2202675,True,1.51,64.5,79.4,75.5,19.63,108.1,100.2,-0.7,58.5,already_rising,1.211,1.024,0.187,above,31.96,up,29.89,up,20>50>200,23.3,1.99,5.57,green,none_recent,none,-0.81,42.76,upper,Y,N,Y,Y,rising,turning_up,12.99,N,N,Y,354
ADANIENSOL,2025-09-19,177,865.0,877.15,8119554,True,4.96,71.6,86.1,87.4,16.73,108.5,189.2,-14.2,86.0,already_rising,10.948,0.427,10.521,above,814.37,up,818.19,up,n/a(short),31.8,21.75,2.48,green,none_recent,none,-10.59,,upper,Y,Y,Y,Y,declining,flat/down,3.81,Y,Y,N,354
ADANIPOWER,2025-09-08,186,123.4,126.77,84739285,True,4.2,69.3,78.6,79.6,7.93,121.5,181.6,-23.8,73.3,already_rising,1.631,1.112,0.519,above,120.46,up,118.05,up,n/a(short),13.2,3.26,2.57,green,none_recent,Morning Star,-2.42,,upper,Y,Y,Y,Y,declining,rising_slowly,2.29,Y,Y,N,354
SGFIN,2026-02-12,78,394.7,414.45,661205,True,3.19,63.3,90.9,87.3,24.18,98.9,88.7,-9.5,70.0,already_rising,-0.738,-7.919,7.18,below,378.6,up,385.11,up,n/a(short),19.8,18.93,4.57,green,just_flipped_green,none,-8.47,,upper,Y,N,Y,Y,declining,turning_up,12.25,N,N,Y,209
KIRLPNU,2026-04-13,39,1174.1,1238.3,166045,True,2.22,71.5,92.6,90.9,20.64,110.5,151.3,-5.4,60.9,already_rising,22.303,3.144,19.159,above,1129.11,up,1116.46,up,crossing/mixed,20.5,46.47,3.75,green,just_flipped_green,Three White Soldiers,-20.11,6.89,upper,Y,N,Y,Y,declining,turning_up,10.54,N,Y,N,353
GULPOLY,2026-04-08,43,162.5,172.62,600703,True,3.33,67.0,84.4,69.0,19.42,111.4,199.3,-6.8,66.7,already_rising,2.09,0.483,1.607,above,154.15,up,150.9,up,crossing/mixed,23.3,8.43,4.88,green,none_recent,none,-21.71,11.79,upper,Y,N,Y,Y,rising,turning_up,14.27,N,N,Y,353
SUVEN,2026-04-02,46,143.43,157.96,1089578,True,2.54,65.0,71.7,51.6,19.73,127.4,123.3,-10.7,65.8,already_rising,-1.082,-3.467,2.384,below,139.49,up,145.58,down/flat,bearish,16.6,9.3,5.89,green,just_flipped_green,Three White Soldiers,-47.34,-6.49,upper,Y,N,N,Y,rising,turning_up,15.73,N,N,Y,354
ZIMLAB,2026-04-15,38,73.5,76.24,138769,True,1.91,64.8,93.2,91.7,24.39,103.6,163.6,-6.9,62.1,already_rising,1.311,-0.046,1.356,above,69.07,up,69.25,up,bearish,15.8,4.16,5.46,green,just_flipped_green,none,-39.97,-0.28,upper,Y,N,Y,Y,rising,turning_up,9.05,Y,Y,Y,353
KOTYARK,2026-03-06,62,286.75,300.15,37400,True,3.47,81.1,82.8,74.6,33.14,126.5,162.2,-3.2,51.6,already_rising,13.781,7.844,5.937,above,243.7,up,236.26,up,crossing/mixed,28.8,16.39,5.46,green,none_recent,Three White Soldiers,-49.16,-3.25,upper,Y,N,N,Y,rising,turning_up,20.66,N,N,N,352
NRBBEARING,2026-04-16,37,269.9,281.15,1223732,True,6.39,65.3,92.6,91.3,24.02,110.7,126.0,-6.6,69.4,already_rising,1.607,-3.77,5.378,above,252.25,up,256.73,up,bearish,16.6,12.4,4.41,green,just_flipped_green,Three White Soldiers,-10.25,5.43,upper,Y,N,Y,Y,rising,turning_up,8.32,Y,Y,Y,353
ARVIND,2025-10-16,159,299.55,308.65,494276,False,1.4,55.2,49.0,29.7,17.23,62.7,11.0,-18.9,49.3,already_rising,-4.406,-4.504,0.098,below,298.98,down/flat,307.04,down/flat,n/a(short),19.6,10.17,3.29,green,just_flipped_green,none,-28.22,,above_mid,Y,N,N,Y,rising,turning_up,7.48,Y,N,Y,354
ROSSTECH,2026-02-04,84,679.9,777.8,1368068,True,3.91,69.1,72.4,74.6,28.64,128.5,211.6,-6.8,93.6,already_rising,16.161,1.329,14.833,above,654.91,up,653.66,up,20>50>200,20.0,53.08,6.82,green,none_recent,Outside Bar,-7.4,30.36,upper,Y,N,Y,Y,rising,rising_slowly,18.51,N,Y,N,353
526775,2025-09-22,173,654.0,672.47,32706,True,2.67,62.9,89.1,82.0,14.81,102.2,157.3,-5.5,68.1,already_rising,11.173,6.698,4.475,above,626.93,up,599.17,up,n/a(short),15.4,27.97,4.16,green,none_recent,none,-1.23,,upper,Y,Y,Y,Y,rising,turning_up,9.23,Y,N,N,351
J&KBANK,2026-01-22,92,103.75,107.09,10150584,True,3.89,62.3,46.6,42.3,8.65,110.8,179.3,-24.0,75.0,already_rising,0.346,-0.11,0.456,above,102.23,up,102.66,down/flat,bearish,17.8,2.79,2.6,green,none_recent,none,-8.67,4.13,upper,Y,Y,N,Y,rising,flat/down,5.18,Y,N,N,354
NEPHROPLUS,2026-01-06,103,475.0,492.55,1282353,False,0.72,100.0,,,,,,-30.0,64.3,already_rising,,,,below,,down/flat,,down/flat,n/a(short),,26.66,5.41,green,none_recent,Three White Soldiers,-3.89,,n/a,N,N,N,Y,rising,flat/down,7.06,Y,Y,N,117
UTLSOLAR,2026-04-06,45,198.4,217.08,804918,True,4.15,66.0,89.2,83.6,20.23,113.0,118.3,-9.2,74.7,already_rising,2.494,-0.456,2.95,above,197.58,up,199.15,up,n/a(short),15.8,9.21,4.24,green,none_recent,Outside Bar,-6.02,,upper,Y,Y,Y,Y,declining,turning_up,4.61,Y,N,N,137
SCHNEIDER,2026-02-06,82,732.35,768.9,835378,True,2.08,65.7,94.4,95.2,33.57,99.5,101.3,-3.4,89.7,already_rising,14.326,-3.817,18.143,above,690.29,up,705.06,up,bearish,32.1,33.28,4.33,green,none_recent,Bullish Engulfing;Outside Bar,-26.91,1.74,upper,Y,N,Y,Y,rising,turning_up,10.43,N,Y,N,354
TMB,2025-10-20,156,441.2,447.0,246690,True,4.18,66.2,75.7,55.3,5.54,122.4,266.8,-6.9,70.6,already_rising,1.832,0.288,1.544,above,431.61,up,432.14,up,n/a(short),17.6,7.35,1.64,green,just_flipped_green,Three White Soldiers,-7.26,,upper,Y,Y,N,Y,rising,turning_up,5.12,Y,N,N,353
521113,2026-02-24,68,82.0,82.35,122973,True,1.96,67.8,90.6,81.2,27.96,100.7,149.3,-11.0,86.5,already_rising,2.681,1.593,1.087,above,74.04,up,70.61,up,20>50>200,21.7,5.93,7.2,green,none_recent,Long-legged Doji,-2.54,31.5,upper,Y,N,Y,Y,rising,turning_up,17.0,N,N,N,350
SPARC,2026-04-08,43,131.96,136.16,2470561,True,2.06,60.5,73.7,64.4,21.61,110.7,139.0,-7.4,78.7,already_rising,0.147,-1.988,2.135,above,122.92,up,125.83,down/flat,bearish,19.8,7.37,5.41,green,none_recent,none,-33.39,-1.11,upper,Y,N,Y,Y,declining,turning_up,13.65,N,N,Y,354
RRKABEL,2025-10-27,153,1264.0,1327.4,3262644,True,20.03,64.8,48.8,41.6,6.39,132.6,300.2,-14.6,85.8,already_rising,6.977,4.057,2.92,above,1263.59,up,1262.18,up,20>50>200,15.4,37.15,2.8,green,none_recent,Morning Star,-12.79,5.32,upper,Y,Y,N,Y,declining,flat/down,4.93,Y,Y,N,353
SOTL,2026-05-04,26,363.0,381.3,51357,True,1.69,65.8,70.7,68.5,18.76,86.8,61.7,-10.0,60.2,turning_up,8.176,6.692,1.484,above,358.89,up,353.76,up,crossing/mixed,21.7,12.6,3.3,green,none_recent,Tweezer Bottom;Outside Bar;Morning Star,-20.17,1.0,above_mid,Y,Y,Y,Y,declining,flat/down,5.57,Y,Y,N,354
ACMESOLAR,2026-03-12,59,229.0,240.08,1200296,True,1.88,59.1,62.9,44.6,8.48,101.9,74.8,-12.4,68.1,already_rising,1.376,1.312,0.064,above,229.2,down/flat,229.42,down/flat,bearish,13.8,9.81,4.09,green,none_recent,Tweezer Bottom;Three White Soldiers,-25.97,-0.62,upper,Y,Y,N,Y,rising,flat/down,7.98,Y,Y,Y,354
WALCHANNAG,2026-04-15,39,180.6,188.82,2582090,True,1.82,71.0,91.1,90.7,38.52,110.7,137.7,-4.4,72.0,already_rising,4.1,-1.559,5.659,above,160.82,up,162.48,up,bearish,20.3,10.26,5.43,green,just_flipped_green,Three White Soldiers,-32.02,5.15,upper,Y,N,Y,N,rising,turning_up,21.47,N,N,Y,354
UNIVPHOTO,2026-02-13,77,217.0,256.1,27544,True,6.57,79.5,90.9,90.9,29.55,144.0,166.8,-0.0,93.1,already_rising,2.1,-4.603,6.703,above,208.51,up,217.29,up,bearish,29.3,13.53,5.28,green,just_flipped_green,Three White Soldiers,-23.19,9.27,upper,Y,N,Y,Y,declining,turning_up,11.5,N,N,N,353
BIRLACABLE,2026-04-13,39,126.55,146.35,726976,True,10.55,65.6,84.1,74.0,32.0,107.3,107.3,-13.2,76.3,already_rising,-0.977,-4.096,3.119,below,126.17,up,130.56,down/flat,bearish,21.7,8.34,5.7,green,just_flipped_green,Outside Bar;Three White Soldiers,-31.99,-0.37,upper,Y,N,Y,N,rising,turning_up,12.54,N,N,Y,353
MIDHANI,2026-04-15,39,343.45,348.65,1024040,True,1.45,61.6,96.4,93.0,22.73,105.4,96.5,-1.6,60.7,already_rising,-0.671,-7.514,6.842,below,318.96,up,328.14,up,bearish,13.8,16.04,4.6,green,just_flipped_green,Three White Soldiers,-25.66,0.36,upper,Y,N,Y,Y,declining,turning_up,9.09,Y,N,Y,354
524520,2025-11-12,139,74.21,78.38,840241,True,10.47,72.7,77.0,74.2,13.09,138.2,354.0,-32.5,83.8,already_rising,1.115,0.516,0.599,above,70.8,up,69.41,up,20>50>200,19.4,3.14,4.01,green,none_recent,Three White Soldiers,-5.85,12.92,upper,Y,Y,Y,Y,rising,turning_up,8.0,Y,Y,N,350
HIRECT,2026-04-10,41,715.0,840.4,1839095,True,11.67,64.8,58.0,39.1,22.31,119.0,126.0,-3.4,79.5,already_rising,9.387,5.137,4.25,above,722.06,up,712.22,up,crossing/mixed,21.9,51.01,6.07,green,none_recent,Bullish Marubozu,-20.28,17.41,upper,Y,N,N,Y,declining,turning_up,11.3,N,Y,Y,354
APARINDS,2026-02-03,85,9449.5,9759.0,973633,True,12.87,76.5,93.9,79.2,32.54,131.2,185.5,-1.2,81.9,already_rising,-6.476,-248.712,242.236,below,7917.56,up,8171.78,up,bearish,35.5,397.2,4.07,green,just_flipped_green,Three White Soldiers,-1.47,15.82,upper,Y,N,Y,N,rising,turning_up,12.73,N,N,Y,354
VINDHYATEL,2026-04-15,39,1250.0,1380.65,375781,True,10.41,75.8,88.7,88.6,31.86,130.4,342.2,-14.2,76.6,already_rising,36.049,3.357,32.692,above,1129.57,up,1142.19,up,bearish,25.1,75.92,5.5,green,just_flipped_green,none,-26.91,3.46,upper,Y,N,Y,Y,rising,turning_up,12.67,N,N,Y,354
AXISCADES,2026-02-13,77,1365.4,1422.1,295271,True,3.54,62.7,98.9,94.3,27.57,114.6,106.9,-3.3,73.7,already_rising,3.737,-28.034,31.771,above,1254.26,up,1295.02,up,crossing/mixed,22.7,65.69,4.62,green,just_flipped_green,none,-20.07,11.74,upper,Y,N,Y,Y,rising,turning_up,17.14,N,N,N,354
ADANIGREEN,2026-04-06,45,857.0,921.1,13113062,True,3.29,57.2,66.0,43.4,11.22,115.8,54.3,-4.5,60.3,already_rising,-15.4,-22.413,7.013,below,869.44,down/flat,903.13,down/flat,bearish,26.2,39.36,4.27,red,none_recent,Bullish Marubozu;Three White Soldiers,-21.78,-4.12,upper,Y,Y,Y,Y,rising,turning_up,7.25,Y,N,Y,354
JINDALSAW,2026-01-19,95,155.0,179.29,122465614,True,32.8,64.4,35.1,22.1,12.96,112.3,98.7,-14.0,93.9,already_rising,-0.446,-0.769,0.323,below,165.03,down/flat,168.97,down/flat,bearish,20.7,5.98,3.33,green,just_flipped_green,none,-37.4,-10.17,upper,Y,Y,N,Y,rising,flat/down,5.3,Y,Y,Y,354
OCCLLTD,2026-03-10,60,79.0,85.2,73194,False,1.32,43.1,26.7,14.7,19.04,27.2,-123.1,-46.3,27.1,flat/down,-3.057,-2.327,-0.731,below,87.92,down/flat,92.87,down/flat,bearish,24.4,4.35,5.11,red,none_recent,none,-46.56,-18.29,lower,N,N,N,Y,rising,flat/down,16.07,N,N,N,351
INOXINDIA,2026-03-25,50,1208.8,1238.8,203621,True,3.14,64.4,68.8,64.1,9.23,113.8,217.5,-16.0,76.5,turning_up,14.573,9.86,4.713,above,1174.21,up,1158.28,up,20>50>200,17.5,43.23,3.49,green,none_recent,none,-3.82,8.06,upper,Y,Y,Y,Y,rising,flat/down,6.37,Y,N,N,353
CENTUM,2026-02-20,71,2363.0,2542.8,1736851,True,22.08,61.8,49.1,47.4,14.89,104.3,150.5,-24.1,95.2,already_rising,32.366,26.193,6.173,above,2364.36,up,2346.6,up,20>50>200,14.8,128.24,5.04,green,none_recent,none,-16.47,9.69,upper,Y,Y,N,Y,declining,flat/down,10.22,N,Y,N,352
SOLARINDS,2026-03-04,65,14124.0,14523.0,662105,True,3.88,67.7,84.5,81.9,9.76,131.9,276.4,-4.4,76.2,already_rising,227.914,141.441,86.473,above,13505.0,up,13284.02,up,20>50>200,15.5,451.29,3.11,green,none_recent,none,-18.5,9.76,upper,Y,Y,Y,Y,rising,turning_up,6.93,Y,N,N,353
BSE,2025-10-10,163,2335.0,2385.0,7275253,True,1.53,64.9,94.0,91.4,17.02,108.5,146.9,-6.4,65.4,already_rising,2.022,-36.736,38.758,above,2205.99,up,2266.71,up,n/a(short),27.1,75.14,3.15,green,just_flipped_green,Three White Soldiers,-21.29,,upper,Y,N,Y,Y,rising,turning_up,12.08,N,N,Y,354
STEELXIND,2026-04-08,43,8.65,8.96,6361333,True,4.85,67.9,84.2,71.7,22.68,122.6,226.5,-14.4,70.5,already_rising,0.038,-0.114,0.151,above,7.8,up,7.96,up,bearish,20.5,0.47,5.25,green,just_flipped_green,Three White Soldiers,-22.42,2.66,upper,Y,N,N,Y,declining,turning_up,14.51,N,N,Y,354
HARDWYN,2025-11-03,147,14.76,15.5,5129061,True,5.52,72.2,94.3,93.7,28.38,102.0,154.1,-2.1,70.7,already_rising,0.433,0.158,0.275,above,13.82,up,13.58,up,crossing/mixed,19.0,0.84,5.44,green,none_recent,Morning Star,-19.06,8.71,upper,Y,N,Y,Y,declining,turning_up,6.45,Y,N,N,353
CEMPRO,2026-04-08,43,592.2,605.05,1045285,True,2.98,60.1,87.1,73.1,14.72,126.0,128.9,-3.2,61.7,already_rising,-7.383,-17.019,9.636,below,554.7,up,593.18,down/flat,bearish,22.3,29.27,4.84,green,just_flipped_green,Three White Soldiers,-35.91,-10.72,upper,Y,Y,Y,Y,declining,turning_up,11.1,N,N,Y,354
HSCL,2026-04-15,39,476.0,490.45,3147772,True,1.54,66.1,90.6,85.3,11.51,119.5,161.8,-1.4,55.2,already_rising,4.636,0.106,4.53,above,460.29,up,459.59,up,crossing/mixed,15.4,20.12,4.1,green,just_flipped_green,none,-8.23,4.9,upper,Y,Y,Y,Y,declining,turning_up,8.53,Y,N,N,354
BELRISE,2026-02-11,79,182.0,191.81,15270313,True,1.75,66.0,87.9,84.0,23.11,99.6,106.4,-5.0,81.9,already_rising,4.167,1.884,2.282,above,176.24,up,170.83,up,n/a(short),27.7,7.36,3.83,green,none_recent,Outside Bar,-1.0,,upper,Y,N,Y,Y,declining,flat/down,5.89,Y,Y,N,258
NDLVENTURE,2026-02-10,79,92.91,100.81,58132,True,4.97,70.2,72.6,64.1,11.24,144.8,370.9,-6.7,65.1,turning_up,0.963,0.289,0.675,above,91.73,up,90.62,up,20>50>200,12.4,4.52,4.49,green,none_recent,none,-10.19,16.9,upper,Y,Y,Y,Y,declining,flat/down,4.96,Y,N,N,351
APCOTEXIND,2026-04-08,43,370.0,381.7,47785,True,1.57,62.3,95.0,85.6,15.87,104.9,132.1,-4.3,47.8,already_rising,-0.543,-4.542,3.999,below,354.07,up,359.04,up,bearish,25.9,16.02,4.2,green,just_flipped_green,none,-14.03,3.36,upper,Y,N,N,Y,declining,turning_up,14.29,N,N,Y,353
PREMEXPLN,2026-04-22,34,494.9,535.35,1767003,True,5.26,68.4,88.6,88.9,34.2,105.6,115.9,-6.9,92.5,already_rising,12.635,1.348,11.286,above,470.25,up,472.31,up,bearish,18.2,25.82,4.82,green,just_flipped_green,none,-21.73,6.57,upper,Y,N,Y,Y,declining,rising_slowly,8.4,Y,N,N,354
DIACABS,2026-04-16,38,144.0,148.28,3554421,True,2.14,66.9,90.8,87.7,23.02,114.6,146.3,-4.6,81.0,already_rising,2.592,0.083,2.509,above,132.88,up,132.47,up,crossing/mixed,18.5,7.24,4.88,green,just_flipped_green,Three White Soldiers,-19.19,9.74,upper,Y,N,Y,Y,rising,turning_up,7.77,Y,N,N,354
SPECTRUM,2026-01-30,86,1261.0,1334.3,7602,True,1.46,66.5,92.5,85.9,25.0,110.4,160.8,-6.5,74.8,already_rising,15.347,-10.54,25.887,above,1186.07,up,1213.07,up,bearish,21.3,69.81,5.23,green,just_flipped_green,Three White Soldiers,-43.91,-7.59,upper,Y,N,Y,Y,declining,turning_up,13.0,N,N,N,352
AFIL,2026-02-20,71,5.43,5.88,5368590,True,4.37,63.7,85.5,80.1,20.34,123.1,103.2,-24.8,76.8,already_rising,-0.089,-0.22,0.131,below,5.3,up,5.77,down/flat,bearish,46.9,0.35,6.01,green,just_flipped_green,Bullish Engulfing;Outside Bar,-42.13,-14.47,upper,Y,N,Y,Y,rising,turning_up,13.27,N,N,N,353
CLEANMAX,2026-04-06,44,800.0,841.4,339831,False,0.5,44.8,47.1,35.8,15.78,42.0,,-46.2,49.9,turning_up,,,,below,843.55,down/flat,,down/flat,n/a(short),,84.11,10.0,green,none_recent,none,-12.35,,midband,N,N,N,Y,declining,turning_up,14.44,N,Y,Y,66
MCLEODRUSS,2026-04-10,40,39.28,43.47,1656702,True,2.91,65.9,91.7,84.4,37.53,110.4,135.7,-17.5,49.1,already_rising,-0.192,-1.497,1.305,below,36.64,up,38.97,down/flat,bearish,23.6,2.69,6.2,green,just_flipped_green,Three White Soldiers,-36.51,2.8,upper,Y,N,Y,Y,declining,turning_up,17.69,N,N,Y,352
EBGNG,2026-02-06,82,313.0,321.1,1353018,True,9.59,66.4,96.9,85.6,29.38,110.7,117.7,-0.0,77.1,already_rising,-2.181,-9.429,7.247,below,279.13,up,292.09,down/flat,n/a(short),27.6,15.62,4.86,green,just_flipped_green,Three White Soldiers,-20.06,,upper,Y,N,Y,N,rising,turning_up,17.28,N,N,Y,212
SAIL,2025-12-30,109,134.09,141.02,41245044,True,2.04,65.6,81.5,79.0,9.13,131.4,118.2,-4.4,73.4,already_rising,0.053,-1.071,1.124,above,132.66,up,133.1,up,crossing/mixed,19.1,3.9,2.77,green,just_flipped_green,Three White Soldiers,-3.34,10.54,upper,Y,Y,Y,Y,rising,turning_up,8.76,Y,N,Y,354
BUILDPRO,2026-02-19,73,875.0,1010.7,398130,True,4.03,61.5,71.9,64.8,43.6,109.2,,-4.2,80.6,already_rising,39.33,,,above,835.42,up,,down/flat,n/a(short),27.4,73.41,7.26,green,none_recent,none,-1.34,,upper,Y,N,Y,Y,declining,flat/down,14.24,N,N,N,101
BHEL,2025-09-11,183,220.0,229.08,28357811,True,4.55,57.0,78.9,66.6,9.4,111.3,59.7,-3.7,60.7,already_rising,-3.91,-6.386,2.476,below,219.73,down/flat,228.97,down/flat,n/a(short),32.5,6.09,2.66,green,just_flipped_green,none,-15.81,,upper,Y,Y,Y,Y,declining,turning_up,5.33,Y,N,Y,354
KOPRAN,2026-04-08,43,138.84,146.27,986682,True,3.28,67.6,87.8,80.3,27.51,128.8,187.2,-2.7,82.6,already_rising,0.828,-2.612,3.441,above,123.64,up,127.62,up,bearish,17.8,8.07,5.52,green,just_flipped_green,Three White Soldiers,-31.65,-2.1,upper,Y,N,N,Y,rising,turning_up,25.3,N,N,Y,354
MAHABANK,2025-12-30,109,57.77,60.51,40215113,True,1.98,64.5,78.8,73.1,6.06,144.2,141.5,-8.0,72.3,already_rising,0.077,-0.216,0.293,above,57.71,up,57.62,up,20>50>200,15.7,1.34,2.22,green,none_recent,none,-1.71,9.22,upper,Y,Y,Y,Y,rising,flat/down,2.0,Y,Y,N,354
RSWM,2026-04-10,41,144.97,157.04,221839,True,4.53,69.4,93.4,80.5,24.37,120.3,123.6,-2.6,60.2,already_rising,-0.765,-3.77,3.004,below,136.86,up,140.78,down/flat,bearish,24.0,6.52,4.15,green,just_flipped_green,Bullish Marubozu;Three White Soldiers,-17.99,4.45,upper,Y,N,Y,Y,declining,turning_up,12.18,N,Y,Y,353
LAURUSLABS,2025-10-23,155,927.4,934.4,4121681,True,2.27,68.1,94.0,93.2,12.55,101.2,144.4,-8.6,80.8,already_rising,10.455,3.425,7.03,above,889.21,up,868.75,up,n/a(short),19.3,22.46,2.4,green,just_flipped_green,Outside Bar,-1.02,,upper,Y,Y,Y,Y,rising,turning_up,6.35,Y,Y,N,354
HINDCOPPER,2025-09-12,182,251.0,280.05,50184477,True,10.96,75.5,81.8,77.2,16.97,142.7,232.8,-4.2,86.9,already_rising,2.266,-1.775,4.041,above,246.37,up,247.44,up,n/a(short),27.0,9.28,3.31,green,none_recent,Bullish Marubozu;Three White Soldiers,-2.64,,upper,Y,Y,Y,Y,rising,turning_up,5.68,Y,Y,N,354
STYLAMIND,2025-09-08,186,1665.9,1835.1,533977,True,11.56,65.9,47.1,24.9,11.13,140.8,119.2,-17.2,71.9,already_rising,-7.155,-17.781,10.626,below,1684.03,down/flat,1695.86,down/flat,n/a(short),15.8,67.36,3.67,green,just_flipped_green,none,-20.62,,upper,Y,Y,N,Y,rising,flat/down,6.38,Y,N,Y,354
AGIIL,2025-09-24,174,238.0,247.52,3500270,True,4.31,71.5,82.6,72.5,6.95,129.3,143.0,-9.1,44.6,flat/down,4.38,4.102,0.278,above,234.67,up,224.14,up,n/a(short),32.0,6.87,2.77,green,none_recent,none,-0.75,,upper,Y,Y,N,Y,rising,turning_up,5.37,Y,N,N,354
PASUPTAC,2026-04-23,32,47.4,53.35,547603,True,3.12,68.5,81.0,81.7,24.36,114.5,128.7,-9.0,63.2,already_rising,0.79,0.092,0.698,above,47.42,up,47.57,up,bearish,13.5,2.52,4.72,green,none_recent,none,-15.98,10.48,upper,Y,Y,Y,Y,declining,flat/down,5.42,Y,Y,N,353
ABSLAMC,2025-12-30,109,787.6,828.75,1221458,True,4.5,72.4,79.2,73.6,14.43,116.3,173.7,-8.9,80.9,already_rising,11.665,3.754,7.911,above,767.28,up,769.55,up,bearish,25.1,24.24,2.93,green,none_recent,none,-8.73,6.7,upper,Y,Y,Y,Y,declining,turning_up,6.87,Y,N,N,354
MWL,2025-09-09,183,184.0,198.45,91200,True,3.01,67.7,42.6,30.4,6.92,122.9,79.6,-13.9,72.4,already_rising,2.943,3.34,-0.398,above,188.01,up,181.11,up,n/a(short),24.6,6.06,3.05,green,none_recent,Bullish Engulfing;Tweezer Bottom;Outside Bar,-1.27,,upper,Y,Y,N,Y,declining,flat/down,7.05,Y,Y,N,352
NIBE,2026-05-20,14,1125.3,1174.6,341383,True,4.08,67.6,75.6,50.7,16.83,115.8,125.3,-9.2,77.8,already_rising,18.3,10.092,8.208,above,1051.57,up,1036.12,up,crossing/mixed,20.8,53.43,4.55,green,none_recent,Three White Soldiers,-41.3,2.41,upper,Y,Y,Y,Y,rising,turning_up,12.43,N,N,Y,329
WOCKPHARMA,2026-05-06,24,1564.7,1716.9,22985789,True,17.16,80.9,67.6,53.4,22.86,142.2,160.8,-14.5,96.6,already_rising,62.126,40.392,21.734,above,1423.74,up,1369.71,up,crossing/mixed,35.2,72.09,4.2,green,none_recent,Three White Soldiers,-8.13,23.43,upper,Y,Y,Y,Y,rising,turning_up,12.92,N,N,N,354
FINCABLES,2026-02-09,81,787.0,792.65,291355,True,1.63,64.0,79.5,65.4,13.51,98.2,120.8,-2.5,67.7,already_rising,-0.169,-6.856,6.687,below,748.34,up,757.19,up,bearish,18.3,21.39,2.7,green,just_flipped_green,Hanging Man;Bullish Pin Bar,-25.22,-4.66,upper,Y,Y,Y,Y,rising,turning_up,9.23,Y,N,Y,354
SENORES,2026-04-09,42,800.0,805.35,545041,True,3.3,59.2,78.1,75.1,12.44,99.6,109.7,-11.4,72.5,already_rising,4.327,-2.511,6.837,above,769.63,up,774.9,up,crossing/mixed,17.9,32.01,3.97,red,none_recent,none,-8.12,9.74,upper,Y,Y,Y,Y,rising,rising_slowly,7.77,Y,N,Y,354
543828,2026-02-10,78,25.2,26.9,556000,True,2.57,67.6,96.9,89.1,43.4,103.1,91.2,-6.5,62.1,already_rising,0.139,-0.762,0.9,above,22.86,up,23.76,up,bearish,24.4,1.64,6.08,green,just_flipped_green,Outside Bar;Three White Soldiers,-35.88,-5.55,upper,Y,N,Y,Y,declining,turning_up,24.98,N,N,Y,350
VTL,2025-10-23,155,430.5,437.4,14428536,False,10.53,64.3,73.2,66.8,8.96,131.6,166.3,-24.5,92.7,already_rising,-1.655,-4.872,3.217,below,410.72,up,420.1,down/flat,n/a(short),13.7,13.23,3.02,green,just_flipped_green,Shooting Star,-18.99,,upper,Y,Y,Y,Y,declining,turning_up,4.3,Y,Y,Y,354
AZAD,2026-04-13,40,1678.0,1741.2,405251,True,1.63,69.4,96.6,95.1,23.99,105.7,110.3,-5.4,82.9,already_rising,26.533,-4.632,31.165,above,1585.57,up,1579.97,up,crossing/mixed,18.8,69.28,3.98,green,just_flipped_green,Outside Bar;Three White Soldiers,-8.31,8.95,upper,Y,N,Y,Y,rising,turning_up,10.88,N,Y,N,354
GANESHBE,2026-02-20,72,79.6,88.5,609170,True,5.18,69.0,83.2,73.3,24.84,112.2,141.0,-7.9,87.3,already_rising,1.483,0.356,1.128,above,78.74,up,79.04,up,bearish,28.9,3.78,4.28,green,none_recent,Three White Soldiers,-33.86,-2.63,upper,Y,Y,Y,Y,declining,turning_up,7.47,Y,Y,N,353
SHREEJISPG,2025-10-30,150,255.2,265.14,3869962,True,3.64,64.8,82.0,72.5,14.5,117.1,193.4,-12.2,87.8,already_rising,0.782,-1.846,2.627,above,244.8,up,,down/flat,n/a(short),29.3,9.91,3.74,green,none_recent,Three White Soldiers,-3.59,,upper,Y,Y,Y,Y,rising,turning_up,7.11,Y,Y,N,195
SUNFLAG,2026-04-10,41,242.5,249.42,280548,True,1.62,62.5,95.0,93.0,23.99,107.0,106.6,-2.7,69.9,already_rising,0.778,-4.457,5.235,above,226.22,up,232.95,up,bearish,18.6,11.38,4.56,green,just_flipped_green,none,-22.54,-1.54,upper,Y,N,Y,Y,declining,turning_up,15.5,N,N,Y,354
BANDHANBNK,2026-01-28,89,149.0,153.35,13731892,True,1.74,63.1,85.0,65.5,9.2,111.5,178.5,-6.1,66.3,already_rising,0.055,-1.003,1.058,above,145.79,up,148.18,down/flat,bearish,21.0,4.0,2.61,green,just_flipped_green,Bullish Engulfing;Morning Star,-20.33,-1.97,upper,Y,Y,N,Y,rising,turning_up,9.94,Y,N,Y,354
544141,2026-04-15,37,235.5,249.85,60000,True,1.66,61.5,74.8,78.0,12.18,125.8,240.2,-20.2,84.6,already_rising,2.407,0.914,1.493,above,230.8,up,226.89,up,20>50>200,16.9,10.64,4.26,green,none_recent,none,-3.89,20.55,upper,Y,Y,Y,Y,declining,flat/down,5.76,Y,Y,Y,350
NATIONALUM,2025-09-02,190,192.0,200.53,25022851,True,3.5,65.0,65.9,39.6,7.04,135.4,247.7,-7.8,73.2,already_rising,0.84,0.103,0.737,above,189.87,up,188.29,up,n/a(short),12.4,4.82,2.4,green,just_flipped_green,Three White Soldiers,-7.04,,upper,Y,Y,N,Y,rising,turning_up,4.56,Y,Y,N,354
539730,2025-08-22,193,1119.95,1254.05,51104,True,2.5,81.9,73.9,63.4,27.35,124.2,139.7,-6.9,72.8,already_rising,58.986,50.582,8.404,above,1046.76,up,951.3,up,n/a(short),56.4,60.1,4.79,green,none_recent,none,-1.64,,upper,Y,Y,Y,Y,rising,turning_up,9.39,Y,N,N,350
NETWEB,2025-08-25,195,2316.6,2371.8,3039690,True,3.4,67.9,61.2,42.3,22.44,102.5,131.2,-13.5,72.4,already_rising,74.569,62.223,12.346,above,2121.79,up,2006.26,up,n/a(short),29.9,107.49,4.53,green,none_recent,Three White Soldiers,-17.27,,upper,Y,N,N,Y,rising,turning_up,13.73,N,N,N,354
MCX,2025-10-09,164,1637.8,1741.2,6516650,True,2.69,71.7,84.6,84.1,11.96,125.1,169.9,-4.2,74.9,already_rising,26.217,12.88,13.336,above,1610.46,up,1585.57,up,n/a(short),15.6,45.36,2.61,green,just_flipped_green,Bullish Marubozu;Bullish Engulfing;Morning Star,-4.49,,upper,Y,Y,Y,Y,declining,turning_up,6.59,Y,Y,N,354
DBOL,2025-12-11,120,78.35,80.97,178901,True,2.34,65.2,88.9,85.3,17.82,98.4,97.2,-6.0,71.9,already_rising,0.693,-0.183,0.876,above,76.43,up,77.44,up,bearish,26.0,2.99,3.69,green,just_flipped_green,Three White Soldiers,-31.9,-2.13,upper,Y,Y,Y,Y,rising,turning_up,6.79,Y,N,N,353
LLOYDSENGG,2026-04-08,43,48.0,49.26,8815453,True,1.65,62.0,94.5,81.7,25.21,115.4,106.1,-2.8,67.4,already_rising,-0.561,-1.665,1.104,below,43.43,up,45.95,down/flat,bearish,21.4,2.75,5.58,green,just_flipped_green,NR4;Three White Soldiers,-41.55,-10.3,upper,Y,N,N,Y,declining,turning_up,17.99,N,N,Y,354
544191,2025-12-12,117,44.5,47.34,461752,True,7.2,66.2,82.5,76.9,12.29,119.9,177.4,-7.8,72.9,already_rising,0.924,0.829,0.095,above,43.67,up,41.93,up,crossing/mixed,18.4,2.72,5.76,green,none_recent,none,-31.34,7.68,upper,Y,Y,Y,Y,rising,turning_up,7.27,Y,Y,N,350
538668,2026-04-09,40,619.0,632.95,62922,True,1.56,67.2,82.5,65.5,22.8,118.0,170.7,-14.2,54.9,turning_up,8.925,-1.044,9.969,above,560.8,up,560.23,up,20>50>200,24.3,37.78,5.97,green,just_flipped_green,Hanging Man;Outside Bar;Three White Soldiers,-3.37,17.2,upper,Y,N,Y,Y,rising,turning_up,14.85,N,N,N,351
STEELCAS,2026-02-03,84,229.0,242.55,719381,True,8.05,68.5,67.8,49.3,27.61,123.3,263.0,-15.5,73.8,already_rising,0.011,-3.803,3.814,above,202.8,up,206.69,down/flat,bearish,22.6,13.28,5.48,green,just_flipped_green,none,-5.18,16.57,upper,Y,N,N,Y,rising,turning_up,16.06,N,N,Y,353
SAILIFE,2026-02-27,67,962.05,998.25,2428681,True,4.37,64.6,85.8,84.2,21.91,92.5,92.2,-5.5,73.6,already_rising,24.866,17.757,7.109,above,924.9,up,902.38,up,20>50>200,17.8,35.0,3.51,green,none_recent,none,-0.64,16.88,above_mid,Y,Y,Y,Y,rising,flat/down,5.45,Y,N,N,354
CGPOWER,2026-02-03,85,658.35,661.55,14524072,True,3.73,63.1,88.2,76.2,20.25,110.5,112.8,-5.3,64.3,already_rising,-9.737,-20.273,10.535,below,599.34,up,630.89,down/flat,bearish,35.1,25.24,3.82,green,just_flipped_green,none,-17.05,-1.75,upper,Y,Y,N,Y,declining,turning_up,12.77,N,N,Y,354
GLAND,2026-04-17,37,1736.0,1797.4,142799,True,1.49,61.7,80.4,76.0,11.81,99.1,94.6,-8.7,58.8,flat/down,11.354,-1.397,12.751,above,1722.58,up,1729.77,up,bearish,19.5,56.39,3.14,green,just_flipped_green,none,-15.65,1.55,upper,Y,Y,Y,Y,rising,flat/down,4.98,Y,N,N,353
UNIVCABLES,2026-04-08,43,718.0,760.7,272267,True,3.48,63.9,86.9,82.3,24.2,118.1,183.6,-11.6,78.3,already_rising,6.817,-7.043,13.86,above,673.96,up,695.13,up,bearish,23.1,42.82,5.63,green,just_flipped_green,Three White Soldiers,-24.53,3.97,upper,Y,Y,Y,Y,declining,turning_up,11.76,N,N,N,354
GAEL,2025-11-10,144,106.42,111.64,1587584,True,3.82,63.7,84.5,79.1,9.34,103.8,128.3,-12.7,77.9,already_rising,0.933,0.265,0.667,above,107.29,up,107.03,up,crossing/mixed,21.5,3.25,2.91,green,just_flipped_green,Outside Bar;Three White Soldiers,-14.62,0.54,upper,Y,Y,Y,N,rising,turning_up,5.24,Y,N,N,354
NLCINDIA,2026-04-01,47,274.8,283.2,4676372,True,2.18,64.3,87.0,82.1,14.96,112.8,187.7,-6.2,84.0,already_rising,3.974,1.688,2.286,above,262.86,up,259.16,up,20>50>200,15.2,11.56,4.08,green,just_flipped_green,none,-3.08,12.8,upper,Y,Y,Y,Y,rising,turning_up,9.04,Y,N,N,354
NAHARSPING,2026-02-09,80,179.54,190.95,112571,True,3.26,60.6,82.1,83.6,30.13,86.9,66.0,-8.9,75.2,already_rising,-1.092,-5.043,3.951,below,176.58,up,184.3,up,bearish,33.1,9.76,5.11,green,just_flipped_green,Bullish Engulfing;Outside Bar;Morning Star,-38.2,-9.59,above_mid,Y,N,Y,Y,declining,turning_up,15.44,N,N,Y,353
MBAPL,2026-01-07,101,436.6,446.7,276868,True,3.85,73.3,90.5,87.5,12.62,107.3,183.8,-7.9,92.6,already_rising,8.297,4.796,3.5,above,420.99,up,415.05,up,20>50>200,24.6,11.76,2.63,green,just_flipped_green,Bullish Engulfing,-4.9,16.59,upper,Y,Y,Y,Y,declining,turning_up,4.82,Y,N,N,352
VETO,2026-04-28,30,108.0,110.5,75939,True,1.58,64.5,77.0,74.8,25.89,85.0,86.8,-7.8,73.9,already_rising,2.661,1.863,0.798,above,103.28,up,101.99,up,crossing/mixed,15.8,4.35,3.94,green,none_recent,none,-21.63,1.52,above_mid,Y,Y,Y,Y,declining,flat/down,7.0,Y,Y,N,354
ASIANENE,2026-04-20,36,302.0,315.38,265931,True,1.69,66.1,86.6,83.9,29.21,94.3,119.4,-6.8,75.1,already_rising,7.569,2.502,5.067,above,286.91,up,282.58,up,crossing/mixed,20.1,16.18,5.13,green,none_recent,none,-19.47,5.5,above_mid,Y,N,Y,Y,declining,flat/down,7.38,Y,N,N,354
BHARATFORG,2025-09-08,185,1144.0,1202.8,3849812,True,3.91,59.3,52.3,40.0,9.08,101.3,103.5,-10.6,46.2,already_rising,-11.823,-18.838,7.015,below,1152.97,down/flat,1179.99,down/flat,n/a(short),34.0,33.01,2.74,red,none_recent,Morning Star,-11.7,,upper,Y,Y,Y,Y,rising,turning_up,5.02,Y,Y,Y,353
ADFFOODS,2026-04-17,37,197.08,226.94,3095351,True,10.55,73.2,93.0,91.5,32.95,127.8,180.6,-10.9,88.1,already_rising,3.559,-2.128,5.686,above,188.34,up,191.28,up,bearish,24.4,11.65,5.13,green,just_flipped_green,none,-24.57,6.9,upper,Y,Y,Y,Y,rising,turning_up,8.04,Y,Y,N,354
SOUTHWEST,2025-10-24,154,139.31,140.02,55309,True,1.73,61.1,86.1,76.1,13.56,104.2,86.2,-12.8,70.7,already_rising,-0.395,-2.104,1.709,below,132.36,up,134.96,up,bearish,21.7,6.05,4.32,red,none_recent,Long-legged Doji;Outside Bar,-14.62,2.74,upper,Y,N,Y,Y,rising,turning_up,12.98,N,N,Y,354
TIRUPATIFL,2026-01-02,104,34.86,36.27,594539,True,1.42,63.1,79.1,68.7,14.16,123.7,130.7,-5.1,62.3,already_rising,-0.011,-0.565,0.554,below,33.57,up,34.74,down/flat,bearish,17.7,1.8,4.98,red,none_recent,Three White Soldiers,-42.56,-8.28,upper,Y,N,Y,Y,declining,turning_up,11.86,N,N,Y,352
GROWW,2026-04-08,43,172.0,181.01,58158703,True,2.07,65.5,92.1,89.1,16.42,126.2,205.7,-3.0,78.9,already_rising,1.949,-0.135,2.085,above,163.63,up,162.33,up,n/a(short),12.1,7.54,4.16,green,just_flipped_green,none,-6.6,,upper,Y,Y,N,Y,declining,turning_up,11.49,N,Y,N,143
KINGFA,2026-04-15,38,4490.0,4704.7,15282,True,3.01,71.5,95.7,92.2,15.55,128.0,253.1,-4.5,80.1,already_rising,71.611,15.432,56.179,above,4261.3,up,4226.81,up,20>50>200,14.3,164.21,3.49,green,none_recent,Three White Soldiers,-3.59,15.58,upper,Y,Y,Y,Y,declining,turning_up,5.29,Y,N,N,352
AYMSYNTEX,2026-01-30,86,163.56,160.41,14988,False,0.68,51.8,54.2,39.0,15.52,58.2,5.1,-17.8,63.2,already_rising,-2.391,-2.902,0.511,below,157.73,down/flat,163.04,down/flat,bearish,21.2,9.78,6.1,green,none_recent,Hammer;NR4,-42.57,-14.98,midband,N,N,N,Y,rising,turning_up,11.68,N,N,Y,353
543542,2025-12-16,115,905.45,1013.9,13200,True,10.44,89.8,83.1,89.6,16.28,131.8,194.3,-20.6,68.7,already_rising,32.016,26.955,5.061,above,900.86,up,844.86,up,20>50>200,35.4,19.07,1.88,green,none_recent,Bullish Engulfing,-3.44,37.07,upper,Y,Y,Y,Y,rising,flat/down,1.97,Y,N,N,350
JINDALPOLY,2026-02-17,75,463.65,501.0,332500,True,2.15,75.8,94.8,94.3,31.74,116.9,136.4,-6.9,93.4,already_rising,7.687,-5.161,12.849,above,433.32,up,449.6,up,bearish,26.3,21.45,4.28,green,just_flipped_green,Three White Soldiers,-41.91,-9.57,upper,Y,N,Y,Y,rising,turning_up,9.13,Y,Y,N,354
GRANULES,2026-02-20,72,575.0,599.05,1488697,True,1.46,58.7,80.3,68.7,6.87,116.4,114.7,-6.3,76.4,already_rising,0.448,-2.336,2.785,above,576.39,up,575.35,up,20>50>200,15.2,18.54,3.09,red,none_recent,Bullish Engulfing;Outside Bar,-4.46,8.54,upper,Y,Y,Y,Y,rising,turning_up,4.97,Y,Y,N,353
DSSL,2026-04-08,43,947.05,1004.55,141867,True,4.18,64.5,82.6,72.1,17.18,124.4,223.0,-6.1,74.2,already_rising,-1.434,-13.668,12.234,below,898.02,up,914.28,down/flat,bearish,13.2,47.74,4.75,green,just_flipped_green,Three White Soldiers,-17.32,2.25,upper,Y,N,N,Y,declining,turning_up,16.33,N,N,Y,353
LLOYDSME,2026-03-25,50,1272.2,1307.7,985456,True,1.52,60.1,77.5,71.6,14.19,106.4,198.5,-14.9,64.2,already_rising,14.309,2.492,11.817,above,1215.47,up,1216.39,up,bearish,13.1,59.09,4.52,green,none_recent,none,-18.88,2.41,upper,Y,Y,Y,Y,rising,rising_slowly,7.48,Y,N,Y,354
SCI,2026-02-09,81,249.0,265.25,71773906,True,18.16,73.2,80.9,76.9,24.2,141.0,258.8,-1.3,92.8,already_rising,3.909,-0.505,4.414,above,223.0,up,223.68,up,crossing/mixed,19.5,10.88,4.1,green,none_recent,Morning Star,-5.44,21.15,upper,Y,N,Y,Y,declining,turning_up,6.53,Y,Y,Y,354
ARFIN,2025-09-09,183,39.56,40.35,1380928,True,3.74,51.6,88.5,90.8,23.28,112.3,,-7.1,96.9,already_rising,0.685,-0.118,0.804,above,36.18,up,,down/flat,n/a(short),35.2,2.45,6.07,green,none_recent,Morning Star,-3.7,,upper,Y,N,N,Y,rising,turning_up,19.98,N,N,Y,217
540252,2026-01-12,97,8.2,8.72,763385,True,8.28,62.7,65.9,68.3,10.96,111.9,29.7,-20.2,74.9,already_rising,0.06,0.003,0.057,above,8.22,up,8.18,up,crossing/mixed,16.8,0.47,5.42,green,none_recent,Hanging Man;Bullish Engulfing;Outside Bar,-22.14,2.15,upper,Y,Y,N,Y,declining,turning_up,10.42,N,N,Y,350
CHENNPETRO,2025-10-06,167,784.3,807.7,2085443,True,1.83,77.4,74.8,63.0,11.18,118.7,75.7,-5.6,81.9,already_rising,22.434,19.565,2.869,above,748.64,up,719.47,up,n/a(short),38.0,23.79,2.94,green,none_recent,none,-0.51,,upper,Y,Y,Y,Y,declining,rising_slowly,6.08,Y,N,N,354
SBC,2025-09-02,190,19.3,19.83,14092067,True,1.64,73.4,95.4,94.6,13.24,99.2,82.2,-5.7,84.6,already_rising,0.671,0.672,-0.001,above,18.62,up,17.38,up,n/a(short),38.3,0.69,3.5,green,none_recent,Bullish Engulfing;Outside Bar;Morning Star,-1.29,,upper,Y,N,Y,Y,declining,rising_slowly,4.08,Y,N,Y,354
INDOBORAX,2026-04-06,44,246.19,253.68,137635,True,2.38,67.2,61.2,41.4,3.64,146.1,317.5,-2.6,49.5,already_rising,0.38,-0.365,0.745,above,245.6,up,246.78,down/flat,crossing/mixed,16.0,4.93,1.94,green,none_recent,none,-15.96,6.17,upper,Y,Y,N,Y,rising,turning_up,3.31,Y,N,N,353
KTKBANK,2025-09-10,184,175.58,178.7,1559616,True,1.5,57.7,72.5,66.2,5.09,116.3,65.9,-7.7,46.5,already_rising,-1.328,-2.604,1.276,below,175.02,up,180.28,down/flat,n/a(short),27.0,2.9,1.62,green,just_flipped_green,Morning Star,-16.23,,upper,Y,Y,Y,Y,declining,flat/down,1.96,Y,N,Y,354
LINCOLN,2026-02-10,79,493.9,535.15,87814,True,5.07,70.5,69.7,54.1,17.3,131.7,240.3,-13.5,60.6,already_rising,2.668,-4.643,7.311,above,475.15,up,483.11,down/flat,bearish,27.9,19.45,3.63,green,just_flipped_green,none,-33.83,-0.92,upper,Y,Y,Y,Y,rising,turning_up,8.81,Y,N,Y,352
KESORAMIND,2025-12-08,124,7.6,7.84,23271133,True,11.27,85.6,89.9,77.7,50.28,141.6,426.9,-0.0,96.6,already_rising,0.333,0.1,0.233,above,5.6,up,5.52,up,crossing/mixed,26.8,0.41,5.17,green,none_recent,none,-96.56,-79.05,upper,Y,N,Y,Y,rising,turning_up,16.2,N,N,N,354
POLYCAB,2026-02-24,70,7969.0,8120.5,858763,True,2.09,67.6,93.2,92.1,17.41,89.6,81.7,-4.2,70.7,already_rising,162.215,111.743,50.472,above,7678.19,up,7534.3,up,20>50>200,21.2,186.2,2.29,green,none_recent,Three White Soldiers,-0.33,13.32,above_mid,Y,Y,Y,Y,rising,turning_up,4.79,Y,Y,N,354
IBULLSLTD,2026-04-10,41,11.16,12.15,29006040,True,3.73,64.8,80.4,80.8,28.02,119.7,232.2,-20.6,56.1,already_rising,0.261,-0.011,0.272,above,10.37,up,10.91,up,bearish,28.3,0.87,7.16,green,just_flipped_green,none,-42.82,-14.02,upper,Y,N,Y,Y,declining,rising_slowly,16.87,N,Y,N,354
DIVGIITTS,2026-02-11,78,645.05,650.05,9489,True,1.78,67.1,88.0,80.5,12.08,107.5,222.5,-11.1,85.9,already_rising,9.993,4.747,5.246,above,615.08,up,609.99,up,20>50>200,24.8,20.75,3.19,green,just_flipped_green,Three White Soldiers,-7.14,7.23,upper,Y,Y,Y,Y,declining,turning_up,7.34,Y,N,N,352
BLUSPRING,2026-05-20,14,71.0,73.51,1077141,True,2.18,70.0,85.5,78.1,17.13,109.8,218.2,-16.6,80.5,already_rising,2.5,2.324,0.176,above,67.09,up,63.47,up,crossing/mixed,40.3,3.6,4.9,green,none_recent,none,-27.13,8.69,upper,Y,Y,Y,Y,rising,turning_up,7.74,Y,Y,N,247
EXICOM,2026-04-08,43,94.0,96.51,725626,True,1.63,60.0,79.2,64.8,18.06,114.5,120.5,-2.3,71.9,flat/down,-1.13,-2.604,1.473,below,88.05,up,93.56,down/flat,bearish,13.3,5.62,5.82,green,just_flipped_green,NR4,-55.53,-23.14,upper,Y,N,N,Y,declining,turning_up,18.91,N,N,Y,354
ABB,2026-01-29,88,5050.0,5474.0,2492153,True,11.32,68.1,52.4,29.3,17.38,105.3,134.2,-8.1,60.0,already_rising,-40.619,-78.666,38.046,below,4985.11,down/flat,5063.26,down/flat,bearish,28.8,160.77,2.94,green,just_flipped_green,Three White Soldiers,-15.64,2.21,upper,Y,Y,N,Y,rising,turning_up,7.99,Y,N,Y,354
MARKSANS,2026-04-23,33,178.0,193.25,4378879,True,6.05,69.6,87.5,84.9,19.44,111.6,158.0,-6.9,81.7,already_rising,3.588,1.738,1.85,above,175.87,up,174.27,up,crossing/mixed,13.2,6.91,3.58,green,just_flipped_green,none,-28.61,1.96,upper,Y,Y,Y,Y,rising,flat/down,3.51,Y,N,N,354
PREMIERPOL,2026-01-13,98,43.44,49.03,1894268,True,11.61,68.9,58.1,54.9,18.83,145.9,196.4,-0.0,85.4,already_rising,0.396,-0.19,0.586,above,42.38,up,42.77,up,bearish,14.6,2.76,5.63,green,none_recent,Bullish Marubozu,-38.82,-2.73,upper,Y,Y,Y,Y,rising,flat/down,10.71,N,Y,N,353
NELCAST,2026-02-03,85,104.0,109.16,482291,True,7.11,66.5,52.8,31.9,25.11,108.9,101.1,-0.0,67.9,already_rising,-2.488,-3.847,1.358,below,95.66,down/flat,102.24,down/flat,bearish,36.2,5.28,4.84,green,just_flipped_green,none,-39.66,-6.76,upper,Y,Y,N,Y,rising,turning_up,8.06,Y,N,N,353
RISHABH,2026-02-06,81,419.95,436.65,746494,True,12.38,67.6,91.0,91.7,32.67,107.0,120.3,-15.5,88.1,already_rising,7.542,-3.562,11.105,above,383.55,up,385.26,up,crossing/mixed,23.0,27.77,6.36,green,just_flipped_green,Outside Bar;Three White Soldiers,-10.89,20.32,upper,Y,N,Y,Y,declining,turning_up,17.6,N,N,Y,352
DHANBANK,2026-04-08,43,24.5,25.1,2937924,True,4.34,63.4,92.0,86.9,21.46,100.6,159.4,-10.9,61.1,already_rising,-0.011,-0.397,0.386,below,22.89,up,23.43,up,bearish,36.8,1.17,4.67,green,just_flipped_green,Three White Soldiers,-25.07,-1.19,upper,Y,N,N,Y,declining,turning_up,20.12,N,N,Y,354
GOCLCORP,2026-03-24,50,247.1,264.25,6688039,False,34.94,57.4,42.0,33.7,17.01,93.8,86.6,-12.3,95.2,already_rising,-5.425,-6.683,1.258,below,245.99,down/flat,259.1,down/flat,bearish,14.8,13.11,4.96,green,just_flipped_green,none,-36.71,-12.9,upper,Y,N,N,Y,declining,flat/down,8.12,Y,Y,Y,353
GHCLTEXTIL,2026-04-09,42,79.8,82.78,817620,True,3.25,65.2,90.8,88.5,18.9,116.8,195.2,-15.0,54.6,already_rising,0.636,-0.613,1.249,above,74.58,up,74.82,up,bearish,19.6,4.11,4.96,green,just_flipped_green,none,-16.38,5.62,upper,Y,N,Y,Y,rising,turning_up,16.55,N,N,Y,353
AETHER,2025-11-14,140,780.9,838.9,4303052,True,17.09,76.3,57.9,36.6,11.4,145.7,430.4,-20.8,89.1,already_rising,7.169,1.419,5.75,above,758.81,up,754.99,up,crossing/mixed,29.1,23.51,2.8,green,just_flipped_green,Three White Soldiers,-10.61,6.92,upper,Y,Y,N,Y,rising,turning_up,8.82,Y,N,Y,354
SUPRIYA,2026-04-27,31,660.0,704.45,1056574,True,5.6,66.8,84.0,82.4,18.78,116.1,145.4,-5.2,66.5,already_rising,12.992,4.906,8.086,above,634.94,up,639.1,up,bearish,22.1,30.08,4.27,green,none_recent,none,-15.37,3.29,upper,Y,Y,Y,Y,rising,turning_up,7.65,Y,N,N,353
535916,2026-04-09,40,56.01,64.43,191219,True,6.03,64.0,56.5,46.8,21.99,119.7,202.4,-14.1,37.7,turning_up,0.375,-0.175,0.549,above,56.19,up,55.71,up,crossing/mixed,17.7,5.56,8.63,green,none_recent,Morning Star,-26.62,2.11,upper,Y,N,Y,Y,declining,rising_slowly,13.18,N,N,Y,350
511523,2025-11-26,129,17.01,19.03,80608,False,1.82,62.8,40.0,24.5,9.98,116.9,81.2,-6.9,38.5,turning_up,-0.127,-0.199,0.072,below,17.85,down/flat,18.23,down/flat,bearish,15.0,0.93,4.87,red,none_recent,Bullish Marubozu,-19.94,2.94,upper,Y,N,Y,Y,declining,flat/down,5.68,Y,Y,N,350
AEROENTER,2026-04-09,42,78.27,81.29,649682,True,1.95,61.5,84.7,72.9,26.14,103.8,123.1,-3.4,60.5,already_rising,0.15,-1.489,1.639,above,73.09,up,75.37,up,bearish,15.8,4.68,5.75,green,none_recent,Three White Soldiers,-28.63,-2.98,upper,Y,N,Y,N,rising,turning_up,14.85,N,N,Y,353
531911,2026-05-08,21,52.3,56.09,474749,True,1.58,69.4,83.3,68.3,14.94,119.3,70.1,-0.0,91.2,already_rising,2.038,1.783,0.255,above,50.65,up,48.18,up,20>50>200,33.9,3.02,5.39,green,none_recent,Bullish Engulfing;Outside Bar,-10.44,17.27,upper,Y,N,Y,Y,declining,turning_up,8.93,Y,Y,N,351
GAUDIUMIVF,2026-04-16,38,99.94,104.12,3279474,True,1.95,73.4,85.0,81.1,44.49,105.6,,-7.5,95.3,already_rising,4.587,,,above,86.0,up,,down/flat,n/a(short),27.8,7.86,7.55,green,just_flipped_green,Outside Bar;Three White Soldiers,-2.51,,upper,Y,N,Y,Y,rising,turning_up,24.97,N,N,N,68
VIJAYA,2026-04-24,32,1039.45,1065.55,428259,True,3.7,73.9,93.8,92.4,27.18,88.7,91.6,-2.3,88.8,already_rising,28.591,16.679,11.912,above,990.93,up,975.32,up,crossing/mixed,25.7,34.27,3.22,green,none_recent,Outside Bar,-9.7,6.69,above_mid,Y,Y,Y,Y,declining,flat/down,5.02,Y,N,N,353
PIRAMALFIN,2025-11-11,143,1425.0,1456.1,1043189,False,,100.0,,,,,,,,already_rising,,,,below,,down/flat,,down/flat,n/a(short),,,,red,just_flipped_red,Three White Soldiers,-0.16,,n/a,Y,N,N,N,flat,flat/down,,N,N,N,146
TRUALT,2026-02-06,82,405.0,426.3,819800,True,3.56,63.4,83.9,84.7,27.23,106.2,129.5,-14.1,60.2,already_rising,2.207,-7.232,9.439,above,381.93,up,396.8,up,n/a(short),28.0,22.74,5.33,green,none_recent,none,-20.24,,upper,Y,N,Y,Y,rising,turning_up,11.89,N,N,Y,168
UNIPARTS,2025-08-19,198,391.25,413.6,184661,True,1.99,69.0,89.9,89.2,22.82,102.6,97.7,-2.8,85.6,already_rising,4.618,-2.012,6.63,above,377.53,up,373.4,up,n/a(short),32.6,14.76,3.57,green,none_recent,Bullish Marubozu;Bullish Engulfing,-1.73,,upper,Y,N,Y,Y,declining,turning_up,9.83,Y,N,Y,353
KDDL,2026-04-22,33,2420.6,2551.4,55840,True,2.78,66.8,89.7,89.1,23.59,102.2,114.0,-3.7,84.0,already_rising,48.35,16.127,32.223,above,2336.34,up,2320.94,up,crossing/mixed,16.8,110.81,4.34,green,just_flipped_green,Outside Bar;Morning Star,-17.99,4.4,upper,Y,Y,Y,Y,rising,flat/down,5.44,Y,Y,N,352
ADANIENT,2026-04-13,40,2010.2,2129.0,3729773,True,1.9,61.8,90.7,83.3,20.17,100.1,83.2,-7.4,45.4,already_rising,-4.599,-42.865,38.267,below,1974.79,up,2037.09,up,bearish,31.5,84.69,3.98,green,just_flipped_green,Outside Bar;Three White Soldiers,-21.0,-4.69,upper,Y,N,Y,Y,declining,turning_up,13.95,N,N,Y,354
AMANTA,2026-04-02,46,105.35,108.07,249301,True,3.18,65.7,88.2,78.5,12.96,122.5,127.7,-4.9,51.9,already_rising,0.113,-1.263,1.376,above,100.29,up,102.43,down/flat,n/a(short),12.0,4.85,4.49,red,none_recent,Three White Soldiers,-30.01,,upper,Y,Y,Y,Y,rising,turning_up,10.64,N,N,N,183
ANGELONE,2025-10-14,161,236.39,240.46,31161780,True,3.34,63.0,91.3,84.8,11.95,113.5,157.9,-9.1,69.2,already_rising,-0.689,-3.976,3.288,below,226.99,up,236.04,down/flat,n/a(short),22.3,7.07,2.94,green,just_flipped_green,Three White Soldiers,-26.8,,upper,Y,Y,Y,Y,rising,turning_up,6.48,Y,N,Y,354
GESHIP,2026-01-28,89,1117.8,1173.6,836410,True,2.89,65.9,74.8,67.6,7.06,128.7,258.0,-13.5,46.5,already_rising,7.058,2.902,4.157,above,1113.7,up,1100.97,up,20>50>200,14.3,31.73,2.7,green,none_recent,none,-1.42,13.53,upper,Y,Y,Y,Y,declining,turning_up,4.12,Y,N,N,354
BODALCHEM,2026-03-19,53,46.19,49.13,547705,True,3.3,61.7,63.9,38.4,14.7,100.0,64.9,-12.1,57.0,already_rising,-0.783,-1.236,0.453,below,46.08,down/flat,48.17,down/flat,bearish,39.0,2.05,4.18,green,just_flipped_green,none,-39.71,-13.15,upper,Y,Y,N,Y,rising,turning_up,9.53,Y,N,Y,353
HCC,2026-04-08,43,16.35,16.75,34110174,True,1.47,55.7,87.7,76.9,17.58,103.8,62.8,-2.8,66.5,already_rising,-0.464,-0.763,0.299,below,15.68,up,17.02,down/flat,bearish,27.7,0.88,5.26,green,just_flipped_green,NR7;Three White Soldiers,-55.2,-25.03,upper,Y,N,N,Y,declining,turning_up,13.79,N,N,Y,354
ZENTEC,2026-04-09,42,1451.0,1533.2,2859129,True,5.35,66.6,84.6,74.4,14.52,115.5,177.1,-15.4,70.0,already_rising,18.013,6.81,11.203,above,1399.41,up,1380.22,up,crossing/mixed,19.6,63.66,4.15,green,none_recent,none,-32.4,3.74,upper,Y,N,Y,Y,declining,turning_up,11.61,N,Y,Y,354
NRL,2026-04-15,38,54.51,55.26,74213,True,1.6,69.5,91.8,85.7,17.16,113.9,164.1,-2.3,38.7,already_rising,0.318,-0.535,0.853,above,50.67,up,51.8,up,bearish,18.6,2.31,4.17,green,just_flipped_green,Three White Soldiers,-41.21,-10.27,upper,Y,N,Y,Y,rising,turning_up,11.53,N,Y,Y,353
SONAMLTD,2026-02-17,74,43.61,45.61,197954,True,3.82,66.3,76.9,69.6,15.9,119.4,192.6,-13.7,85.6,already_rising,0.61,0.089,0.521,above,41.82,up,41.77,up,crossing/mixed,25.5,2.43,5.32,green,just_flipped_green,none,-19.84,1.19,upper,Y,Y,Y,Y,declining,turning_up,9.08,Y,N,N,352
CRAFTSMAN,2025-11-11,141,6785.0,7175.5,450473,False,11.81,70.1,72.6,71.7,10.7,120.9,214.6,-19.3,87.0,already_rising,57.525,5.891,51.633,above,6734.61,up,6665.41,up,20>50>200,17.7,222.27,3.1,green,none_recent,Bullish Engulfing,-2.75,19.64,upper,Y,Y,Y,Y,declining,flat/down,5.71,Y,N,Y,352
AKUMS,2026-02-16,75,463.0,477.2,2554514,True,11.01,66.1,71.6,78.8,15.74,96.8,132.3,-25.1,93.3,already_rising,7.903,4.966,2.937,above,451.82,up,445.68,up,crossing/mixed,29.0,14.91,3.12,green,none_recent,none,-23.4,0.17,upper,Y,Y,Y,Y,declining,flat/down,5.88,Y,Y,N,351
KEI,2026-02-03,85,4300.0,4367.0,969623,False,3.69,59.9,55.4,43.5,23.02,68.6,65.1,-23.2,43.6,turning_up,-61.393,-69.042,7.648,below,4140.87,down/flat,4180.08,down/flat,crossing/mixed,34.0,155.33,3.56,green,just_flipped_green,Inverted Hammer;Bearish Pin Bar;Three White Soldiers,-4.8,8.51,above_mid,N,N,N,Y,rising,turning_up,7.85,Y,N,N,354
HMVL,2026-04-15,38,67.65,70.04,54787,True,2.06,64.7,89.8,89.6,19.91,105.3,112.6,-9.5,65.1,already_rising,0.54,-0.658,1.198,above,64.77,up,65.98,up,bearish,19.4,3.34,4.77,green,just_flipped_green,Bullish Engulfing,-32.26,-4.95,upper,Y,N,Y,Y,declining,turning_up,7.54,Y,Y,Y,352
OLAELEC,2026-04-02,46,25.62,28.34,456246744,True,6.2,60.3,66.5,52.9,19.58,137.5,116.8,-4.4,79.6,already_rising,-0.615,-1.282,0.667,below,24.99,up,27.92,down/flat,bearish,23.0,1.74,6.12,green,just_flipped_green,none,-60.22,-29.43,upper,Y,N,Y,Y,rising,turning_up,13.55,N,N,N,354
543920,2026-04-09,40,623.0,635.1,62200,True,2.43,68.9,90.4,90.3,23.77,107.9,184.6,-6.8,64.8,already_rising,19.634,11.075,8.558,above,569.11,up,556.95,up,crossing/mixed,15.0,29.99,4.72,green,none_recent,none,-12.82,9.23,upper,Y,N,Y,Y,rising,turning_up,10.39,N,N,N,350
SURYODAY,2026-02-26,67,117.64,125.83,1400391,False,4.97,44.9,20.3,10.2,21.18,38.9,-59.5,-51.6,44.2,turning_up,-4.539,-3.859,-0.681,below,127.16,down/flat,132.66,down/flat,bearish,23.9,4.93,3.91,red,none_recent,Morning Star,-22.08,-6.55,lower,N,N,N,Y,rising,flat/down,8.46,Y,N,N,353
KRISHANA,2026-02-11,79,515.0,520.75,164316,True,1.88,61.0,92.2,82.0,11.14,113.8,89.5,-5.6,74.1,already_rising,-0.656,-6.313,5.656,below,494.59,up,502.22,up,crossing/mixed,13.3,18.08,3.47,green,just_flipped_green,Three White Soldiers,-15.87,11.76,upper,Y,Y,Y,Y,rising,turning_up,9.19,Y,N,N,353
SIS,2026-03-25,49,278.0,285.9,79095,False,0.77,45.8,42.9,26.4,15.47,47.5,-10.9,-37.4,38.0,turning_up,-10.148,-11.046,0.898,below,287.39,down/flat,304.02,down/flat,bearish,37.7,10.66,3.73,red,none_recent,none,-28.85,-13.21,midband,N,N,N,Y,rising,turning_up,9.78,Y,N,Y,353
QUADFUTURE,2025-12-19,115,255.0,282.1,13497599,False,14.63,45.9,26.4,16.2,26.37,49.2,-24.3,-32.2,89.7,already_rising,-16.142,-17.419,1.277,below,281.37,down/flat,315.74,down/flat,bearish,25.6,14.64,5.19,red,none_recent,none,-62.08,-29.27,midband,N,N,N,Y,rising,flat/down,9.71,Y,Y,N,348
SHAILY,2026-03-17,56,1910.0,2279.9,2043355,True,7.81,67.4,65.7,51.5,19.97,129.4,149.2,-3.7,66.1,already_rising,-12.301,-40.454,28.153,below,1980.67,up,2052.74,down/flat,bearish,19.8,110.11,4.83,green,just_flipped_green,Bullish Marubozu,-18.57,10.46,upper,Y,Y,Y,Y,rising,turning_up,6.09,Y,N,Y,354
SANDHAR,2026-05-07,23,514.0,528.3,337752,True,3.21,63.7,76.1,68.8,9.66,116.1,110.8,-7.3,66.8,already_rising,6.887,3.683,3.205,above,497.0,up,495.99,up,crossing/mixed,16.4,18.06,3.42,green,none_recent,none,-12.1,5.59,upper,Y,Y,Y,Y,rising,turning_up,6.34,Y,N,Y,354
HINDALCO,2025-09-03,189,725.0,742.95,8986550,True,1.84,69.1,96.3,88.1,10.24,109.1,172.6,-1.4,66.9,already_rising,10.931,7.865,3.067,above,705.21,up,689.59,up,n/a(short),20.8,14.55,1.96,green,none_recent,Three White Soldiers,-0.14,,upper,Y,Y,Y,Y,declining,turning_up,3.92,Y,N,N,354
ASTERDM,2026-02-11,79,578.15,600.4,2781341,False,4.09,58.7,83.4,69.8,15.52,88.5,63.3,-12.3,74.9,already_rising,-8.465,-14.67,6.205,below,571.55,up,594.28,down/flat,bearish,29.4,22.8,3.8,green,just_flipped_green,Outside Bar;Three White Soldiers,-18.0,0.27,above_mid,Y,N,N,Y,declining,turning_up,10.05,N,N,Y,354
500449,2026-04-20,34,30.0,33.35,560022,True,7.94,70.1,90.8,91.9,32.21,118.3,177.7,-13.0,77.2,already_rising,0.525,-0.245,0.771,above,28.3,up,28.71,up,bearish,17.4,1.94,5.81,green,just_flipped_green,Bullish Engulfing;Outside Bar,-18.64,4.97,upper,Y,N,Y,Y,rising,turning_up,11.66,N,N,N,350
SANGHVIMOV,2026-04-02,46,266.19,286.67,677751,True,2.33,60.5,67.9,58.4,22.0,124.4,117.8,-7.5,55.9,already_rising,-2.162,-7.972,5.81,below,254.4,up,270.54,down/flat,bearish,23.1,18.49,6.45,green,just_flipped_green,none,-30.4,-5.01,upper,Y,N,Y,Y,rising,rising_slowly,14.46,N,N,N,354
GANDHAR,2026-04-02,46,123.2,126.52,132052,False,0.41,43.7,39.9,26.9,12.17,35.9,-33.5,-37.9,40.2,already_rising,-4.587,-4.632,0.045,below,129.62,down/flat,136.47,down/flat,bearish,20.6,6.09,4.81,red,none_recent,none,-31.4,-14.31,midband,N,N,N,Y,rising,flat/down,14.46,N,Y,Y,354
ATGL,2026-03-11,60,479.0,566.9,18960811,True,17.59,64.7,39.9,19.4,19.55,103.4,79.3,-0.0,87.2,already_rising,-10.588,-12.871,2.283,below,511.53,down/flat,533.18,down/flat,bearish,30.4,19.51,3.44,green,just_flipped_green,Bullish Marubozu;Morning Star,-28.96,-3.71,upper,Y,Y,N,Y,rising,flat/down,5.15,Y,Y,Y,354
TALBROAUTO,2026-04-27,31,277.0,295.37,378470,True,3.19,72.7,88.5,87.3,27.2,96.8,111.2,-6.6,84.8,already_rising,9.803,6.423,3.38,above,267.62,up,261.73,up,crossing/mixed,41.0,12.19,4.13,green,none_recent,Bullish Engulfing,-9.4,9.05,upper,Y,Y,Y,Y,declining,flat/down,4.74,Y,Y,N,354
539479,2026-02-09,79,60.0,60.65,170383,True,3.33,62.3,91.6,79.4,26.09,109.9,171.4,-1.7,75.4,already_rising,0.183,-1.05,1.233,above,53.75,up,56.2,down/flat,bearish,21.9,4.38,7.23,green,just_flipped_green,Hanging Man;Bullish Pin Bar,-36.97,-0.13,upper,Y,N,Y,Y,rising,turning_up,16.16,N,N,N,351
530145,2026-04-20,34,29.87,33.59,1043956,True,4.29,71.5,79.4,71.4,48.4,111.1,157.9,-7.3,79.1,already_rising,1.325,0.533,0.792,above,27.33,up,26.7,up,crossing/mixed,30.0,2.4,7.13,green,none_recent,none,-35.9,7.1,upper,Y,N,Y,Y,rising,flat/down,12.15,N,N,N,350
543619,2025-08-18,197,1168.75,1252.53,33200,True,5.2,70.8,91.1,75.4,18.17,126.0,220.9,-4.9,59.1,already_rising,17.294,4.46,12.834,above,1104.71,up,1064.93,up,n/a(short),20.8,50.27,4.01,green,just_flipped_green,Three White Soldiers,-1.03,,upper,Y,Y,N,Y,rising,turning_up,12.42,N,N,Y,351
HAPPYFORGE,2025-10-21,156,999.0,1014.2,122726,True,3.57,68.6,92.9,79.8,11.29,113.0,174.1,-11.8,82.9,already_rising,8.003,1.317,6.686,above,947.72,up,941.22,up,n/a(short),18.7,28.43,2.8,green,just_flipped_green,Three White Soldiers,-5.13,,upper,Y,Y,N,Y,rising,turning_up,9.1,Y,N,Y,354
CALSOFT,2026-05-07,23,22.69,22.91,660719,True,4.26,91.3,100.0,100.0,94.55,119.0,340.0,-0.0,97.5,already_rising,1.901,0.746,1.154,above,15.07,up,13.9,up,crossing/mixed,38.0,1.13,4.94,green,none_recent,Hanging Man;Bullish Pin Bar,0.0,61.11,upper,Y,N,Y,N,rising,turning_up,28.28,N,N,N,353
INNOVACAP,2026-04-15,38,698.0,734.65,80868,True,2.41,62.5,62.6,50.1,9.36,111.1,164.2,-19.3,46.7,turning_up,3.861,1.444,2.417,above,694.41,up,694.64,up,bearish,11.2,29.72,4.05,green,just_flipped_green,none,-28.02,-4.74,upper,Y,Y,Y,Y,declining,turning_up,4.29,Y,N,N,353
PFC,2026-01-28,89,362.45,383.05,12905737,True,2.14,61.9,52.4,39.0,8.33,98.1,45.6,-3.4,50.5,turning_up,2.375,2.22,0.155,above,365.57,down/flat,366.33,down/flat,bearish,21.3,9.78,2.55,green,none_recent,Bullish Marubozu,-13.75,-1.64,upper,Y,Y,N,Y,rising,rising_slowly,5.2,Y,N,N,354
AMBIKCO,2026-01-22,91,1134.9,1238.6,12932,False,2.2,53.3,26.0,14.8,12.59,63.7,45.1,-44.7,27.5,flat/down,-23.78,-21.896,-1.884,below,1210.26,down/flat,1254.17,down/flat,bearish,32.9,46.45,3.75,red,none_recent,Morning Star,-27.14,-10.45,midband,N,N,N,Y,rising,flat/down,11.21,N,N,Y,353
WABAG,2026-02-09,81,1221.0,1294.5,633102,True,1.83,65.8,89.2,87.1,22.45,107.7,93.9,-2.1,66.3,already_rising,-8.626,-34.148,25.522,below,1172.46,up,1228.27,down/flat,bearish,25.5,49.95,3.86,green,just_flipped_green,Morning Star,-22.95,-5.78,upper,Y,N,Y,Y,rising,turning_up,16.01,N,N,Y,354
EQUITASBNK,2025-10-24,154,58.22,59.73,4202432,True,1.41,66.7,82.3,76.0,8.31,107.7,101.1,-12.6,57.0,already_rising,0.637,0.356,0.281,above,56.99,up,56.92,up,crossing/mixed,21.0,1.51,2.53,green,none_recent,Bullish Engulfing;Outside Bar,-20.89,-2.06,upper,Y,Y,N,Y,rising,turning_up,7.77,Y,Y,Y,354
AVANTIFEED,2025-11-19,136,768.9,841.65,13209628,True,12.37,79.1,84.8,85.4,18.79,133.4,175.5,-9.0,93.1,already_rising,25.995,15.822,10.173,above,732.5,up,708.92,up,crossing/mixed,29.5,27.93,3.32,green,none_recent,none,-12.71,17.75,upper,Y,Y,Y,Y,rising,turning_up,6.79,Y,Y,N,353
TRITURBINE,2026-04-17,37,480.0,515.45,6236306,True,8.66,69.4,78.4,70.6,14.18,133.3,241.1,-16.8,85.8,already_rising,2.576,-3.822,6.398,above,467.94,up,475.91,up,bearish,17.3,20.41,3.96,green,just_flipped_green,none,-23.66,-1.47,upper,Y,Y,Y,Y,rising,turning_up,8.22,Y,N,N,354
540545,2025-10-23,152,21.78,23.0,226830,True,2.06,70.5,98.5,95.6,16.95,106.8,263.8,-3.9,51.4,already_rising,0.497,0.244,0.254,above,21.29,up,20.41,up,n/a(short),14.1,1.22,5.32,green,none_recent,Outside Bar,-0.65,,upper,Y,N,Y,N,rising,turning_up,14.13,N,Y,N,350
PANAMAPET,2026-05-06,24,282.65,293.85,144646,True,3.31,64.1,79.4,82.0,9.47,122.1,135.5,-19.0,79.1,already_rising,4.098,2.114,1.983,above,275.81,up,275.07,up,crossing/mixed,17.2,11.36,3.87,green,none_recent,none,-27.25,-0.55,upper,Y,Y,Y,Y,rising,turning_up,7.49,Y,N,N,353
THYROCARE,2026-05-04,26,400.65,420.4,718270,True,2.26,65.7,54.6,55.6,9.69,112.1,89.3,-33.5,69.7,turning_up,7.215,5.238,1.977,above,396.38,up,395.15,up,crossing/mixed,27.0,14.73,3.5,green,none_recent,Outside Bar;Morning Star,-21.66,4.97,upper,Y,Y,Y,Y,declining,flat/down,5.47,Y,Y,N,354
AEQUS,2026-04-10,41,125.88,143.97,9175827,True,7.28,68.6,68.4,64.1,18.39,141.6,126.0,-18.8,75.1,already_rising,-0.782,-2.999,2.217,below,126.97,up,131.37,down/flat,n/a(short),21.5,6.56,4.55,green,just_flipped_green,Morning Star,-12.96,,upper,Y,Y,Y,Y,declining,turning_up,6.98,Y,N,N,123
RML,2026-04-06,45,670.0,687.35,12534,False,0.52,40.8,31.6,21.6,34.87,30.4,-68.7,-60.3,22.8,turning_up,-37.215,-31.091,-6.125,below,721.11,down/flat,759.13,down/flat,bearish,34.2,33.78,4.91,red,none_recent,Three White Soldiers,-34.48,-13.39,lower,N,N,N,Y,declining,turning_up,15.98,N,N,N,354
MMFL,2026-01-02,106,359.4,394.45,1047628,True,4.06,73.1,53.1,37.0,10.56,131.1,77.1,-12.9,86.3,already_rising,10.064,10.281,-0.217,above,360.13,up,343.8,up,crossing/mixed,42.3,14.56,3.69,green,none_recent,Bullish Engulfing,-16.43,13.52,upper,Y,Y,N,Y,declining,turning_up,6.03,Y,Y,N,354
SERVOTECH,2026-02-03,85,77.8,84.19,8113392,True,8.04,68.0,58.1,31.9,42.6,102.6,113.4,-12.2,81.0,already_rising,-2.931,-4.916,1.986,below,69.52,down/flat,78.98,down/flat,bearish,39.0,5.03,5.98,green,just_flipped_green,none,-50.04,-22.93,upper,Y,N,N,Y,rising,turning_up,26.48,N,N,N,354
DCMSIL,2026-02-19,72,57.56,57.56,12336,False,,100.0,,,,,,,,already_rising,,,,below,,down/flat,,down/flat,n/a(short),,,,red,just_flipped_red,Doji,0.0,,n/a,Y,N,N,N,flat,flat/down,,N,N,N,75
