symbol,name,exchange,yahoo_ticker,close,rsi,adx,macd_hist,vol_spike,dist_52wh_pct,adv_value_cr,atr_pct,prime_score,not_extended,checks
PGEL,PG Electroplast Limited,NSE,PGEL.NS,562.5,63.6,27.4,1.824,0.79,-32.75,138.23,2.92,7,True,111010111
PCBL,PCBL Chemical Limited,NSE,PCBL.NS,321.15,65.9,31.8,0.888,1.24,-26.56,47.69,2.99,7,True,110011111
PIXTRANS,Pix Transmissions Limited,NSE,PIXTRANS.NS,1810.6,68.1,44.5,18.576,12.28,-6.19,18.99,3.59,8,True,110111111
PIRAMALFIN,Piramal Finance Limited,NSE,PIRAMALFIN.NS,2137.7,60.0,23.8,5.01,1.09,-3.71,119.02,2.97,7,False,111011101
PGIL,Pearl Global Industries Limited,NSE,PGIL.NS,2016.3,66.4,51.7,22.117,1.05,-4.7,29.27,4.28,7,False,110011111
PIDILITIND,Pidilite Industries Limited,NSE,PIDILITIND.NS,1598.0,67.4,41.6,-1.173,1.59,-1.69,143.83,1.78,6,True,100111110
PCJEWELLER,PC Jeweller Limited,NSE,PCJEWELLER.NS,10.3,74.1,17.9,0.132,12.79,-47.58,73.63,3.83,7,True,110111110
PHOENIXLTD,The Phoenix Mills Limited,NSE,PHOENIXLTD.NS,2047.6,77.4,32.9,17.506,3.26,-0.6,93.4,2.49,6,True,010111110
PGHL,Procter & Gamble Health Limited,NSE,PGHL.NS,6349.0,62.7,49.1,-19.408,0.81,-5.79,15.6,2.27,6,True,100011111
20MICRONS,20 Microns Limited,NSE,20MICRONS.NS,204.36,61.6,40.7,0.683,0.67,-28.02,7.56,4.19,7,True,110011111
PFS,PTC India Financial Services Limited,NSE,PFS.NS,31.27,55.0,29.2,0.026,1.92,-28.92,2.28,2.5,7,True,011111101
PICCADIL,Piccadily Agro Industries Limited,NSE,PICCADIL.NS,647.35,75.9,21.2,7.183,4.99,-19.63,10.59,2.79,8,True,011111111
PDSL,PDS Limited,NSE,PDSL.NS,366.65,69.4,38.5,2.038,2.21,-15.5,6.5,4.0,8,True,110111111
PAYTM,One 97 Communications Limited,NSE,PAYTM.NS,1221.4,70.2,17.7,15.494,2.85,-11.61,311.95,2.82,8,True,110111111
PPL,Prakash Pipes Limited,NSE,PPL.NS,285.45,62.1,37.2,2.882,14.19,-28.64,7.32,5.55,8,True,110111111
PPLPHARMA,Piramal Pharma Limited,NSE,PPLPHARMA.NS,175.95,61.8,18.8,0.985,4.53,-20.33,127.18,3.44,9,True,111111111
POONAWALLA,Poonawalla Fincorp Limited,NSE,POONAWALLA.NS,460.95,72.1,22.5,5.11,1.3,-19.19,80.18,2.91,8,True,111011111
PNBHOUSING,PNB Housing Finance Limited,NSE,PNBHOUSING.NS,1064.4,63.2,21.6,5.442,1.69,-4.67,91.87,2.52,9,True,111111111
PNBGILTS,PNB Gilts Limited,NSE,PNBGILTS.NS,90.63,56.1,38.4,-0.667,0.88,-24.35,25.05,4.18,6,True,100011111
PNGSREVA,PNGS Reva Diamond Jewellery Limited,NSE,PNGSREVA.NS,422.05,66.0,18.1,3.628,0.74,-11.47,9.57,3.67,6,False,111001101
PNCINFRA,PNC Infratech Limited,NSE,PNCINFRA.NS,236.0,67.2,26.0,1.25,1.13,-28.87,11.73,2.9,7,True,111010111
PNGJL,P N Gadgil Jewellers Limited,NSE,PNGJL.NS,569.35,57.8,13.9,3.96,1.84,-22.68,20.23,2.82,6,True,110111001
POCL,Pondy Oxides & Chemicals Limited,NSE,POCL.NS,1420.4,62.1,13.7,11.877,4.31,-12.27,55.4,3.63,7,True,110110111
POLYCAB,Polycab India Limited,NSE,POLYCAB.NS,9548.5,48.9,22.1,-58.002,3.44,-5.7,339.06,2.45,7,True,001111111
POLICYBZR,PB Fintech Limited,NSE,POLICYBZR.NS,1591.2,44.6,19.4,5.543,11.16,-19.39,341.54,3.51,6,True,011110101
POKARNA,Pokarna Limited,NSE,POKARNA.NS,1024.2,61.4,35.7,1.449,1.21,-10.64,8.78,4.38,7,True,110011111
POLYMED,Poly Medicure Limited,NSE,POLYMED.NS,1677.8,61.4,36.9,10.702,1.93,-26.41,27.03,3.93,8,True,110111111
PATELRMART,Patel Retail Limited,NSE,PATELRMART.NS,236.32,70.0,23.3,0.649,11.83,-22.52,4.78,4.1,9,True,111111111
POLYPLEX,Polyplex Corporation Limited,NSE,POLYPLEX.NS,1017.15,63.8,36.7,4.295,1.51,-16.21,13.96,3.68,8,True,110111111
ONMOBILE,OnMobile Global Limited,NSE,ONMOBILE.NS,80.03,91.2,40.7,2.834,16.03,-4.73,3.87,4.4,7,False,010111111
ONIDA,Onida Electronics Limited,NSE,ONIDA.NS,44.36,65.1,20.0,0.397,0.32,-9.89,9.52,4.66,8,False,111011111
ORCHPHARMA,Orchid Pharma Limited,NSE,ORCHPHARMA.NS,956.4,59.3,53.0,-11.093,1.0,-12.58,10.15,4.85,6,False,100011111
OMNI,Omnitech Engineering Limited,NSE,OMNI.NS,508.65,54.7,37.0,0.583,2.52,-13.8,29.01,6.17,6,False,010111101
ONWARDTEC,Onward Technologies Limited,NSE,ONWARDTEC.NS,281.15,59.3,29.9,2.598,2.89,-26.97,9.39,4.22,9,True,111111111
NUVAMA,Nuvama Wealth Management Limited,NSE,NUVAMA.NS,1887.5,79.5,46.2,9.134,3.12,-3.45,99.68,2.99,7,False,010111111
OPTIEMUS,Optiemus Infracom Limited,NSE,OPTIEMUS.NS,521.55,75.5,38.6,6.331,4.33,-26.85,10.01,4.42,7,True,010111111
NYKAA,FSN E-Commerce Ventures Limited,NSE,NYKAA.NS,310.3,68.7,39.4,1.555,4.15,-2.08,194.91,2.49,7,False,110111110
OBEROIRLTY,Oberoi Realty Limited,NSE,OBEROIRLTY.NS,1934.4,81.0,31.1,22.059,2.55,-0.51,80.49,2.47,6,True,010111110
OLAELEC,Ola Electric Mobility Limited,NSE,OLAELEC.NS,44.48,57.4,23.6,-0.077,3.47,-37.57,552.46,4.97,7,True,101111110
OFSS,Oracle Financial Services Software Limited,NSE,OFSS.NS,11248.0,74.2,27.3,111.425,1.55,-0.27,300.96,3.05,8,False,111111110
OLECTRA,Olectra Greentech Limited,NSE,OLECTRA.NS,1490.0,62.1,28.5,3.07,1.52,-13.08,138.59,3.96,9,True,111111111
PARACABLES,Paramount Communications Limited,NSE,PARACABLES.NS,71.12,57.7,21.1,-0.272,1.38,-6.05,28.73,5.68,7,False,101011111
ORIENTHOT,Oriental Hotels Limited,NSE,ORIENTHOT.NS,139.26,70.3,39.3,0.974,1.4,-17.59,13.96,4.63,7,False,110011111
PATELENG,Patel Engineering Limited,NSE,PATELENG.NS,34.01,67.2,37.4,0.261,1.84,-20.48,23.49,3.86,8,True,110111111
OMAXAUTO,Omax Autos Limited,NSE,OMAXAUTO.NS,231.05,55.3,19.4,-1.119,0.51,-12.28,4.82,4.84,6,False,101001111
PARKHOSPS,Park Medi World Limited,NSE,PARKHOSPS.NS,294.8,59.9,27.5,0.515,2.14,-3.34,23.75,4.01,8,False,111111101
PARAGMILK,Parag Milk Foods Limited,NSE,PARAGMILK.NS,238.12,58.7,21.3,0.081,1.03,-36.83,13.36,3.24,7,True,111011110
PARADEEP,Paradeep Phosphates Limited,NSE,PARADEEP.NS,146.59,73.4,24.1,0.897,3.32,-37.46,69.3,2.86,8,True,111111110
PARAS,Paras Defence and Space Technologies Limited,NSE,PARAS.NS,1294.0,62.2,40.8,-7.108,1.65,-10.33,425.58,5.47,6,False,100110111
PANACEABIO,Panacea Biotec Limited,NSE,PANACEABIO.NS,551.2,60.2,44.0,-5.165,1.07,-14.81,50.16,5.68,6,False,100011111
PACEDIGITK,Pace Digitek Limited,NSE,PACEDIGITK.NS,214.8,66.8,20.0,2.076,1.44,-7.39,72.6,4.17,7,False,111011101
PAISALO,Paisalo Digital Limited,NSE,PAISALO.NS,71.87,84.0,57.9,1.032,6.42,-4.05,79.76,3.63,7,False,010111111
PREMEXPLN,Premier Explosives Limited,NSE,PREMEXPLN.NS,782.05,61.7,33.5,-1.51,2.59,-5.75,88.81,5.11,7,False,100111111
RGL,Renaissance Global Limited,NSE,RGL.NS,121.35,71.8,33.7,0.966,0.71,-17.95,8.3,3.31,7,True,110011111
PAGEIND,Page Industries Limited,NSE,PAGEIND.NS,42800.0,67.9,37.0,278.971,2.94,-13.33,115.98,2.57,8,True,110111111
RESPONIND,Responsive Industries Limited,NSE,RESPONIND.NS,212.87,70.5,37.0,1.496,1.1,-15.19,6.5,4.44,6,True,110010111
RISHABH,Rishabh Instruments Limited,NSE,RISHABH.NS,649.45,74.8,33.2,5.503,5.46,-4.21,13.69,4.24,8,False,110111111
RICOAUTO,Rico Auto Industries Limited,NSE,RICOAUTO.NS,137.15,55.3,26.6,-1.017,0.91,-12.64,46.86,4.53,6,True,101010111
RIIL,Reliance Industrial Infrastructure Limited,NSE,RIIL.NS,810.3,49.6,45.6,-5.65,3.45,-16.9,11.74,3.31,6,True,000111111
RITES,RITES Limited,NSE,RITES.NS,218.17,55.7,28.0,1.64,34.75,-26.79,63.26,3.57,8,True,111111101
REPCOHOME,Repco Home Finance Limited,NSE,REPCOHOME.NS,433.35,73.9,29.2,4.411,1.77,-6.7,7.76,2.97,9,True,111111111
REDINGTON,Redington Limited,NSE,REDINGTON.NS,275.0,61.7,42.1,-0.358,1.05,-14.21,131.65,3.57,6,True,100011111
RECLTD,REC Limited,NSE,RECLTD.NS,365.15,58.0,25.2,0.743,1.82,-10.56,206.48,2.07,9,True,111111111
REFEX,Refex Industries Limited,NSE,REFEX.NS,358.4,69.3,46.0,1.169,1.34,-23.42,53.2,3.84,7,True,110011111
RELAXO,Relaxo Footwears Limited,NSE,RELAXO.NS,397.15,64.2,41.7,1.893,3.17,-24.5,51.38,4.38,8,True,110111111
RELTD,Ravindra Energy Limited,NSE,RELTD.NS,167.68,67.4,35.3,1.153,0.84,-12.56,13.07,5.48,7,True,110011111
REDTAPE,Redtape Limited,NSE,REDTAPE.NS,139.18,60.1,27.5,0.264,0.46,-14.87,13.71,3.21,8,True,111011111
RML,Rane (Madras) Limited,NSE,RML.NS,1206.8,75.4,48.4,15.39,3.48,-4.59,11.16,4.14,7,False,010111111
RELIGARE,Religare Enterprises Limited,NSE,RELIGARE.NS,262.85,62.2,41.5,0.288,0.73,-10.9,30.66,3.17,7,True,110011111
RPTECH,Rashi Peripherals Limited,NSE,RPTECH.NS,757.95,66.1,47.3,1.898,0.98,-6.75,98.82,5.17,7,False,110011111
RUPA,Rupa & Company Limited,NSE,RUPA.NS,175.53,73.2,43.4,0.92,13.55,-24.63,4.32,3.35,8,True,110111111
RRKABEL,R R Kabel Limited,NSE,RRKABEL.NS,2343.3,59.4,46.7,-14.416,2.73,-8.07,169.92,3.85,6,False,100110111
ROLEXRINGS,Rolex Rings Limited,NSE,ROLEXRINGS.NS,142.02,44.8,23.3,0.226,1.65,-19.31,19.78,2.55,8,True,011111111
ROTO,Roto Pumps Limited,NSE,ROTO.NS,71.23,63.1,37.5,0.111,0.9,-34.95,33.75,4.74,7,True,110011111
RBA,Restaurant Brands Asia Limited,NSE,RBA.NS,75.72,57.5,40.3,-0.027,2.08,-13.61,51.68,3.02,6,True,100110111
ROUTE,ROUTE MOBILE LIMITED,NSE,ROUTE.NS,553.45,62.0,15.8,1.175,2.11,-46.47,11.84,3.07,6,True,110111100
RPEL,Raghav Productivity Enhancers Limited,NSE,RPEL.NS,1261.5,71.0,42.7,-4.115,0.76,-3.61,17.56,3.71,6,False,100011111
RBLBANK,RBL Bank Limited,NSE,RBLBANK.NS,361.1,50.8,19.6,-2.774,2.18,-5.4,192.0,2.64,6,True,001110111
RPGLIFE,RPG Life Sciences Limited,NSE,RPGLIFE.NS,2415.8,68.6,25.5,12.894,0.36,-11.35,11.55,3.24,8,True,111011111
PURVA,Puravankara Limited,NSE,PURVA.NS,221.57,58.2,23.2,0.46,1.11,-27.35,9.11,3.07,6,True,111001101
PUNJABCHEM,Punjab Chemicals & Crop Protection Limited,NSE,PUNJABCHEM.NS,1078.3,57.5,29.6,8.871,7.01,-35.28,2.18,4.53,7,True,111111100
QUESS,Quess Corp Limited,NSE,QUESS.NS,290.85,85.5,52.0,3.041,2.79,-9.36,32.95,3.86,7,False,010111111
PSPPROJECT,PSP Projects Limited,NSE,PSPPROJECT.NS,1025.8,69.5,40.9,3.833,1.63,-2.36,12.91,3.77,7,False,110111110
PWL,Physicswallah Limited,NSE,PWL.NS,130.16,65.9,32.9,1.09,0.87,-19.65,109.41,4.23,6,False,110011101
QUADFUTURE,Quadrant Future Tek Limited,NSE,QUADFUTURE.NS,469.8,74.0,54.9,2.271,0.78,-11.53,38.05,4.68,7,False,110011111
PRESTIGE,Prestige Estates Projects Limited,NSE,PRESTIGE.NS,1668.0,75.2,30.8,16.395,2.58,-8.05,100.58,2.88,7,True,010111111
PSB,Punjab & Sind Bank,NSE,PSB.NS,24.75,54.0,18.8,0.006,2.0,-26.21,4.27,2.58,6,True,011110101
PRUDENT,Prudent Corporate Advisory Services Limited,NSE,PRUDENT.NS,3003.0,59.3,23.1,-6.399,1.24,-4.97,7.99,2.99,6,True,101010111
PRICOLLTD,Pricol Limited,NSE,PRICOLLTD.NS,621.7,69.3,26.2,6.091,2.32,-10.44,48.56,2.87,9,True,111111111
RAMCOIND,Ramco Industries Limited,NSE,RAMCOIND.NS,336.1,63.4,28.9,2.866,2.63,-15.56,25.83,4.08,9,True,111111111
RANEHOLDIN,Rane Holdings Limited,NSE,RANEHOLDIN.NS,1743.3,69.7,53.8,6.446,1.06,-3.04,7.43,4.23,7,False,110011111
PRIVISCL,Privi Speciality Chemicals Limited,NSE,PRIVISCL.NS,3694.9,65.6,29.9,18.873,1.18,-1.73,32.78,2.82,7,False,111011110
RACLGEAR,RACL Geartech Limited,NSE,RACLGEAR.NS,1377.5,57.1,25.4,6.912,5.46,-18.58,4.0,4.76,9,True,111111111
RAMCOCEM,The Ramco Cements Limited,NSE,RAMCOCEM.NS,947.55,64.4,25.0,8.706,3.32,-21.98,24.99,2.62,7,True,111111001
RAMCOSYS,Ramco Systems Limited,NSE,RAMCOSYS.NS,799.6,79.4,53.8,17.787,13.23,-7.95,163.99,5.63,7,False,010111111
RAYMONDREL,Raymond Realty Limited,NSE,RAYMONDREL.NS,676.0,65.4,36.1,0.218,3.29,-28.16,91.57,4.75,8,False,110111111
RAINBOW,Rainbow Childrens Medicare Limited,NSE,RAINBOW.NS,1440.0,62.8,27.7,-3.858,1.0,-12.5,18.62,2.5,6,True,101010111
RADICO,Radico Khaitan Limited,NSE,RADICO.NS,3892.3,67.5,45.0,16.425,2.12,-2.36,128.17,2.23,7,False,110111110
RAJRATAN,Rajratan Global Wire Limited,NSE,RAJRATAN.NS,453.05,57.5,20.0,-0.625,0.81,-16.1,3.0,3.62,7,True,101011111
MANKIND,Mankind Pharma Limited,NSE,MANKIND.NS,2528.6,61.0,30.3,5.536,1.23,-6.92,149.88,2.6,6,True,110010111
MASFIN,MAS Financial Services Limited,NSE,MASFIN.NS,322.05,59.2,13.3,1.34,1.97,-10.25,4.66,2.91,6,True,110101011
MANORAMA,Manorama Industries Limited,NSE,MANORAMA.NS,1562.4,53.8,25.3,-1.72,2.52,-11.23,28.21,3.69,7,True,001111111
MARKOLINES,Markolines Pavement Technologies Limited,NSE,MARKOLINES.NS,187.62,76.2,28.8,1.695,1.9,-2.15,7.68,2.95,6,False,011111100
MAPMYINDIA,C.E. Info Systems Limited,NSE,MAPMYINDIA.NS,938.35,62.4,18.0,8.415,5.73,-53.04,48.56,4.29,6,True,111111000
MANGLMCEM,Mangalam Cement Limited,NSE,MANGLMCEM.NS,926.4,66.0,29.2,5.22,3.5,-4.29,6.88,2.93,9,True,111111111
MARICO,Marico Limited,NSE,MARICO.NS,838.55,57.1,29.4,2.985,3.6,-3.95,164.24,2.07,9,True,111111111
MAMATA,Mamata Machinery Limited,NSE,MAMATA.NS,409.0,59.4,21.4,4.438,1.12,-24.4,3.43,2.96,8,True,111011111
MAHSCOOTER,Maharashtra Scooters Limited,NSE,MAHSCOOTER.NS,13014.0,62.5,13.4,53.496,1.04,-29.8,5.74,2.44,6,True,110011101
MANCREDIT,Mangal Credit and Fincorp Limited,NSE,MANCREDIT.NS,245.33,74.5,48.6,0.799,4.59,-7.42,5.56,5.17,8,False,110111111
MARINE,Marine Electricals (India) Limited,NSE,MARINE.NS,280.3,61.7,40.3,1.161,1.16,-5.91,21.63,4.96,7,False,110011111
MANAPPURAM,Manappuram Finance Limited,NSE,MANAPPURAM.NS,328.2,59.2,12.3,0.52,1.89,-2.18,112.11,2.95,7,True,110111110
MARUTI,Maruti Suzuki India Limited,NSE,MARUTI.NS,14366.0,66.5,15.8,101.721,3.2,-17.29,635.57,2.21,8,True,110111111
MEDIASSIST,Medi Assist Healthcare Services Limited,NSE,MEDIASSIST.NS,374.7,57.1,15.5,0.996,3.02,-36.93,6.09,3.27,6,True,110111100
MEESHO,Meesho Limited,NSE,MEESHO.NS,186.68,55.4,27.4,1.804,1.11,-26.62,671.07,4.28,7,False,111011101
MANAKCOAT,Manaksia Coated Metals & Industries Limited,NSE,MANAKCOAT.NS,118.16,65.9,21.9,0.754,4.42,-35.37,2.93,3.94,7,True,111111100
MCX,Multi Commodity Exchange of India Limited,NSE,MCX.NS,2814.0,44.3,20.4,10.723,2.68,-19.14,980.94,3.59,6,True,011101011
METROPOLIS,Metropolis Healthcare Limited,NSE,METROPOLIS.NS,556.0,58.6,20.6,-0.039,2.22,-7.33,26.53,3.74,7,True,101110111
MEDANTA,Global Health Limited,NSE,MEDANTA.NS,1350.7,73.8,41.6,5.031,0.84,-7.26,32.05,2.3,7,True,110011111
MAYURUNIQ,Mayur Uniquoters Ltd,NSE,MAYURUNIQ.NS,882.15,71.7,42.9,2.153,1.39,-2.74,24.41,4.0,6,False,110011110
MCLOUD,Magellanic Cloud Limited,NSE,MCLOUD.NS,31.91,66.3,35.3,0.451,3.57,-69.73,26.19,6.35,6,True,110111100
MAXHEALTH,Max Healthcare Institute Limited,NSE,MAXHEALTH.NS,1153.4,70.0,34.5,8.685,1.55,-12.24,273.25,2.51,8,True,110111111
MBEL,M & B Engineering Limited,NSE,MBEL.NS,325.25,64.2,26.4,3.01,2.36,-39.31,5.27,3.72,7,True,111111100
MBAPL,Madhya Bharat Agro Products Limited,NSE,MBAPL.NS,125.15,74.5,23.1,0.962,2.51,-1.42,11.32,3.74,8,False,111111110
MAHLIFE,Mahindra Lifespace Developers Limited,NSE,MAHLIFE.NS,369.95,69.4,27.9,1.94,1.66,-13.37,6.05,2.55,9,True,111111111
MAHLOG,Mahindra Logistics Limited,NSE,MAHLOG.NS,394.6,67.4,31.2,4.296,6.22,-12.31,6.69,3.3,8,True,110111111
LICI,Life Insurance Corporation Of India,NSE,LICI.NS,430.25,57.6,30.9,0.213,0.95,-10.5,187.01,2.13,6,True,110010111
LINDEINDIA,Linde India Limited,NSE,LINDEINDIA.NS,7178.5,51.0,19.4,15.803,4.77,-10.82,30.18,2.67,8,True,011111111
LENSKART,Lenskart Solutions Limited,NSE,LENSKART.NS,533.0,65.4,14.7,2.672,1.04,-4.42,357.73,2.84,6,False,110011101
LICHSGFIN,LIC Housing Finance Limited,NSE,LICHSGFIN.NS,553.7,52.0,17.0,0.566,3.4,-14.35,88.63,2.29,6,True,010101111
LLOYDSENT,Lloyds Enterprises Limited,NSE,LLOYDSENT.NS,75.35,58.2,21.2,-0.135,0.94,-21.84,26.46,4.2,6,True,101010111
LANDMARK,Landmark Cars Limited,NSE,LANDMARK.NS,449.4,61.5,44.9,-0.358,1.94,-32.2,6.48,4.31,7,True,100111111
LEMONTREE,Lemon Tree Hotels Limited,NSE,LEMONTREE.NS,118.95,59.7,18.1,0.624,1.09,-34.17,37.68,2.58,7,True,111011101
LAURUSLABS,Laurus Labs Limited,NSE,LAURUSLABS.NS,1542.3,71.9,41.0,5.864,5.32,-0.82,313.57,2.56,7,False,110111110
LODHA,Lodha Developers Limited,NSE,LODHA.NS,1057.0,74.9,27.5,11.955,3.23,-27.68,225.11,2.96,9,True,111111111
LLOYDSME,Lloyds Metals And Energy Limited,NSE,LLOYDSME.NS,1777.0,52.8,19.8,2.823,1.97,-5.91,98.15,3.08,7,True,011101111
MAHABANK,Bank of Maharashtra,NSE,MAHABANK.NS,88.53,55.0,28.4,-0.194,3.04,-6.32,137.77,2.88,8,False,101111111
M&MFIN,Mahindra & Mahindra Financial Services Limited,NSE,M&MFIN.NS,334.05,67.1,14.7,3.617,3.29,-18.96,116.77,3.25,8,True,110111111
LXCHEM,Laxmi Organic Industries Limited,NSE,LXCHEM.NS,161.48,57.9,22.4,0.288,0.91,-33.0,30.23,3.64,7,True,111010111
MACPOWER,Macpower CNC Machines Limited,NSE,MACPOWER.NS,1422.2,78.0,36.1,36.7,13.2,-2.13,5.78,4.74,6,False,010111110
LTF,L&T Finance Limited,NSE,LTF.NS,327.0,76.6,29.1,3.839,4.83,-0.74,161.33,2.67,7,True,011111110
LOTUSDEV,Sri Lotus Developers and Realty Limited,NSE,LOTUSDEV.NS,148.73,58.4,18.2,0.578,2.62,-31.93,8.5,3.11,8,True,111111101
LUPIN,Lupin Limited,NSE,LUPIN.NS,2476.0,72.6,26.2,13.595,1.87,-0.72,253.47,1.9,8,True,111111110
NESTLEIND,Nestle India Limited,NSE,NESTLEIND.NS,1459.8,62.4,18.4,6.774,1.72,-2.56,282.21,2.0,7,True,111101110
NEULANDLAB,Neuland Laboratories Limited,NSE,NEULANDLAB.NS,18944.0,74.6,33.8,120.871,1.24,-4.07,103.03,2.81,7,False,110011111
NETWEB,Netweb Technologies India Limited,NSE,NETWEB.NS,4427.4,45.5,23.1,-86.167,1.53,-15.57,883.02,4.96,6,False,001110111
NEOGEN,Neogen Chemicals Limited,NSE,NEOGEN.NS,1968.3,56.8,25.8,-7.906,7.91,-5.82,20.4,4.1,8,False,101111111
NELCO,NELCO Limited,NSE,NELCO.NS,929.55,71.9,46.0,7.173,1.17,-9.73,39.18,4.31,7,False,110011111
NELCAST,Nelcast Limited,NSE,NELCAST.NS,142.78,56.0,30.3,0.607,13.13,-21.07,4.3,4.62,8,True,110111111
NHPC,NHPC Limited,NSE,NHPC.NS,80.53,59.2,25.8,0.571,2.96,-10.27,223.34,2.45,9,True,111111111
NAVKARCORP,Navkar Corporation Limited,NSE,NAVKARCORP.NS,110.97,61.3,33.7,0.342,1.23,-20.85,6.86,4.21,7,True,110011111
NAVNETEDUL,Navneet Education Limited,NSE,NAVNETEDUL.NS,150.09,66.4,27.2,1.12,4.02,-10.93,2.47,2.46,9,True,111111111
NAZARA,Nazara Technologies Limited,NSE,NAZARA.NS,305.65,65.1,33.5,0.489,1.33,-15.86,94.29,2.84,7,True,110011111
NAVINFLUOR,Navin Fluorine International Limited,NSE,NAVINFLUOR.NS,7552.5,57.5,29.0,-1.028,1.31,-3.3,147.2,2.68,6,True,101010111
NDRAUTO,Ndr Auto Components Limited,NSE,NDRAUTO.NS,887.8,65.9,22.6,4.532,3.54,-27.23,3.58,3.8,8,True,111110111
NIACL,The New India Assurance Company Limited,NSE,NIACL.NS,185.82,58.4,29.0,0.065,1.71,-14.76,145.54,4.83,8,True,111110111
NH,Narayana Hrudayalaya Ltd.,NSE,NH.NS,2002.8,61.8,13.3,7.261,2.65,-4.32,65.79,2.58,7,True,110110111
NORTHARC,Northern Arc Capital Limited,NSE,NORTHARC.NS,307.25,61.0,36.7,0.924,1.53,-4.49,23.96,3.83,8,True,110111111
NPST,Network People Services Technologies Limited,NSE,NPST.NS,1744.0,69.6,32.7,-1.757,2.61,-26.98,6.8,5.57,7,True,100111111
NOCIL,NOCIL Limited,NSE,NOCIL.NS,184.24,61.3,28.4,1.104,0.67,-9.91,25.39,3.68,7,True,111010111
NRBBEARING,NRB Bearing Limited,NSE,NRBBEARING.NS,423.15,56.1,35.9,-3.683,2.93,-9.51,48.56,4.82,7,False,100111111
NIITLTD,NIIT Limited,NSE,NIITLTD.NS,103.48,61.0,39.7,-0.511,1.73,-20.94,27.26,5.68,7,True,100111111
NITCO,Nitco Limited,NSE,NITCO.NS,116.39,68.0,28.5,0.866,1.27,-29.01,16.06,4.95,7,True,111010111
MOLDTKPAC,Mold-Tek Packaging Limited,NSE,MOLDTKPAC.NS,704.85,56.0,28.8,-0.839,1.81,-21.06,12.22,3.83,8,True,101111111
MOSCHIP,Moschip Technologies Limited,NSE,MOSCHIP.NS,223.55,62.3,19.9,0.432,4.87,-22.5,64.76,3.87,9,True,111111111
MOREPENLAB,Morepen Laboratories Limited,NSE,MOREPENLAB.NS,59.07,67.9,42.0,0.743,5.41,-11.04,50.58,4.61,8,False,110111111
MOTILALOFS,Motilal Oswal Financial Services Limited,NSE,MOTILALOFS.NS,968.35,68.4,31.6,1.038,1.03,-11.74,92.96,2.6,7,True,110011111
MONARCH,Monarch Networth Capital Limited,NSE,MONARCH.NS,345.85,57.2,19.5,-1.323,0.46,-13.28,4.94,3.28,7,True,101011111
MMFL,MM Forgings Limited,NSE,MMFL.NS,502.1,68.2,13.1,4.131,8.82,-4.72,4.73,3.78,8,True,110111111
MINDACORP,Minda Corporation Limited,NSE,MINDACORP.NS,703.15,74.8,46.5,1.473,1.5,-1.47,37.34,2.88,6,False,110011110
MIDHANI,Mishra Dhatu Nigam Limited,NSE,MIDHANI.NS,427.85,52.3,26.6,-2.239,0.75,-6.58,56.57,3.61,6,True,001011111
MWL,Mangalam Worldwide Limited,NSE,MWL.NS,376.0,57.4,33.5,-1.31,2.21,-4.93,2.64,2.62,6,False,100110111
MUTHOOTMF,Muthoot Microfin Limited,NSE,MUTHOOTMF.NS,221.47,68.4,33.8,1.424,2.47,-4.08,8.67,3.93,8,False,110111111
NACLIND,NACL Industries Limited,NSE,NACLIND.NS,218.4,67.4,29.0,2.748,11.47,-35.66,29.55,6.05,8,False,111111110
NARMADA,Narmada Agrobase Limited,NSE,NARMADA.NS,36.34,46.7,28.7,-0.347,3.68,-19.55,4.51,6.95,6,True,001101111
NAM-INDIA,Nippon Life India Asset Management Limited,NSE,NAM-INDIA.NS,1218.2,66.9,31.0,4.113,1.37,-1.24,114.87,2.73,6,False,110011110
MPSLTD,MPS Limited,NSE,MPSLTD.NS,1896.1,62.4,44.2,5.264,2.02,-36.27,3.76,3.33,6,True,110111100
MSPL,MSP Steel & Power Limited,NSE,MSPL.NS,42.81,56.4,21.1,-0.112,0.69,-7.18,11.01,4.04,6,True,101010111
MUFIN,Mufin Green Finance Limited,NSE,MUFIN.NS,135.04,68.7,19.3,0.537,2.34,-2.14,20.41,2.78,8,False,111111110
MSUMI,Motherson Sumi Wiring India Limited,NSE,MSUMI.NS,41.3,61.6,21.0,0.425,1.74,-22.93,58.94,2.86,8,True,111111101
RUSTOMJEE,Keystone Realtors Limited,NSE,RUSTOMJEE.NS,432.75,65.9,24.5,5.303,31.36,-37.28,8.91,3.73,7,True,111111100
MRF,MRF Limited,NSE,MRF.NS,134655.0,63.9,21.2,577.386,2.42,-17.69,92.1,2.06,6,True,111101001
MUNJALAU,Munjal Auto Industries Limited,NSE,MUNJALAU.NS,99.39,57.5,31.8,-0.099,12.26,-13.23,5.77,4.73,7,True,100111111
TRIVENI,Triveni Engineering & Industries Limited,NSE,TRIVENI.NS,458.65,73.9,41.7,6.167,8.42,-3.35,19.2,3.52,8,False,110111111
TSFINV,TSF INVESTMENTS LIMITED,NSE,TSFINV.NS,455.5,72.8,24.6,6.688,13.41,-35.07,5.82,3.31,8,True,111111110
TVSELECT,TVS Electronics Limited,NSE,TVSELECT.NS,506.35,60.1,30.4,3.38,1.13,-31.51,6.49,4.44,7,True,110011111
TVSMOTOR,TVS Motor Company Limited,NSE,TVSMOTOR.NS,3627.4,62.8,12.9,21.209,3.67,-8.63,383.65,2.34,7,True,110110111
TVSHLTD,TVS Holdings Limited,NSE,TVSHLTD.NS,14085.0,60.6,19.9,101.742,1.71,-13.57,5.39,2.38,8,True,111111011
TVSSCS,TVS Supply Chain Solutions Limited,NSE,TVSSCS.NS,136.41,59.8,26.4,-0.279,1.88,-4.14,7.93,3.77,8,True,101111111
TORNTPHARM,Torrent Pharmaceuticals Limited,NSE,TORNTPHARM.NS,4768.3,71.2,22.8,21.663,4.65,-0.31,198.58,2.18,8,True,111111110
TVSSRICHAK,TVS Srichakra Limited,NSE,TVSSRICHAK.NS,4229.0,60.0,28.9,7.849,2.21,-11.45,2.54,3.27,9,True,111111111
TTKPRESTIG,TTK Prestige Limited,NSE,TTKPRESTIG.NS,624.25,69.0,48.5,8.392,1.49,-19.05,23.79,3.79,7,True,110011111
TRIDENT,Trident Limited,NSE,TRIDENT.NS,26.73,63.2,25.8,0.126,1.5,-20.59,17.05,2.62,9,True,111111111
TRAVELFOOD,Travel Food Services Limited,NSE,TRAVELFOOD.NS,1310.8,54.4,24.6,-2.474,0.46,-9.29,8.7,3.47,6,True,001011111
TRANSRAILL,Transrail Lighting Limited,NSE,TRANSRAILL.NS,518.75,55.1,24.5,3.338,2.9,-39.38,34.76,2.63,6,True,111111000
UNIMECH,Unimech Aerospace and Manufacturing Limited,NSE,UNIMECH.NS,1155.4,55.8,25.8,-4.895,2.36,-12.8,14.18,5.22,7,True,101110111
UNITDSPR,United Spirits Limited,NSE,UNITDSPR.NS,1393.3,65.3,15.7,5.858,2.06,-6.36,118.35,2.12,8,True,110111111
URBANCO,Urban Company Limited,NSE,URBANCO.NS,131.9,55.2,27.6,0.157,2.16,-34.44,62.65,3.18,7,False,111110101
UDS,Updater Services Limited,NSE,UDS.NS,194.32,65.4,41.1,0.548,2.79,-36.07,7.43,3.8,7,True,110111110
UFBL,United Foodbrands Limited,NSE,UFBL.NS,706.45,69.2,37.6,-5.104,0.58,-3.01,23.2,5.09,6,False,100011111
UNICHEMLAB,Unichem Laboratories Limited,NSE,UNICHEMLAB.NS,473.0,69.2,41.9,1.367,0.39,-28.11,32.17,4.59,7,True,110011111
UFLEX,UFLEX Limited,NSE,UFLEX.NS,438.3,60.4,27.9,0.727,0.64,-29.01,7.12,2.89,7,True,111011101
UJJIVANSFB,Ujjivan Small Finance Bank Limited,NSE,UJJIVANSFB.NS,59.6,59.2,30.2,0.51,2.26,-12.35,75.19,3.23,8,True,110111111
TEXRAIL,Texmaco Rail & Engineering Limited,NSE,TEXRAIL.NS,113.2,59.7,18.5,0.442,1.11,-36.07,70.54,3.31,6,True,111011100
TASTYBITE,Tasty Bite Eatables Limited,NSE,TASTYBITE.NS,8674.0,65.2,52.7,31.132,11.45,-27.46,4.64,3.89,8,True,110111111
TARSONS,Tarsons Products Limited,NSE,TARSONS.NS,266.6,64.1,38.7,1.072,0.38,-32.58,18.92,5.08,7,True,110011111
TATACOMM,Tata Communications Limited,NSE,TATACOMM.NS,1906.7,47.3,23.2,-19.555,1.0,-9.64,145.29,3.77,6,True,001011111
TATVA,Tatva Chintan Pharma Chem Limited,NSE,TATVA.NS,1249.6,58.1,13.9,9.623,2.03,-22.39,5.87,3.77,6,True,110101011
TBZ,Tribhovandas Bhimji Zaveri Limited,NSE,TBZ.NS,192.63,64.6,46.3,-0.994,1.54,-11.62,12.76,4.28,7,True,100111111
TIMETECHNO,Time Technoplast Limited,NSE,TIMETECHNO.NS,181.04,54.7,10.3,0.636,2.07,-27.34,53.97,2.98,6,True,010111101
TINNARUBR,Tinna Rubber and Infrastructure Limited,NSE,TINNARUBR.NS,946.6,64.8,39.4,0.76,0.91,-11.42,5.98,4.44,7,True,110011111
TBOTEK,TBO Tek Limited,NSE,TBOTEK.NS,1522.1,70.7,40.5,4.397,10.41,-13.75,24.62,3.45,8,True,110111111
TIRUPATIFL,Tirupati Forge Limited,NSE,TIRUPATIFL.NS,66.82,79.6,39.3,2.195,9.64,-7.57,4.18,5.62,7,False,010111111
TIPSMUSIC,Tips Music Limited,NSE,TIPSMUSIC.NS,684.65,63.0,18.4,3.399,2.16,-5.79,16.83,3.17,9,True,111111111
TIRUMALCHM,Thirumalai Chemicals Limited,NSE,TIRUMALCHM.NS,184.05,55.2,23.4,2.855,15.07,-44.02,10.23,4.82,6,True,111111000
TNPETRO,Tamilnadu PetroProducts Limited,NSE,TNPETRO.NS,97.07,64.1,30.7,0.585,0.96,-25.27,2.06,3.56,7,True,110011111
TITAN,Titan Company Limited,NSE,TITAN.NS,4461.1,62.6,14.9,16.87,1.17,-3.12,450.48,2.09,6,True,110010111
TMCV,Tata Motors Limited,NSE,TMCV.NS,432.0,62.5,28.6,3.772,1.33,-15.13,370.71,3.29,7,False,111011101
THANGAMAYL,Thangamayil Jewellery Limited,NSE,THANGAMAYL.NS,6159.5,65.8,52.7,23.976,2.72,-6.28,104.63,5.6,8,False,110111111
TMB,Tamilnad Mercantile Bank Limited,NSE,TMB.NS,778.65,62.0,27.3,-3.106,1.62,-2.6,38.89,3.4,7,False,101111110
THEMISMED,Themis Medicare Limited,NSE,THEMISMED.NS,118.59,62.4,34.4,0.488,5.51,-19.87,4.06,5.69,8,True,110111111
THYROCARE,Thyrocare Technologies Limited,NSE,THYROCARE.NS,555.6,62.0,48.4,-1.24,0.77,-3.92,30.09,3.82,6,False,100011111
TI,Tilaknagar Industries Limited,NSE,TI.NS,451.75,57.2,21.2,2.626,2.1,-17.82,22.2,2.73,8,True,111101111
THERMAX,Thermax Limited,NSE,THERMAX.NS,4607.5,44.2,47.2,-18.419,2.73,-12.7,159.91,4.46,6,False,000111111
WELCORP,Welspun Corp Limited,NSE,WELCORP.NS,1439.3,54.4,30.9,-0.397,2.7,-6.48,108.37,3.36,6,False,000111111
WEL,Wonder Electricals Limited,NSE,WEL.NS,104.95,71.3,27.8,1.575,2.94,-42.96,3.04,3.53,6,True,111111000
WELENT,Welspun Enterprises Limited,NSE,WELENT.NS,603.25,69.7,40.7,2.959,2.95,-4.81,19.58,3.14,8,True,110111111
WESTLIFE,WESTLIFE FOODWORLD LIMITED,NSE,WESTLIFE.NS,507.8,65.2,25.4,5.359,1.6,-38.01,4.43,3.71,6,True,111110100
WENDT,Wendt (India) Limited,NSE,WENDT.NS,8060.0,64.3,47.8,29.661,2.81,-37.95,9.58,3.8,7,True,110111110
USHAMART,Usha Martin Limited,NSE,USHAMART.NS,514.1,63.2,16.2,2.196,1.49,-2.54,40.09,2.84,6,True,110011110
WEWORK,WeWork India Management Limited,NSE,WEWORK.NS,739.65,77.7,56.6,8.224,3.67,-3.19,28.69,3.84,6,False,010111101
WINDLAS,Windlas Biotech Limited,NSE,WINDLAS.NS,871.9,65.3,32.2,3.29,1.56,-20.58,4.36,3.21,8,True,110111111
WHEELS,Wheels India Limited,NSE,WHEELS.NS,1491.6,44.4,26.6,-14.151,3.18,-17.5,43.29,7.11,7,False,001111111
WELSPUNLIV,Welspun Living Limited,NSE,WELSPUNLIV.NS,170.93,69.5,30.1,0.584,1.72,-0.62,44.77,3.25,7,False,110111110
VTL,Vardhman Textiles Limited,NSE,VTL.NS,666.25,65.1,14.5,0.802,1.18,-1.28,26.82,3.08,6,False,110011110
WANBURY,Wanbury Limited,NSE,WANBURY.NS,286.45,59.2,21.9,1.564,3.23,-9.12,3.04,4.72,8,True,111101111
VSTIND,VST Industries Limited,NSE,VSTIND.NS,268.4,70.6,34.5,0.326,3.61,-11.51,7.77,1.61,7,True,110110111
WAAREERTL,Waaree Renewable Technologies Limited,NSE,WAAREERTL.NS,1020.3,57.9,20.3,4.997,2.43,-24.87,23.92,2.9,9,True,111111111
WABAG,VA Tech Wabag Limited,NSE,WABAG.NS,2080.9,66.8,45.2,9.353,2.49,-6.14,108.66,4.18,8,False,110111111
ZENSARTECH,Zensar Technologies Limited,NSE,ZENSARTECH.NS,516.1,65.4,25.3,6.38,23.4,-40.61,128.51,3.96,6,True,111111000
ZOTA,Zota Health Care LImited,NSE,ZOTA.NS,1444.9,75.0,50.2,13.301,2.54,-16.96,7.37,3.36,7,True,010111111
UTIAMC,UTI Asset Management Company Limited,NSE,UTIAMC.NS,976.35,62.6,14.1,3.717,4.4,-34.68,12.55,2.11,6,True,110111001
ZUARI,Zuari Agro Chemicals Limited,NSE,ZUARI.NS,241.2,62.2,26.5,0.562,2.43,-38.71,6.42,3.73,8,True,111111110
ZYDUSWELL,Zydus Wellness Limited,NSE,ZYDUSWELL.NS,598.3,74.0,37.8,8.286,19.06,-0.27,44.81,3.61,7,False,110111110
XPROINDIA,Xpro India Limited,NSE,XPROINDIA.NS,1495.0,75.8,49.0,12.788,1.93,-5.07,10.15,4.68,7,False,010111111
YATHARTH,Yatharth Hospital & Trauma Care Services Limited,NSE,YATHARTH.NS,865.55,62.4,25.8,1.289,1.1,-2.74,35.34,2.82,7,True,111011110
WSTCSTPAPR,West Coast Paper Mills Limited,NSE,WSTCSTPAPR.NS,529.4,59.6,18.1,2.185,6.38,-9.19,7.78,3.33,9,True,111111111
YATRA,Yatra Online Limited,NSE,YATRA.NS,116.91,69.1,30.1,0.811,1.89,-42.12,18.39,3.59,6,True,110111100
ZEEL,Zee Entertainment Enterprises Limited,NSE,ZEEL.NS,105.09,49.4,28.3,-1.611,1.72,-30.73,399.6,5.11,6,True,001110111
YESBANK,Yes Bank Limited,NSE,YESBANK.NS,24.39,55.3,27.3,-0.136,1.44,-5.39,294.52,2.59,7,True,101011111
YASHO,Yasho Industries Limited,NSE,YASHO.NS,2972.9,67.2,54.7,-15.388,1.33,-6.52,9.74,5.73,6,False,100011111
VENUSPIPES,Venus Pipes & Tubes Limited,NSE,VENUSPIPES.NS,1783.2,75.9,33.0,18.826,2.45,-1.81,17.88,3.45,6,False,010111110
UTKARSHBNK,Utkarsh Small Finance Bank Limited,NSE,UTKARSHBNK.NS,15.07,62.9,33.8,0.095,4.51,-38.24,12.37,4.39,6,True,110111100
VARROC,Varroc Engineering Limited,NSE,VARROC.NS,667.55,72.4,29.2,4.113,3.7,-3.91,7.44,3.12,9,True,111111111
UTLSOLAR,Fujiyama Power Systems Limited,NSE,UTLSOLAR.NS,342.75,64.2,17.0,2.1,3.44,-6.1,13.78,4.5,7,False,110111101
VIYASH,Viyash Scientific Limited,NSE,VIYASH.NS,294.15,75.6,62.6,2.621,2.05,-0.96,67.89,3.71,6,False,010111110
VIJAYA,Vijaya Diagnostic Centre Limited,NSE,VIJAYA.NS,1365.2,56.7,32.7,1.74,6.09,-4.38,45.4,4.12,8,False,110111111
VIKRAN,Vikran Engineering Limited,NSE,VIKRAN.NS,74.54,56.1,21.6,0.316,11.35,-37.04,33.49,4.19,7,True,111111100
VINCOFE,Vintage Coffee And Beverages Limited,NSE,VINCOFE.NS,154.27,53.9,19.6,-0.647,1.2,-14.22,34.73,4.28,6,True,001011111
VMART,V-Mart Retail Limited,NSE,VMART.NS,797.9,68.6,34.6,0.349,1.9,-10.15,18.2,3.26,7,True,110110111
TARIL,Transformers And Rectifiers (India) Limited,NSE,TARIL.NS,336.75,52.3,22.7,0.889,3.67,-41.79,141.52,4.35,6,True,011111100
SHAKTIPUMP,Shakti Pumps (India) Limited,NSE,SHAKTIPUMP.NS,574.1,58.7,25.9,1.292,1.61,-40.18,60.79,3.31,7,True,111111100
SHAILY,Shaily Engineering Plastics Limited,NSE,SHAILY.NS,2901.6,53.9,21.4,-7.289,0.83,-10.28,94.76,4.16,6,False,001011111
SHARDAMOTR,Sharda Motor Industries Limited,NSE,SHARDAMOTR.NS,898.55,66.8,22.6,11.264,2.1,-28.0,5.61,3.07,8,True,111111101
SETL,Standard Engineering Technology Limited,NSE,SETL.NS,281.75,81.1,57.1,9.621,6.09,-7.71,20.29,5.03,7,False,010111111
SGFIN,SG Finserve Limited,NSE,SGFIN.NS,673.8,75.1,39.9,7.929,10.42,-4.0,19.33,4.01,7,False,010111111
SFL,Sheela Foam Limited,NSE,SFL.NS,766.55,73.1,47.2,0.194,0.69,-0.45,25.45,3.11,6,False,110011110
SGMART,SG Mart Limited,NSE,SGMART.NS,600.95,55.3,25.8,0.57,1.57,-5.82,15.42,3.69,8,False,111111101
SHILPAMED,Shilpa Medicare Limited,NSE,SHILPAMED.NS,608.95,65.2,60.2,0.466,2.86,-0.98,65.3,4.42,7,False,110111110
SIGMAADV,SIGMA ADVANCED SYSTEMS LIMITED,NSE,SIGMAADV.NS,548.4,60.0,59.2,-5.924,1.78,-14.06,18.58,5.06,7,False,100111111
SIGNPOST,Signpost India Limited,NSE,SIGNPOST.NS,299.7,63.3,24.4,6.009,20.7,-7.5,19.45,5.99,9,True,111111111
SHRIRAMFIN,Shriram Finance Limited,NSE,SHRIRAMFIN.NS,1063.6,71.2,27.6,7.406,1.95,-4.01,562.09,2.34,9,True,111111111
SHREECEM,SHREE CEMENT LIMITED,NSE,SHREECEM.NS,26765.0,67.1,23.4,180.653,3.57,-17.62,66.96,2.27,8,True,111110111
SHRIPISTON,SPR Auto Technologies Limited,NSE,SHRIPISTON.NS,4197.5,68.6,44.9,44.861,2.29,-5.07,24.34,3.25,8,False,110111111
SHREEJISPG,Shreeji Shipping Global Limited,NSE,SHREEJISPG.NS,520.8,71.8,45.9,1.218,1.85,-0.52,47.08,2.73,7,False,110111110
SHREEPUSHK,Shree Pushkar Chemicals & Fertilisers Limited,NSE,SHREEPUSHK.NS,404.1,61.7,24.6,1.816,0.22,-15.11,9.62,3.87,8,True,111011111
SHRINGARMS,Shringar House of Mangalsutra Limited,NSE,SHRINGARMS.NS,231.36,71.6,14.0,1.842,1.65,-13.19,19.47,2.8,7,False,110111101
SANDHAR,Sandhar Technologies Limited,NSE,SANDHAR.NS,699.35,54.5,27.6,-4.945,1.34,-8.37,47.48,4.91,6,False,001011111
SAMMAANCAP,Sammaan Capital Limited,NSE,SAMMAANCAP.NS,175.64,55.4,23.1,-0.827,3.47,-8.97,315.01,3.52,8,True,101111111
SAIPARENT,Sai Parenterals Limited,NSE,SAIPARENT.NS,618.6,75.1,64.6,0.682,9.67,-12.38,17.28,4.38,6,False,010111101
SANGAMIND,Sangam (India) Limited,NSE,SANGAMIND.NS,552.5,61.4,39.0,0.277,1.24,-4.24,2.16,3.41,7,True,110011111
SAMBHV,Sambhv Steel Tubes Limited,NSE,SAMBHV.NS,115.04,60.6,19.3,0.724,1.62,-23.0,17.34,3.63,8,True,111110111
SAKSOFT,Saksoft Limited,NSE,SAKSOFT.NS,178.98,62.4,32.1,4.379,18.25,-29.53,132.25,6.52,8,True,110111111
SAKAR,Sakar Healthcare Limited,NSE,SAKAR.NS,848.8,60.2,31.9,-2.799,1.48,-4.62,15.24,5.04,6,False,100011111
SAILIFE,Sai Life Sciences Limited,NSE,SAILIFE.NS,1257.3,64.9,30.2,-0.2,1.77,-0.21,74.86,2.88,6,False,100111110
SANGHVIMOV,Sanghvi Movers Limited,NSE,SANGHVIMOV.NS,463.25,73.8,46.9,2.111,1.16,-0.33,20.64,3.84,6,False,110011110
SANOFI,Sanofi India Limited,NSE,SANOFI.NS,3425.0,60.9,23.6,16.473,0.93,-44.73,8.54,1.98,6,True,111011100
SCHNEIDER,Schneider Electric Infrastructure Limited,NSE,SCHNEIDER.NS,1481.6,63.4,29.5,16.741,3.33,-0.7,58.63,4.98,8,False,111111110
SCODATUBES,Scoda Tubes Limited,NSE,SCODATUBES.NS,150.35,65.3,28.3,1.166,1.12,-34.87,5.87,3.96,6,True,111010101
SBIN,State Bank of India,NSE,SBIN.NS,1040.0,56.7,12.3,1.716,1.14,-15.77,1474.97,1.8,7,True,110011111
SANSERA,Sansera Engineering Limited,NSE,SANSERA.NS,3251.5,73.0,31.7,9.925,0.95,-0.6,88.03,3.08,6,False,110011110
SATIN,Satin Creditcare Network Limited,NSE,SATIN.NS,254.8,64.8,32.0,1.251,1.2,-2.76,28.47,4.2,6,False,110011110
SBC,SBC Exports Limited,NSE,SBC.NS,42.14,66.2,27.0,0.062,0.71,-6.36,52.1,2.95,8,False,111011111
SAREGAMA,Saregama India Limited,NSE,SAREGAMA.NS,485.75,62.6,58.6,-0.957,0.58,-6.59,183.03,3.58,6,True,100011111
SUPRIYA,Supriya Lifescience Limited,NSE,SUPRIYA.NS,978.9,58.8,43.3,-2.99,1.93,-9.78,53.54,4.94,7,False,100111111
SUPRAJIT,Suprajit Engineering Limited,NSE,SUPRAJIT.NS,480.95,61.6,26.2,-0.432,0.68,-7.09,10.25,2.85,7,True,101011111
SUNDARMFIN,Sundaram Finance Limited,NSE,SUNDARMFIN.NS,4575.4,57.1,19.5,27.365,2.86,-18.9,36.1,2.94,6,True,111110001
SUNPHARMA,Sun Pharmaceutical Industries Limited,NSE,SUNPHARMA.NS,1904.8,70.2,29.3,5.101,0.7,-1.05,604.79,1.55,7,True,111011110
SUNDRMFAST,Sundram Fasteners Limited,NSE,SUNDRMFAST.NS,932.15,69.1,23.5,6.966,5.36,-13.69,8.73,2.55,9,True,111111111
SUMICHEM,Sumitomo Chemical India Limited,NSE,SUMICHEM.NS,502.3,65.6,19.2,2.736,30.4,-24.47,47.25,3.73,9,True,111111111
STYLEBAAZA,Baazar Style Retail Limited,NSE,STYLEBAAZA.NS,323.15,50.6,25.3,-0.083,1.85,-24.32,21.17,5.18,6,True,001111011
SUMEETINDS,Sumeet Industries Limited,NSE,SUMEETINDS.NS,30.06,69.3,29.3,0.577,4.18,-25.78,5.72,4.2,8,True,111111011
SUBROS,Subros Limited,NSE,SUBROS.NS,848.1,64.6,26.4,6.52,0.61,-30.12,25.56,3.49,8,True,111011111
STOVEKRAFT,Stove Kraft Limited,NSE,STOVEKRAFT.NS,781.85,76.9,56.4,1.885,0.92,-3.94,13.82,3.52,6,False,010011111
SIMPLEXINF,Simplex Infrastructures Limited,NSE,SIMPLEXINF.NS,265.3,56.5,14.3,-1.389,0.93,-19.61,5.02,4.74,6,True,100011111
SWSOLAR,Sterling and Wilson Renewable Energy Limited,NSE,SWSOLAR.NS,246.9,72.6,31.6,1.04,3.62,-27.6,55.6,3.9,8,True,110111111
SYRMA,Syrma SGS Technology Limited,NSE,SYRMA.NS,1376.0,62.3,54.6,-6.715,1.44,-9.34,174.48,3.81,6,False,100011111
TAJGVK,Taj GVK Hotels & Resorts Limited,NSE,TAJGVK.NS,343.4,57.3,20.4,0.544,0.89,-33.01,3.89,2.98,6,True,111010101
TALBROAUTO,Talbros Automotive Components Limited,NSE,TALBROAUTO.NS,412.1,67.7,54.7,3.631,1.63,-5.26,15.49,4.57,8,False,110111111
SURYODAY,Suryoday Small Finance Bank Limited,NSE,SURYODAY.NS,182.15,66.1,37.4,0.557,1.78,-4.52,10.76,3.58,8,False,110111111
SWANDEF,Swan Defence and Heavy Industries Limited,NSE,SWANDEF.NS,2339.8,77.1,24.8,25.188,1.87,-5.99,3.73,3.96,8,False,011111111
TANLA,Tanla Platforms Limited,NSE,TANLA.NS,539.05,59.4,29.0,1.342,0.74,-29.63,54.4,2.89,7,True,111010111
SWARAJENG,Swaraj Engines Limited,NSE,SWARAJENG.NS,3939.9,53.8,22.2,12.241,3.96,-16.53,5.5,1.99,8,True,011111111
SUYOG,Suyog Telematics Limited,NSE,SUYOG.NS,876.85,70.6,19.6,10.024,3.97,-5.63,2.84,4.39,9,True,111111111
SUVEN,Suven Life Sciences Limited,NSE,SUVEN.NS,327.6,74.6,28.5,4.014,5.05,-2.5,56.8,5.31,8,False,111111110
SMSPHARMA,SMS Pharmaceuticals Limited,NSE,SMSPHARMA.NS,421.45,69.4,26.5,5.881,17.98,-5.88,17.39,3.88,9,False,111111111
SOLARINDS,Solar Industries India Limited,NSE,SOLARINDS.NS,18514.0,58.2,20.6,38.628,2.55,-2.41,295.92,3.11,7,True,111101110
SOBHA,Sobha Limited,NSE,SOBHA.NS,1442.9,60.4,21.9,4.809,2.34,-16.72,21.03,2.77,9,True,111111111
SOMANYCERA,Somany Ceramics Limited,NSE,SOMANYCERA.NS,537.2,62.9,33.2,0.676,2.28,-11.91,10.91,3.77,8,True,110111111
SONACOMS,Sona BLW Precision Forgings Limited,NSE,SONACOMS.NS,660.1,74.2,27.2,4.262,3.56,-1.86,131.66,2.52,8,False,111111110
SINDHUTRAD,Sindhu Trade Links Limited,NSE,SINDHUTRAD.NS,27.66,69.3,19.0,0.166,2.9,-29.6,8.28,3.91,8,True,111110111
SMARTWORKS,Smartworks Coworking Spaces Limited,NSE,SMARTWORKS.NS,474.55,54.3,37.0,0.192,1.24,-23.34,4.41,4.05,6,True,010011111
SMLMAH,SML Mahindra Limited,NSE,SMLMAH.NS,3957.6,50.3,15.5,-9.037,1.68,-26.0,23.33,3.44,6,True,000111111
SIYSIL,Siyaram Silk Mills Limited,NSE,SIYSIL.NS,638.9,58.2,23.1,-0.843,0.51,-24.73,6.69,3.43,7,True,101011111
SKFINDUS,SKF India (Industrial) Limited,NSE,SKFINDUS.NS,2825.8,71.1,52.6,11.5,4.44,-5.43,9.62,3.99,7,False,110111101
SKMEGGPROD,SKM Egg Products Export (India) Limited,NSE,SKMEGGPROD.NS,314.6,75.7,63.7,4.906,3.19,-3.02,27.17,5.72,7,False,010111111
SKYGOLD,SKY GOLD AND DIAMONDS LIMITED,NSE,SKYGOLD.NS,560.0,63.8,23.9,3.326,1.53,-5.08,78.29,4.42,9,False,111111111
SJS,S.J.S. Enterprises Limited,NSE,SJS.NS,2187.4,59.2,42.9,-5.607,0.99,-4.34,24.22,3.31,6,False,100011111
SKIPPER,Skipper Limited,NSE,SKIPPER.NS,574.95,67.1,24.7,-0.168,1.83,-2.22,50.32,3.36,7,False,101111110
SSWL,Steel Strips Wheels Limited,NSE,SSWL.NS,252.37,73.0,31.9,1.572,4.76,-2.73,12.63,3.42,7,True,110111110
SOUTHBANK,The South Indian Bank Limited,NSE,SOUTHBANK.NS,46.1,58.7,34.3,-0.332,1.58,-7.41,72.94,3.15,6,True,100110111
STAR,Strides Pharma Science Limited,NSE,STAR.NS,1126.8,58.7,22.0,3.992,0.85,-8.46,31.55,3.32,8,True,111011111
SRM,SRM Contractors Limited,NSE,SRM.NS,509.75,52.7,22.7,1.143,2.48,-21.57,9.69,3.94,8,True,011111111
SPAL,S. P. Apparels Limited,NSE,SPAL.NS,1118.6,67.9,46.4,13.199,4.25,-5.6,28.87,6.06,8,False,110111111
STARHEALTH,Star Health and Allied Insurance Company Limited,NSE,STARHEALTH.NS,580.3,66.2,50.3,1.278,1.35,-4.21,44.32,2.91,7,True,110011111
STEELCAS,Steelcast Limited,NSE,STEELCAS.NS,310.55,62.8,32.4,0.803,0.63,-9.72,6.82,4.77,7,False,110011111
SPANDANA,Spandana Sphoorty Financial Limited,NSE,SPANDANA.NS,301.8,74.3,25.2,4.419,2.87,-1.32,13.15,3.93,8,False,111111110
VISHNU,Vishnu Chemicals Limited,NSE,VISHNU.NS,622.15,58.2,18.1,0.817,1.07,-4.58,7.58,3.34,7,True,111010111
SPECTRUM,Spectrum Electrical Industries Limited,NSE,SPECTRUM.NS,1853.2,64.9,43.9,6.044,1.43,-5.93,4.18,5.41,7,False,110011111
CARTRADE,Cartrade Tech Limited,NSE,CARTRADE.NS,2699.6,67.6,58.8,-2.06,1.37,-17.96,246.37,4.39,6,False,100011111
SRF,SRF Limited,NSE,SRF.NS,2794.5,59.2,9.1,4.176,1.84,-15.95,144.85,2.29,8,True,110111111
CCAVENUE,AvenuesAI Limited,NSE,CCAVENUE.NS,17.08,74.5,41.5,0.254,6.34,-16.68,24.16,4.05,8,True,110111111
CCL,CCL Products (India) Limited,NSE,CCL.NS,1173.0,59.0,40.3,2.547,0.71,-5.11,49.73,3.12,7,True,110011111
CEATLTD,CEAT Limited,NSE,CEATLTD.NS,3799.4,70.9,17.4,39.791,2.61,-14.39,67.85,2.65,8,True,110111111
CAPLIPOINT,Caplin Point Laboratories Limited,NSE,CAPLIPOINT.NS,2538.1,67.9,64.3,-6.578,1.88,-5.12,44.87,3.55,7,False,100111111
BUTTERFLY,Butterfly Gandhimathi Appliances Limited,NSE,BUTTERFLY.NS,712.7,66.4,23.7,3.815,3.45,-13.49,12.26,3.85,9,True,111111111
CDSL,Central Depository Services (India) Limited,NSE,CDSL.NS,1350.6,63.5,26.0,2.692,1.2,-25.37,239.91,2.22,6,True,111010101
CAPACITE,Capacit'e Infraprojects Limited,NSE,CAPACITE.NS,248.95,52.8,26.7,0.939,3.1,-26.49,10.16,4.7,7,True,011111101
CHOLAHLDNG,Cholamandalam Financial Holdings Limited,NSE,CHOLAHLDNG.NS,1673.9,63.6,22.3,15.522,0.67,-22.83,36.29,2.97,7,True,111011101
CANTABIL,Cantabil Retail India Limited,NSE,CANTABIL.NS,263.9,72.5,33.0,4.454,13.7,-17.92,6.26,3.78,8,True,110111111
CENTENKA,Century Enka Limited,NSE,CENTENKA.NS,535.05,62.1,46.2,-0.132,0.52,-7.37,4.0,3.37,6,True,100011111
CIEINDIA,CIE Automotive India Limited,NSE,CIEINDIA.NS,471.05,55.9,13.4,1.055,1.13,-10.45,22.16,2.75,6,True,110010111
CHOICEIN,Choice International Limited,NSE,CHOICEIN.NS,800.05,78.6,28.8,8.859,3.06,-7.02,51.09,2.33,8,True,011111111
CIPLA,Cipla Limited,NSE,CIPLA.NS,1458.2,66.9,29.4,4.977,2.32,-12.84,250.41,1.85,9,True,111111111
CANFINHOME,Can Fin Homes Limited,NSE,CANFINHOME.NS,900.1,61.6,23.2,1.446,7.36,-7.35,19.7,2.72,8,True,111101111
CHOLAFIN,Cholamandalam Investment and Finance Company Limited,NSE,CHOLAFIN.NS,1789.8,68.5,34.6,8.269,2.55,-2.28,288.19,2.36,7,True,110111110
CMPDI,Central Mine Planning & Design Institute Limited,NSE,CMPDI.NS,277.5,68.8,30.5,1.352,1.63,-2.18,143.84,4.59,6,False,110111100
CENTUM,Centum Electronics Limited,NSE,CENTUM.NS,3627.0,56.2,31.6,-10.984,1.38,-7.38,22.53,4.64,6,False,100011111
CENTRALBK,Central Bank of India,NSE,CENTRALBK.NS,32.8,52.7,26.1,0.13,3.59,-19.84,47.69,2.64,6,True,011111001
CENTRUM,Centrum Capital Limited,NSE,CENTRUM.NS,26.14,66.7,28.7,0.489,16.39,-37.61,2.37,5.23,6,True,111111000
CGCL,Capri Global Capital Limited,NSE,CGCL.NS,233.87,77.4,54.8,0.843,5.32,-0.62,71.67,2.78,6,False,010111110
CHALET,Chalet Hotels Limited,NSE,CHALET.NS,834.7,64.0,24.6,4.653,1.34,-22.86,11.97,2.61,8,True,111011111
CHAMBLFERT,Chambal Fertilizers & Chemicals Limited,NSE,CHAMBLFERT.NS,481.55,56.6,12.5,-0.889,0.72,-17.07,47.63,2.31,6,True,100011111
BHEL,Bharat Heavy Electricals Limited,NSE,BHEL.NS,383.6,42.3,23.6,-1.556,2.8,-9.72,635.11,3.44,6,False,001101111
BHARATSE,Bharat Seats Limited,NSE,BHARATSE.NS,239.73,79.9,23.1,6.125,20.8,-6.26,21.55,4.91,8,False,011111111
BIOCON,Biocon Limited,NSE,BIOCON.NS,426.8,63.1,23.7,-0.143,1.56,-3.09,169.07,2.2,7,True,101110111
BEML,BEML Limited,NSE,BEML.NS,1864.7,62.4,13.2,13.003,4.8,-21.2,52.59,3.16,7,True,110101111
BEPL,Bhansali Engineering Polymers Limited,NSE,BEPL.NS,102.85,58.2,27.0,-0.138,1.18,-12.84,6.05,3.34,6,True,101010111
BHAGCHEM,Bhagiradha Chemicals & Industries Limited,NSE,BHAGCHEM.NS,283.4,58.9,42.7,0.318,1.2,-12.8,4.86,4.4,7,True,110011111
BHARATFORG,Bharat Forge Limited,NSE,BHARATFORG.NS,2136.7,63.2,30.4,2.702,5.53,-4.53,271.62,2.84,8,False,110111111
BETA,Beta Drugs Limited,NSE,BETA.NS,2090.5,67.0,45.5,-1.04,1.3,-7.09,5.42,5.39,6,False,100011111
BORORENEW,BOROSIL RENEWABLES LIMITED,NSE,BORORENEW.NS,621.7,69.6,42.9,1.541,0.67,-13.77,48.75,3.18,7,True,110011111
BOROSCI,Borosil Scientific Limited,NSE,BOROSCI.NS,166.45,67.6,59.3,0.334,20.44,-12.76,4.84,4.03,8,False,110111111
BHAGERIA,Bhageria Industries Limited,NSE,BHAGERIA.NS,219.96,59.4,30.5,-1.819,1.45,-10.07,2.94,5.23,6,False,100011111
BOROLTD,Borosil Limited,NSE,BOROLTD.NS,245.27,64.4,20.9,2.441,2.04,-38.37,2.33,3.34,6,True,111111000
BOSCHLTD,Bosch Limited,NSE,BOSCHLTD.NS,41895.0,74.6,34.8,142.091,4.22,-1.57,157.7,2.42,7,True,110111110
BLSE,BLS E-Services Limited,NSE,BLSE.NS,265.11,80.6,52.1,2.564,17.0,-3.24,13.1,3.56,7,False,010111111
BRITANNIA,Britannia Industries Limited,NSE,BRITANNIA.NS,5379.0,59.8,19.6,29.489,1.16,-15.1,221.02,1.68,6,True,111011001
BLISSGVS,Bliss GVS Pharma Limited,NSE,BLISSGVS.NS,505.95,64.6,56.3,-0.898,1.25,-8.51,83.62,4.49,6,False,100011111
BLUESTONE,BlueStone Jewellery and Lifestyle Limited,NSE,BLUESTONE.NS,569.65,69.5,28.8,4.535,1.13,-28.17,30.79,3.79,8,True,111011111
BLUEJET,Blue Jet Healthcare Limited,NSE,BLUEJET.NS,556.0,67.3,42.0,3.25,1.59,-45.9,37.53,3.95,7,True,110111110
BLUSPRING,Bluspring Enterprises Limited,NSE,BLUSPRING.NS,123.61,75.2,57.0,0.61,4.7,-6.23,10.56,6.13,7,False,010111111
DIAMONDYD,Prataap Snacks Limited,NSE,DIAMONDYD.NS,1204.7,65.8,34.4,3.649,2.08,-1.53,8.38,3.39,7,True,110111110
DHANBANK,Dhanlaxmi Bank Limited,NSE,DHANBANK.NS,34.09,57.8,18.1,-0.063,2.5,-3.07,8.76,4.37,8,True,101111111
DIFFNKG,Diffusion Engineers Limited,NSE,DIFFNKG.NS,416.35,72.4,50.6,2.95,4.29,-4.55,5.96,4.04,8,False,110111111
DEEPAKFERT,Deepak Fertilizers and Petrochemicals Corporation Limited,NSE,DEEPAKFERT.NS,1649.3,67.6,36.3,0.914,0.86,-7.27,56.11,3.05,7,False,110011111
DDEVPLSTIK,Ddev Plastiks Industries Limited,NSE,DDEVPLSTIK.NS,282.45,67.1,42.4,1.157,1.56,-21.54,4.5,4.04,8,True,110111111
DIVGIITTS,Divgi Torqtransfer Systems Limited,NSE,DIVGIITTS.NS,1021.5,79.0,36.9,14.609,25.49,-4.08,22.79,4.55,7,False,010111111
DIVISLAB,Divi's Laboratories Limited,NSE,DIVISLAB.NS,6757.0,55.5,19.1,-5.666,1.69,-4.45,228.48,1.93,8,True,101111111
DENTA,Denta Water and Infra Solutions Limited,NSE,DENTA.NS,352.9,74.1,38.0,5.148,5.97,-26.42,16.04,4.69,8,True,110111111
DRREDDY,Dr. Reddy's Laboratories Limited,NSE,DRREDDY.NS,1374.1,67.1,28.4,7.591,4.31,-2.88,269.83,2.17,8,True,111111110
DELHIVERY,Delhivery Limited,NSE,DELHIVERY.NS,507.45,69.9,28.0,5.501,4.91,-1.47,173.64,2.85,8,True,111111110
DYCL,Dynamic Cables Limited,NSE,DYCL.NS,362.9,58.0,23.2,1.296,0.67,-31.11,18.63,4.39,8,True,111011111
DWARKESH,Dwarikesh Sugar Industries Limited,NSE,DWARKESH.NS,44.11,51.0,11.0,0.031,0.39,-16.91,12.59,3.18,6,True,010011111
DJML,DJ Mediaprint & Logistics Limited,NSE,DJML.NS,121.87,66.9,15.6,-0.028,2.27,-4.01,3.42,4.5,6,False,100110111
DIXON,Dixon Technologies (India) Limited,NSE,DIXON.NS,12456.0,61.0,15.9,-8.912,0.94,-32.56,675.01,2.8,6,True,100011111
DLF,DLF Limited,NSE,DLF.NS,675.9,71.4,23.6,5.134,1.78,-21.08,227.07,2.58,9,True,111111111
DCXINDIA,DCX Systems Limited,NSE,DCXINDIA.NS,204.88,57.9,16.1,1.301,2.77,-31.2,26.7,4.12,7,True,110101111
CORONA,CORONA Remedies Limited,NSE,CORONA.NS,2037.9,73.3,52.6,16.262,1.86,-2.99,8.99,3.6,6,False,110111100
DOLLAR,Dollar Industries Limited,NSE,DOLLAR.NS,276.8,61.3,22.7,2.613,3.06,-35.61,9.77,3.41,6,True,111111000
COSMOFIRST,COSMO FIRST LIMITED,NSE,COSMOFIRST.NS,853.1,70.0,23.9,5.07,2.98,-29.79,10.11,3.55,9,True,111111111
DLINKINDIA,D-Link (India) Limited,NSE,DLINKINDIA.NS,524.75,67.5,37.1,-0.908,1.4,-10.99,8.38,2.12,6,True,100011111
CRAMC,Canara Robeco Asset Management Company Limited,NSE,CRAMC.NS,255.78,58.1,19.8,0.452,1.07,-27.62,9.23,2.53,6,False,111001101
DOMS,DOMS Industries Limited,NSE,DOMS.NS,2310.5,55.7,12.2,6.524,0.9,-16.59,50.66,3.08,6,True,110011101
CREDITACC,CREDITACCESS GRAMEEN LIMITED,NSE,CREDITACC.NS,1557.4,72.5,27.7,14.853,0.95,-1.99,86.19,2.88,7,True,111011110
COROMANDEL,Coromandel International Limited,NSE,COROMANDEL.NS,2034.3,59.1,19.6,3.378,2.38,-25.18,76.69,3.14,7,True,111110101
COCHINSHIP,Cochin Shipyard Limited,NSE,COCHINSHIP.NS,1524.1,56.2,14.9,12.171,1.86,-26.51,245.46,2.97,6,True,110111001
CONCOR,Container Corporation of India Limited,NSE,CONCOR.NS,488.2,61.1,25.2,3.383,4.17,-22.41,77.7,2.06,7,True,111111001
CONFIPET,Confidence Petroleum India Limited,NSE,CONFIPET.NS,74.17,57.8,27.3,0.033,1.89,-7.94,24.22,5.95,9,False,111111111
CONTROLPR,Control Print Limited,NSE,CONTROLPR.NS,687.1,64.1,21.9,7.863,36.57,-25.11,6.83,3.61,9,True,111111111
COMSYN,Commercial Syn Bags Limited,NSE,COMSYN.NS,200.31,74.9,38.5,2.511,16.43,-2.29,5.16,5.35,7,False,110111110
DATAMATICS,Datamatics Global Services Limited,NSE,DATAMATICS.NS,819.35,57.9,15.6,0.845,2.86,-26.84,9.67,3.34,8,True,110111111
DCBBANK,DCB Bank Limited,NSE,DCBBANK.NS,189.27,58.2,20.3,0.661,2.11,-8.08,22.63,2.77,9,True,111111111
CUB,City Union Bank Limited,NSE,CUB.NS,216.76,68.9,35.7,2.006,1.94,-10.83,64.77,2.99,8,True,110111111
CUPID,Cupid Limited,NSE,CUPID.NS,198.84,89.1,40.4,0.931,1.63,-0.57,274.02,3.03,6,False,010111110
DALBHARAT,Dalmia Bharat Limited,NSE,DALBHARAT.NS,1765.1,56.8,18.5,10.904,1.54,-29.29,63.31,2.42,7,True,111111001
DABUR,Dabur India Limited,NSE,DABUR.NS,444.35,59.0,15.6,3.374,3.85,-22.99,99.53,2.01,6,True,110111001
CYIENTDLM,Cyient DLM Limited,NSE,CYIENTDLM.NS,509.4,73.2,38.6,0.51,8.33,-2.78,13.59,3.91,7,False,110111110
BEL,Bharat Electronics Limited,NSE,BEL.NS,418.05,51.8,18.8,0.596,2.16,-11.7,519.24,2.03,6,True,011111001
BELRISE,Belrise Industries Limited,NSE,BELRISE.NS,230.74,48.1,21.1,-1.629,2.63,-8.44,97.92,3.45,6,False,001110111
AJMERA,Ajmera Realty & Infra India Limited,NSE,AJMERA.NS,136.3,58.0,21.3,0.066,0.79,-38.44,12.71,4.79,6,True,111011100
AKUMS,Akums Drugs and Pharmaceuticals Limited,NSE,AKUMS.NS,626.8,64.7,37.1,0.528,1.1,-2.82,17.43,3.23,6,False,110011110
ALEMBICLTD,Alembic Limited,NSE,ALEMBICLTD.NS,92.86,59.2,23.8,0.25,1.46,-24.13,2.59,2.38,7,True,111011101
AJANTPHARM,Ajanta Pharma Limited,NSE,AJANTPHARM.NS,3326.3,62.9,32.7,19.633,6.51,-5.15,44.32,3.3,8,True,110111111
AGARWALEYE,Dr. Agarwal's Health Care Limited,NSE,AGARWALEYE.NS,477.6,58.0,24.2,1.322,0.82,-15.92,3.79,2.68,8,True,111011111
AHCL,Anlon Healthcare Limited,NSE,AHCL.NS,15.87,59.3,46.2,-0.073,2.36,-8.13,8.33,4.56,6,False,100110111
AIAENG,AIA Engineering Limited,NSE,AIAENG.NS,4754.5,56.3,43.2,-9.456,2.09,-8.21,44.6,3.47,7,False,100111111
AHLUCONT,Ahluwalia Contracts (India) Limited,NSE,AHLUCONT.NS,829.4,49.5,19.9,0.216,1.17,-26.28,3.32,3.16,6,True,011011101
ALIVUS,Alivus Life Sciences Limited,NSE,ALIVUS.NS,1157.7,68.2,26.8,9.922,2.9,-2.88,11.55,3.35,8,True,111111110
ALKYLAMINE,Alkyl Amines Chemicals Limited,NSE,ALKYLAMINE.NS,1827.0,56.4,19.6,-5.794,0.53,-25.09,44.66,3.93,7,True,101011111
ANANTRAJ,Anant Raj Limited,NSE,ANANTRAJ.NS,554.7,60.0,9.8,0.784,1.46,-25.41,149.22,3.15,7,True,110011111
ALKEM,Alkem Laboratories Limited,NSE,ALKEM.NS,5562.5,63.3,33.1,23.951,3.86,-6.25,80.07,2.02,7,True,110101111
ANANDRATHI,Anand Rathi Wealth Limited,NSE,ANANDRATHI.NS,2061.7,80.3,32.8,17.789,3.68,-1.12,123.38,2.73,6,False,010111110
ANUP,The Anup Engineering Limited,NSE,ANUP.NS,2313.4,66.2,31.4,14.273,1.62,-21.71,10.81,3.86,8,True,110111111
AMANTA,Amanta Healthcare Limited,NSE,AMANTA.NS,163.09,68.0,32.4,0.204,0.68,-2.86,3.97,5.35,6,False,110011110
ALLTIME,All Time Plastics Limited,NSE,ALLTIME.NS,251.72,59.3,20.6,1.352,2.37,-24.84,2.76,4.15,9,True,111111111
AMBUJACEM,Ambuja Cements Limited,NSE,AMBUJACEM.NS,443.4,59.6,10.9,2.136,1.74,-29.05,154.07,2.3,6,True,110111001
AMBIKCO,Ambika Cotton Mills Limited,NSE,AMBIKCO.NS,1735.6,59.5,41.5,3.052,1.27,-4.44,3.24,3.43,7,True,110011111
AMAGI,Amagi Media Labs Limited,NSE,AMAGI.NS,532.6,64.5,56.7,2.585,9.2,-10.11,19.85,5.58,7,False,110111101
AARTIPHARM,Aarti Pharmalabs Limited,NSE,AARTIPHARM.NS,706.35,58.4,22.0,5.356,1.16,-27.26,17.62,3.51,6,True,111011001
ABB,ABB India Limited,NSE,ABB.NS,6950.5,48.4,13.0,-27.415,2.38,-11.15,264.02,2.57,6,True,000111111
AAVAS,Aavas Financiers Limited,NSE,AAVAS.NS,1506.1,66.5,18.7,5.705,1.39,-26.5,20.41,2.97,8,True,111011111
ABDL,Allied Blenders and Distillers Limited,NSE,ABDL.NS,655.15,64.1,42.5,1.563,4.17,-5.98,21.75,3.15,8,False,110111111
ABCAPITAL,Aditya Birla Capital Limited,NSE,ABCAPITAL.NS,401.25,66.8,28.7,1.533,2.66,-0.93,162.42,2.53,7,True,111110110
AARTIIND,Aarti Industries Limited,NSE,AARTIIND.NS,487.7,57.9,15.5,1.28,0.76,-6.77,66.41,3.02,6,True,110010111
3MINDIA,3M India Limited,NSE,3MINDIA.NS,35235.0,71.5,16.5,178.733,3.04,-7.35,14.78,2.52,8,True,110111111
AADHARHFC,Aadhar Housing Finance Limited,NSE,AADHARHFC.NS,555.6,74.6,32.6,5.385,2.97,-0.57,25.62,3.04,7,True,110111110
AARTIDRUGS,Aarti Drugs Limited,NSE,AARTIDRUGS.NS,386.6,60.9,22.6,1.543,3.09,-31.46,5.77,2.79,7,True,111101101
ADVANCE,Advance Agrolife Limited,NSE,ADVANCE.NS,113.8,64.0,29.8,1.224,3.67,-26.1,2.44,4.35,7,False,111110101
ABREL,Aditya Birla Real Estate Limited,NSE,ABREL.NS,1405.6,63.1,18.0,16.372,2.75,-41.86,34.24,3.57,7,True,111111100
AEGISVOPAK,Aegis Vopak Terminals Limited,NSE,AEGISVOPAK.NS,257.43,74.1,26.1,0.905,6.84,-14.76,23.55,3.91,9,True,111111111
ABSLAMC,Aditya Birla Sun Life AMC Limited,NSE,ABSLAMC.NS,1178.4,59.0,39.3,-0.015,3.32,-3.8,49.78,4.06,7,False,100111111
AEGISLOG,Aegis Logistics Limited,NSE,AEGISLOG.NS,1325.4,93.2,63.8,23.708,1.78,-1.59,280.28,4.45,6,False,010111110
AETHER,Aether Industries Limited,NSE,AETHER.NS,1359.6,69.6,39.9,13.746,1.48,-2.36,46.36,3.74,6,False,110011110
AEROENTER,Aeroflex Enterprises Limited,NSE,AEROENTER.NS,130.65,58.3,43.8,-0.254,1.62,-12.64,14.56,5.64,6,False,100110111
AEQUS,Aequs Limited,NSE,AEQUS.NS,236.54,64.4,41.8,1.576,2.0,-4.2,111.29,5.54,6,False,110110101
ACMESOLAR,Acme Solar Holdings Limited,NSE,ACMESOLAR.NS,383.25,69.6,48.7,2.794,1.98,-3.74,73.87,3.9,8,False,110111111
ACE,Action Construction Equipment Limited,NSE,ACE.NS,989.9,57.8,34.1,1.258,1.33,-18.79,38.26,3.05,6,True,110010111
ADANIENSOL,Adani Energy Solutions Limited,NSE,ADANIENSOL.NS,1568.8,63.2,21.1,-1.157,2.39,-2.85,464.81,3.32,7,False,101111110
ADOR,Ador Welding Limited,NSE,ADOR.NS,1317.8,74.1,35.6,6.347,2.07,-3.1,3.77,3.12,8,False,110111111
ADANIPORTS,Adani Ports and Special Economic Zone Limited,NSE,ADANIPORTS.NS,1874.2,62.3,15.6,2.402,1.58,-0.89,463.98,2.07,7,True,110111110
ADFFOODS,ADF Foods Limited,NSE,ADFFOODS.NS,320.4,65.9,46.0,0.568,23.56,-7.65,19.19,4.9,8,False,110111111
ACUTAAS,Acutaas Chemicals Limited,NSE,ACUTAAS.NS,3694.8,76.5,50.0,36.493,4.44,-0.97,146.04,3.42,6,False,010111110
ADANIENT,Adani Enterprises Limited,NSE,ADANIENT.NS,3212.1,69.2,38.8,4.483,1.35,-0.54,708.29,2.67,6,False,110011110
BAJAJHFL,Bajaj Housing Finance Limited,NSE,BAJAJHFL.NS,91.35,69.2,31.7,0.358,7.4,-26.33,44.37,2.14,7,True,110111101
BAJAJHCARE,Bajaj Healthcare Limited,NSE,BAJAJHCARE.NS,344.6,64.4,27.1,4.659,28.82,-37.64,17.74,4.09,7,True,111111100
AYE,Aye Finance Limited,NSE,AYE.NS,176.06,61.7,44.5,0.895,1.43,-4.73,31.15,5.26,6,False,110011101
BAJAJFINSV,Bajaj Finserv Limited,NSE,BAJAJFINSV.NS,1895.6,70.8,24.6,14.544,1.93,-13.64,186.95,2.14,9,True,111111111
BAJAJHLDNG,Bajaj Holdings & Investment Limited,NSE,BAJAJHLDNG.NS,11079.0,67.4,22.2,45.178,1.96,-24.95,49.28,2.35,8,True,111111101
AZAD,Azad Engineering Limited,NSE,AZAD.NS,2149.1,57.2,13.5,0.533,2.15,-8.55,97.89,3.86,7,True,110101111
BAJFINANCE,Bajaj Finance Limited,NSE,BAJFINANCE.NS,1031.4,74.3,33.8,7.417,2.17,-6.45,854.08,2.25,8,True,110111111
AVALON,Avalon Technologies Limited,NSE,AVALON.NS,1788.3,68.2,29.2,-9.076,1.06,-3.49,84.8,4.18,7,False,101011111
AVL,Aditya Vision Limited,NSE,AVL.NS,638.55,64.3,31.3,1.953,2.04,-9.43,16.9,4.0,8,False,110111111
AVANTEL,Avantel Limited,NSE,AVANTEL.NS,177.98,58.0,16.2,0.253,1.59,-17.22,42.62,3.92,7,True,110101111
BALAMINES,Balaji Amines Limited,NSE,BALAMINES.NS,2194.2,60.4,28.4,-10.954,1.4,-4.1,90.64,5.02,7,False,101011111
AXISBANK,Axis Bank Limited,NSE,AXISBANK.NS,1342.1,51.4,20.1,-3.129,1.84,-5.37,892.86,1.88,6,True,001110111
BDL,Bharat Dynamics Limited,NSE,BDL.NS,1388.2,62.2,24.9,9.052,1.83,-31.06,180.09,2.88,7,True,111110101
BCLIND,Bcl Industries Limited,NSE,BCLIND.NS,36.52,57.5,21.2,-0.17,1.08,-25.92,5.28,4.33,7,True,101011111
BASF,BASF India Limited,NSE,BASF.NS,3664.1,57.4,22.7,20.098,0.65,-30.34,11.39,3.17,7,True,111011101
BANCOINDIA,Banco Products (I) Limited,NSE,BANCOINDIA.NS,689.1,62.8,18.2,-0.247,2.07,-21.68,15.91,3.19,8,True,101111111
BANSALWIRE,Bansal Wire Industries Limited,NSE,BANSALWIRE.NS,365.8,72.1,25.3,5.498,6.9,-15.77,5.14,3.85,9,True,111111111
AUTOIND,Autoline Industries Limited,NSE,AUTOIND.NS,84.76,57.7,14.6,0.372,0.41,-9.0,2.39,5.01,7,True,110011111
BALRAMCHIN,Balrampur Chini Mills Limited,NSE,BALRAMCHIN.NS,562.45,58.7,22.9,1.891,1.31,-10.41,36.95,3.0,8,True,111011111
AURUM,Aurum PropTech Limited,NSE,AURUM.NS,231.9,85.9,43.2,2.395,3.05,-2.15,2.79,3.56,6,False,010111110
ARMANFIN,Arman Financial Services Limited,NSE,ARMANFIN.NS,1743.9,60.7,14.5,9.925,1.07,-8.53,8.44,3.83,6,True,110001111
ARROWGREEN,Arrow Greentech Limited,NSE,ARROWGREEN.NS,622.85,63.7,34.0,1.786,0.44,-23.85,5.13,4.45,7,True,110011111
ARKADE,Arkade Developers Limited,NSE,ARKADE.NS,123.97,62.6,23.6,0.789,1.41,-41.99,3.58,2.83,6,True,111011100
ARSSBL,Anand Rathi Share and Stock Brokers Limited,NSE,ARSSBL.NS,562.7,56.7,18.4,2.459,1.7,-29.21,18.1,3.02,8,False,111111101
ARVSMART,Arvind SmartSpaces Limited,NSE,ARVSMART.NS,610.25,56.6,20.0,0.388,0.39,-11.26,8.32,2.65,6,True,111000111
ARVIND,Arvind Limited,NSE,ARVIND.NS,569.05,68.1,50.7,2.875,4.57,-5.16,58.65,3.81,8,False,110111111
APOLLO,Apollo Micro Systems Limited,NSE,APOLLO.NS,450.05,63.9,30.5,-0.159,1.51,-3.53,907.37,4.72,7,False,100111111
APLLTD,Alembic Pharmaceuticals Limited,NSE,APLLTD.NS,823.7,69.3,29.6,7.797,5.34,-21.16,13.24,2.94,9,True,111111111
APTUS,Aptus Value Housing Finance India Limited,NSE,APTUS.NS,287.85,68.5,25.0,2.219,2.28,-20.92,40.05,2.99,9,True,111111111
APOLLOTYRE,Apollo Tyres Limited,NSE,APOLLOTYRE.NS,448.5,65.3,25.9,3.097,2.82,-17.02,61.79,2.73,9,True,111111111
ASHIANA,Ashiana Housing Limited,NSE,ASHIANA.NS,389.9,58.9,22.3,0.581,1.85,-3.97,3.21,3.83,9,True,111111111
APOLLOHOSP,Apollo Hospitals Enterprise Limited,NSE,APOLLOHOSP.NS,8893.5,75.9,25.7,15.029,1.26,-0.3,321.96,1.54,6,True,011011110
ATGL,Adani Total Gas Limited,NSE,ATGL.NS,721.75,52.0,25.3,-2.889,0.51,-16.06,486.17,3.74,6,True,001011111
ATALREAL,Atal Realtech Limited,NSE,ATALREAL.NS,28.06,43.5,19.1,-0.361,1.68,-12.31,17.71,5.02,6,True,001110111
ATHERENERG,Ather Energy Limited,NSE,ATHERENERG.NS,1130.0,68.2,45.9,12.876,2.78,-3.93,412.31,4.09,8,False,110111111
ATULAUTO,Atul Auto Limited,NSE,ATULAUTO.NS,489.9,60.2,28.1,3.517,3.77,-11.57,10.0,3.21,9,True,111111111
AUROPHARMA,Aurobindo Pharma Limited,NSE,AUROPHARMA.NS,1620.5,71.2,27.9,10.938,3.37,-1.0,204.28,2.32,8,False,111111110
ASHOKLEY,Ashok Leyland Limited,NSE,ASHOKLEY.NS,164.35,59.6,14.2,1.385,2.35,-23.71,413.93,2.9,7,True,110111011
AUBANK,AU Small Finance Bank Limited,NSE,AUBANK.NS,1058.4,61.2,26.8,2.696,5.4,-1.96,191.82,2.41,7,True,111110110
ASIANPAINT,Asian Paints Limited,NSE,ASIANPAINT.NS,2737.8,60.3,32.3,-2.064,3.83,-8.3,327.89,1.92,7,True,100111111
EBGNG,GNG Electronics Limited,NSE,EBGNG.NS,641.15,73.8,46.0,16.441,2.58,-7.01,37.03,4.69,8,False,110111111
INTELLECT,Intellect Design Arena Limited,NSE,INTELLECT.NS,787.0,63.4,15.7,0.69,2.31,-36.77,48.0,3.32,6,True,110111100
ASTERDM,Aster DM Healthcare Limited,NSE,ASTERDM.NS,793.2,57.8,19.5,-1.217,1.09,-5.18,70.57,3.18,6,True,101010111
IPCALAB,IPCA Laboratories Limited,NSE,IPCALAB.NS,1778.9,75.4,28.9,17.164,3.25,-0.53,45.22,2.96,7,True,011111110
IOLCP,IOL Chemicals and Pharmaceuticals Limited,NSE,IOLCP.NS,142.96,61.9,41.8,0.749,2.33,-5.45,55.07,4.93,8,False,110111111
IONEXCHANG,ION Exchange (India) Limited,NSE,IONEXCHANG.NS,418.35,67.1,31.3,5.314,4.25,-27.96,19.11,3.47,8,True,110111111
INDUSINDBK,IndusInd Bank Limited,NSE,INDUSINDBK.NS,974.35,65.3,20.6,3.429,1.7,-0.41,205.59,2.27,8,True,111111110
INDSWFTLAB,Ind-Swift Laboratories Limited,NSE,INDSWFTLAB.NS,214.16,82.7,51.4,1.999,1.65,-1.23,19.14,4.02,6,False,010111110
J&KBANK,The Jammu & Kashmir Bank Limited,NSE,J&KBANK.NS,165.2,67.1,32.3,-0.542,1.81,-1.17,63.5,3.11,6,False,100111110
JAGSNPHARM,Jagsonpal Pharmaceuticals Limited,NSE,JAGSNPHARM.NS,236.62,68.9,34.8,1.784,29.56,-21.56,7.93,4.44,8,True,110111111
INDOTECH,Indo Tech Transformers Limited,NSE,INDOTECH.NS,3136.7,67.3,32.4,38.828,3.59,-4.95,15.57,4.37,8,False,110111111
IREDA,Indian Renewable Energy Development Agency Limited,NSE,IREDA.NS,128.49,54.0,19.9,0.365,0.93,-24.49,85.34,2.18,6,True,011011101
JAMNAAUTO,Jamna Auto Industries Limited,NSE,JAMNAAUTO.NS,138.75,66.8,26.8,0.82,2.41,-9.08,29.2,3.0,9,True,111111111
JAYBARMARU,Jay Bharat Maruti Limited,NSE,JAYBARMARU.NS,171.55,70.5,55.8,-1.033,0.66,-4.1,22.01,4.93,6,False,100011111
JBCHEPHARM,JB Chemicals & Pharmaceuticals Limited,NSE,JBCHEPHARM.NS,2364.6,75.0,27.9,11.026,3.22,-0.3,61.81,2.23,8,True,111111110
JASH,Jash Engineering Limited,NSE,JASH.NS,492.0,52.9,28.9,-4.446,5.33,-21.01,10.32,5.21,6,True,001110111
IRMENERGY,IRM Energy Limited,NSE,IRMENERGY.NS,271.65,51.5,18.5,0.817,0.06,-30.88,143.93,4.35,7,True,011011111
IXIGO,Le Travenues Technology Limited,NSE,IXIGO.NS,222.23,76.6,36.4,3.826,4.01,-34.47,34.09,3.79,7,True,010111111
IVALUE,Ivalue Infosolutions Limited,NSE,IVALUE.NS,270.95,56.4,35.0,0.84,23.77,-20.31,11.68,4.83,6,False,110110101
INDOSTAR,IndoStar Capital Finance Limited,NSE,INDOSTAR.NS,256.65,60.8,31.4,-0.141,1.24,-28.61,3.74,4.37,6,True,100011111
HYUNDAI,Hyundai Motor India Limited,NSE,HYUNDAI.NS,1993.4,59.0,20.6,-3.768,0.59,-31.02,257.06,2.41,6,True,101011101
IBULLSLTD,Indiabulls Limited,NSE,IBULLSLTD.NS,29.3,76.6,40.9,0.111,1.86,-0.07,21.51,4.34,6,False,010111110
ICICIBANK,ICICI Bank Limited,NSE,ICICIBANK.NS,1411.4,72.9,33.8,4.51,1.16,-5.91,2038.57,1.71,7,True,110011111
ITCHOTELS,ITC Hotels Limited,NSE,ITCHOTELS.NS,178.62,68.2,42.1,1.037,1.2,-31.73,58.06,2.63,6,True,110011101
HUHTAMAKI,Huhtamaki India Limited,NSE,HUHTAMAKI.NS,215.63,78.9,39.6,3.206,4.1,-20.91,3.31,3.26,7,True,010111111
IDFCFIRSTB,IDFC First Bank Limited,NSE,IDFCFIRSTB.NS,80.46,68.4,42.8,-0.088,2.25,-7.52,189.06,2.08,6,True,100110111
IDEA,Vodafone Idea Limited,NSE,IDEA.NS,14.25,51.6,26.3,-0.129,1.91,-7.11,730.62,3.17,7,False,001111111
HUDCO,Housing & Urban Development Corporation Limited,NSE,HUDCO.NS,215.56,60.6,8.9,0.245,2.2,-12.68,72.9,2.72,7,True,110101111
ICIL,Indo Count Industries Limited,NSE,ICIL.NS,426.5,67.6,48.6,2.375,1.24,-8.04,40.02,4.81,7,False,110011111
HNDFDS,Hindustan Foods Limited,NSE,HNDFDS.NS,551.05,53.8,27.4,-0.201,2.36,-5.79,3.78,3.05,7,True,001111111
HUBTOWN,Hubtown Limited,NSE,HUBTOWN.NS,212.88,57.8,19.0,1.768,1.47,-41.79,13.73,3.79,6,True,111011100
HONAUT,Honeywell Automation India Limited,NSE,HONAUT.NS,39515.0,71.0,46.6,13.261,0.63,-4.67,39.15,2.4,6,True,110010111
HOMEFIRST,Home First Finance Company India Limited,NSE,HOMEFIRST.NS,1205.2,62.3,22.3,8.024,3.38,-20.66,25.19,3.58,8,True,111110111
HONASA,Honasa Consumer Limited,NSE,HONASA.NS,461.75,73.5,39.5,3.86,2.25,-2.45,121.22,3.29,7,False,110111110
HSCL,Himadri Speciality Chemical Limited,NSE,HSCL.NS,680.65,57.0,20.8,-4.02,1.5,-5.2,795.61,4.35,7,False,101011111
INDIAGLYCO,India Glycols Limited,NSE,INDIAGLYCO.NS,1075.75,71.1,16.3,14.541,2.98,-11.97,13.39,3.31,8,True,110111111
IFGLEXPOR,IFGL Refractories Limited,NSE,IFGLEXPOR.NS,221.46,71.5,21.5,1.942,14.44,-34.48,3.25,4.76,9,True,111111111
INDIGOPNTS,Indigo Paints Limited,NSE,INDIGOPNTS.NS,1065.9,65.3,38.0,3.063,3.55,-20.8,12.08,3.42,8,True,110111111
INDIGO,InterGlobe Aviation Limited,NSE,INDIGO.NS,5426.5,72.2,33.7,31.397,2.35,-12.93,571.63,2.22,8,True,110111111
INDOBORAX,Indo Borax & Chemicals Limited,NSE,INDOBORAX.NS,392.25,69.9,65.4,-1.159,0.42,-7.29,8.56,4.48,6,False,100011111
INDIANHUME,Indian Hume Pipe Company Limited,NSE,INDIANHUME.NS,348.25,66.9,25.3,3.068,4.54,-27.3,7.13,3.72,8,True,111111101
INDOCO,Indoco Remedies Limited,NSE,INDOCO.NS,244.0,62.9,34.0,0.595,1.35,-30.25,11.25,4.57,7,True,110011111
INDOFARM,Indo Farm Equipment Limited,NSE,INDOFARM.NS,163.61,70.4,27.9,1.725,24.51,-39.78,6.73,4.85,8,True,111111110
IGARASHI,Igarashi Motors India Limited,NSE,IGARASHI.NS,493.75,73.3,43.1,5.186,0.44,-25.75,18.35,4.32,7,True,110011111
INDHOTEL,The Indian Hotels Company Limited,NSE,INDHOTEL.NS,728.6,66.1,20.7,0.009,2.16,-10.27,164.28,1.93,9,True,111111111
INDIQUBE,Indiqube Spaces Limited,NSE,INDIQUBE.NS,170.13,56.0,22.5,0.432,1.75,-30.22,2.37,4.12,7,True,111110101
INDNIPPON,India Nippon Electricals Limited,NSE,INDNIPPON.NS,986.7,66.8,49.4,2.83,1.61,-10.29,5.03,3.37,8,True,110111111
IIFL,IIFL Finance Limited,NSE,IIFL.NS,519.55,55.0,18.7,-2.953,1.19,-23.03,166.16,3.66,6,True,101010111
IKS,Inventurus Knowledge Solutions Limited,NSE,IKS.NS,1861.2,73.8,36.4,15.668,5.97,-1.05,43.09,2.79,7,True,110111110
IMAGICAA,Imagicaaworld Entertainment Limited,NSE,IMAGICAA.NS,47.86,56.0,25.6,0.199,2.4,-32.4,4.31,4.48,8,True,111111101
IKIO,IKIO Technologies Limited,NSE,IKIO.NS,202.82,80.1,18.1,2.813,25.57,-19.8,30.84,4.36,8,False,011111111
KOPRAN,Kopran Limited,NSE,KOPRAN.NS,193.31,57.4,29.8,-0.86,0.2,-11.73,13.44,4.49,6,False,101010111
KIRLOSIND,Kirloskar Industries Limited,NSE,KIRLOSIND.NS,4099.9,66.5,45.3,20.599,0.58,-13.25,14.3,4.87,6,False,110010111
KIRLOSENG,Kirloskar Oil Engines Limited,NSE,KIRLOSENG.NS,2230.8,56.5,43.8,-8.651,1.34,-17.99,174.34,5.09,6,False,100011111
KMEW,Knowledge Marine & Engineering Works Limited,NSE,KMEW.NS,2256.5,58.8,17.8,8.018,1.35,-6.32,35.03,5.84,6,False,110010111
KEI,KEI Industries Limited,NSE,KEI.NS,5270.5,47.3,11.1,-40.054,4.17,-7.66,202.5,3.45,6,True,000111111
KILITCH,Kilitch Drugs (India) Limited,NSE,KILITCH.NS,188.45,52.9,30.7,-0.002,1.7,-24.62,2.6,5.47,6,True,000111111
KIMS,Krishna Institute of Medical Sciences Limited,NSE,KIMS.NS,850.65,70.8,33.5,3.324,2.02,-0.6,47.58,2.65,7,True,110111110
KRYSTAL,Krystal Integrated Services Limited,NSE,KRYSTAL.NS,604.3,62.0,54.8,0.869,1.29,-17.16,5.69,2.06,6,True,110010111
KSHINTL,KSH International Limited,NSE,KSHINTL.NS,847.55,57.0,22.5,-8.794,1.52,-6.75,38.7,5.02,7,False,101111101
KSB,Ksb Limited,NSE,KSB.NS,936.1,63.5,33.8,6.412,0.67,-8.97,18.71,3.0,7,True,110011111
EDELWEISS,Edelweiss Financial Services Limited,NSE,EDELWEISS.NS,124.33,58.4,24.1,0.198,0.86,-7.15,59.43,3.68,7,True,111010111
KSCL,Kaveri Seed Company Limited,NSE,KSCL.NS,919.2,55.8,24.1,3.337,0.49,-24.96,22.51,3.07,6,True,111010101
KSL,Kalyani Steels Limited,NSE,KSL.NS,882.1,65.7,15.5,7.121,2.5,-10.34,4.15,3.21,8,True,110111111
KRISHNADEF,Krishna Defence And Allied Industries Limited,NSE,KRISHNADEF.NS,1253.2,53.4,21.2,-13.531,8.38,-10.49,22.37,5.37,6,False,001110111
KTKBANK,The Karnataka Bank Limited,NSE,KTKBANK.NS,263.4,45.5,18.6,-1.173,0.84,-6.91,68.68,3.14,6,True,001011111
KPIL,Kalpataru Projects International Limited,NSE,KPIL.NS,1384.0,58.1,35.0,-4.162,2.31,-6.46,35.21,3.09,6,True,100110111
KPRMILL,K.P.R. Mill Limited,NSE,KPRMILL.NS,1184.5,61.7,44.6,-0.644,1.36,-11.21,86.97,4.58,6,True,100011111
KRISHANA,Krishana Phoschem Limited,NSE,KRISHANA.NS,151.85,68.0,25.0,0.727,2.24,-0.3,22.71,3.78,8,False,111111110
JNKINDIA,JNK India Limited,NSE,JNKINDIA.NS,483.75,57.9,36.7,-4.481,0.46,-6.79,62.6,5.32,6,False,100011111
KDDL,KDDL Limited,NSE,KDDL.NS,3244.0,64.2,51.9,8.938,0.99,-5.04,16.13,4.07,7,False,110011111
JSFB,Jana Small Finance Bank Limited,NSE,JSFB.NS,469.3,51.6,11.6,0.477,1.68,-7.44,31.22,3.44,6,True,010110111
JSWINFRA,JSW Infrastructure Limited,NSE,JSWINFRA.NS,326.05,64.8,33.6,0.977,2.12,-6.58,108.88,3.13,8,True,110111111
JSWDULUX,JSW Dulux Limited,NSE,JSWDULUX.NS,3276.6,61.3,48.6,-4.427,2.46,-16.32,9.99,3.05,7,True,100111111
JTLIND,JTL INDUSTRIES LIMITED,NSE,JTLIND.NS,82.29,65.3,24.6,0.336,2.27,-4.3,26.26,4.57,9,True,111111111
JSWCEMENT,JSW Cement Limited,NSE,JSWCEMENT.NS,136.57,64.8,29.6,0.56,0.5,-15.78,74.05,2.36,7,True,111010111
JLHL,Jupiter Life Line Hospitals Limited,NSE,JLHL.NS,1456.3,82.0,27.0,10.159,2.61,-10.38,6.8,2.51,8,True,011111111
JTEKTINDIA,Jtekt India Limited,NSE,JTEKTINDIA.NS,146.92,65.7,28.9,1.931,31.88,-22.06,13.06,4.35,9,True,111111111
JMFINANCIL,JM Financial Limited,NSE,JMFINANCIL.NS,130.66,57.5,12.5,0.952,1.85,-34.6,36.59,3.24,6,True,110111001
JINDALSAW,Jindal Saw Limited,NSE,JINDALSAW.NS,260.95,59.4,17.6,-0.059,0.67,-3.32,57.74,3.43,6,False,100011111
JKCEMENT,JK Cement Limited,NSE,JKCEMENT.NS,5495.5,56.3,15.9,27.656,3.72,-27.36,41.81,3.35,6,True,110110101
JKTYRE,JK Tyre & Industries Limited,NSE,JKTYRE.NS,412.55,58.9,18.6,2.23,2.91,-32.58,55.29,3.1,7,True,111111001
JUBLINGREA,Jubilant Ingrevia Limited,NSE,JUBLINGREA.NS,678.95,61.1,18.3,6.78,2.37,-20.29,17.8,3.12,8,True,111111011
KAMDHENU,Kamdhenu Limited,NSE,KAMDHENU.NS,31.25,67.7,21.5,0.065,0.95,-5.27,4.56,4.51,8,False,111011111
KARURVYSYA,Karur Vysya Bank Limited,NSE,KARURVYSYA.NS,291.8,49.6,11.2,0.264,2.7,-15.04,83.56,2.83,6,True,010101111
JUBLPHARMA,Jubilant Pharmova Limited,NSE,JUBLPHARMA.NS,969.2,49.3,19.0,-0.32,1.71,-22.34,11.04,2.55,6,True,001111101
KCP,KCP Limited,NSE,KCP.NS,170.98,55.6,25.8,0.128,0.46,-25.44,2.62,3.19,6,True,111010101
JYOTICNC,Jyoti CNC Automation Limited,NSE,JYOTICNC.NS,770.35,63.1,39.9,6.997,1.0,-28.93,102.49,3.68,6,True,110011101
KAJARIACER,Kajaria Ceramics Limited,NSE,KAJARIACER.NS,1202.3,68.2,38.9,3.086,1.35,-9.05,33.98,2.5,7,True,110011111
GALAXYSURF,Galaxy Surfactants Limited,NSE,GALAXYSURF.NS,2049.9,71.2,35.1,17.191,1.4,-25.46,3.04,3.26,7,True,110011111
FORTIS,Fortis Healthcare Limited,NSE,FORTIS.NS,974.6,55.7,12.6,-0.955,5.34,-11.75,137.9,2.25,6,True,100110111
FLUOROCHEM,Gujarat Fluorochemicals Limited,NSE,FLUOROCHEM.NS,3965.5,67.5,22.9,13.239,1.61,-1.8,43.74,2.71,8,True,111111110
FUSION,Fusion Finance Limited,NSE,FUSION.NS,229.4,77.2,25.6,5.276,7.62,-2.09,16.07,4.4,7,False,011111110
FOSECOIND,Foseco India Limited,NSE,FOSECOIND.NS,5209.5,54.3,33.5,4.279,1.28,-23.9,3.74,3.28,6,True,010011111
GABRIEL,Gabriel India Limited,NSE,GABRIEL.NS,1231.8,61.0,34.6,4.257,1.87,-11.25,49.58,3.68,8,True,110111111
FIVESTAR,Five-Star Business Finance Limited,NSE,FIVESTAR.NS,550.4,73.8,28.6,6.0,2.02,-30.72,67.19,3.59,9,True,111111111
FILATEX,Filatex India Limited,NSE,FILATEX.NS,55.95,68.8,28.6,-0.226,3.82,-15.36,6.19,3.39,8,True,101111111
GAEL,Gujarat Ambuja Exports Limited,NSE,GAEL.NS,164.52,58.5,27.1,0.603,2.38,-7.53,14.49,3.01,9,True,111111111
FINCABLES,Finolex Cables Limited,NSE,FINCABLES.NS,1100.1,49.8,24.0,-3.162,2.02,-8.62,66.69,4.31,6,True,001110111
FINEORG,Fine Organic Industries Limited,NSE,FINEORG.NS,5206.5,60.9,31.2,4.06,1.57,-5.23,6.48,3.22,7,True,110110111
FISCHER,Fischer Medical Ventures Limited,NSE,FISCHER.NS,39.29,58.8,19.2,0.588,6.82,-68.49,5.4,5.25,7,True,111111100
GANDHAR,Gandhar Oil Refinery (India) Limited,NSE,GANDHAR.NS,186.73,69.7,46.0,1.139,0.9,-1.14,18.8,3.84,6,False,110011110
GALAPREC,Gala Precision Engineering Limited,NSE,GALAPREC.NS,1183.4,69.5,52.2,7.347,1.31,-3.74,9.4,5.03,7,False,110011111
GHCLTEXTIL,GHCL Textiles Limited,NSE,GHCLTEXTIL.NS,106.75,67.3,23.0,1.031,2.69,-0.42,5.92,3.97,8,False,111111110
GEOJITFSL,Geojit Financial Services Limited,NSE,GEOJITFSL.NS,79.52,62.2,19.4,-0.135,0.93,-8.81,3.08,2.96,7,True,101011111
GCSL,Gretex Corporate Services Limited,NSE,GCSL.NS,490.45,77.6,19.5,3.363,3.36,-1.29,21.81,3.72,7,False,011111110
GANESHHOU,GANESH HOUSING LIMITED,NSE,GANESHHOU.NS,810.5,72.3,22.8,0.313,1.92,-22.81,4.31,3.26,9,True,111111111
GARFIBRES,Garware Technical Fibres Limited,NSE,GARFIBRES.NS,731.05,55.6,32.8,-2.904,1.1,-24.63,13.08,3.86,6,True,100011111
GAUDIUMIVF,Gaudium IVF and Women Health Limited,NSE,GAUDIUMIVF.NS,116.9,61.4,15.4,1.267,1.03,-12.11,2.48,2.32,6,False,110011101
GANECOS,Ganesha Ecosphere Limited,NSE,GANECOS.NS,1027.75,69.3,30.4,11.038,6.44,-34.99,21.02,3.91,7,True,110111011
GARUDA,Garuda Construction and Engineering Limited,NSE,GARUDA.NS,178.12,54.0,22.0,0.739,0.41,-28.55,23.82,3.99,7,True,011011111
FDC,FDC Limited,NSE,FDC.NS,433.8,70.9,33.2,3.472,1.36,-17.81,14.47,3.09,7,True,110011111
GATEWAY,Gateway Distriparks Limited,NSE,GATEWAY.NS,61.86,60.8,17.3,0.075,1.4,-19.14,5.87,3.25,6,True,110010111
EMAMILTD,Emami Limited,NSE,EMAMILTD.NS,420.05,60.1,23.3,3.332,1.99,-33.77,22.06,2.76,7,True,111111001
EMIL,Electronics Mart India Limited,NSE,EMIL.NS,140.68,75.6,26.5,2.425,3.09,-16.51,25.31,4.02,8,False,011111111
EMSLIMITED,EMS Limited,NSE,EMSLIMITED.NS,427.65,68.7,38.2,5.372,1.22,-34.71,49.79,5.14,7,True,110011111
ELGIEQUIP,Elgi Equipments Limited,NSE,ELGIEQUIP.NS,578.55,42.5,33.8,-4.755,2.01,-8.72,31.82,3.17,6,True,000111111
EMCURE,Emcure Pharmaceuticals Limited,NSE,EMCURE.NS,1839.1,59.6,28.4,2.798,0.91,-5.4,42.42,3.02,8,True,111011111
EIEL,Enviro Infra Engineers Limited,NSE,EIEL.NS,235.46,71.7,29.9,2.784,4.9,-23.15,63.67,4.35,9,True,111111111
EXCELSOFT,Excelsoft Technologies Limited,NSE,EXCELSOFT.NS,83.44,56.2,18.8,0.716,12.4,-41.48,10.89,4.08,6,False,111111000
EIHOTEL,EIH Limited,NSE,EIHOTEL.NS,329.4,63.0,23.6,1.516,2.36,-24.24,5.24,2.52,7,True,111110101
EIMCOELECO,Eimco Elecon (India) Limited,NSE,EIMCOELECO.NS,1845.5,65.7,26.7,21.93,7.85,-38.89,6.93,4.82,8,True,111111110
EVERESTIND,Everest Industries Limited,NSE,EVERESTIND.NS,491.7,68.0,34.2,13.354,4.86,-34.44,2.08,5.46,8,True,110111111
EUROPRATIK,Euro Pratik Sales Limited,NSE,EUROPRATIK.NS,306.25,73.8,33.7,2.923,3.3,-21.47,8.16,4.33,7,False,110111101
EVEREADY,Eveready Industries India Limited,NSE,EVEREADY.NS,367.8,63.5,48.2,0.044,1.32,-22.6,6.67,3.28,7,True,110011111
EXICOM,Exicom Tele-Systems Limited,NSE,EXICOM.NS,178.01,63.1,31.5,-0.052,1.05,-10.82,109.4,5.96,6,False,100011111
FABTECH,Fabtech Technologies Limited,NSE,FABTECH.NS,166.11,68.3,29.8,1.13,4.59,-36.79,6.76,4.01,7,False,111111100
EXIDEIND,Exide Industries Limited,NSE,EXIDEIND.NS,416.6,66.6,23.6,1.537,5.35,-3.34,150.29,2.81,9,True,111111111
ETERNAL,ETERNAL LIMITED,NSE,ETERNAL.NS,281.65,71.3,21.8,2.709,2.05,-23.56,827.72,2.73,9,True,111111111
EPL,EPL Limited,NSE,EPL.NS,237.17,63.8,19.9,0.432,2.27,-3.37,14.33,2.82,9,True,111111111
ENTERO,Entero Healthcare Solutions Limited,NSE,ENTERO.NS,1212.4,60.0,17.8,13.516,0.72,-12.78,16.16,3.5,6,True,110011011
EQUITASBNK,Equitas Small Finance Bank Limited,NSE,EQUITASBNK.NS,76.3,56.1,20.0,-0.308,0.59,-4.79,33.85,3.34,6,True,101010111
ESCORTS,Escorts Kubota Limited,NSE,ESCORTS.NS,2964.9,58.1,18.2,21.703,1.32,-29.07,45.87,2.59,6,True,111011001
ESAFSFB,ESAF Small Finance Bank Limited,NSE,ESAFSFB.NS,34.15,65.3,43.8,0.043,1.44,-8.2,5.74,4.82,6,False,110010111
HAPPYFORGE,Happy Forgings Limited,NSE,HAPPYFORGE.NS,1499.1,57.0,29.9,3.375,0.7,-5.74,17.61,3.3,7,False,111010111
HCG,Healthcare Global Enterprises Limited,NSE,HCG.NS,654.8,63.5,18.2,3.671,2.17,-18.62,9.95,2.88,9,True,111111111
GULFOILLUB,Gulf Oil Lubricants India Limited,NSE,GULFOILLUB.NS,1055.6,61.9,35.9,1.266,2.5,-20.57,7.58,2.79,7,True,110111101
HAL,Hindustan Aeronautics Limited,NSE,HAL.NS,4428.9,55.4,14.6,7.754,0.83,-12.56,482.49,2.17,6,True,110010111
GUFICBIO,Gufic Biosciences Limited,NSE,GUFICBIO.NS,389.95,61.3,46.2,0.547,27.69,-12.96,11.5,4.98,8,True,110111111
HDBFS,HDB Financial Services Limited,NSE,HDBFS.NS,747.05,67.6,28.3,3.484,1.35,-16.24,42.99,2.6,8,True,111011111
HDFCAMC,HDFC Asset Management Company Limited,NSE,HDFCAMC.NS,2800.2,63.2,14.9,19.225,1.92,-5.63,223.44,2.34,8,True,110111111
HIKAL,Hikal Limited,NSE,HIKAL.NS,222.1,65.7,31.7,2.121,1.59,-37.44,7.17,3.66,7,True,110111110
HIMATSEIDE,Himatsingka Seide Limited,NSE,HIMATSEIDE.NS,89.19,61.5,28.9,0.842,2.38,-45.75,10.14,3.84,7,True,111111100
HINDWAREAP,Hindware Home Innovation Limited,NSE,HINDWAREAP.NS,250.8,56.9,28.6,-0.006,3.08,-36.13,10.44,4.25,7,True,101111110
HDFCBANK,HDFC Bank Limited,NSE,HDFCBANK.NS,801.05,61.0,22.0,2.01,1.34,-21.5,2681.49,1.76,7,True,111011101
HEXT,Hexaware Technologies Limited,NSE,HEXT.NS,546.6,65.0,22.3,5.359,9.1,-39.27,44.46,3.68,7,True,111111100
HESTERBIO,Hester Biosciences Limited,NSE,HESTERBIO.NS,2198.4,64.9,64.2,-1.562,0.86,-6.45,3.17,4.41,6,False,100011111
HEMIPROP,Hemisphere Properties India Limited,NSE,HEMIPROP.NS,142.94,56.4,16.3,0.277,2.09,-25.04,13.71,2.73,8,True,110111111
GODREJIND,Godrej Industries Limited,NSE,GODREJIND.NS,1209.8,70.8,45.2,10.701,0.59,-8.69,42.32,3.22,7,True,110011111
GODREJPROP,Godrej Properties Limited,NSE,GODREJPROP.NS,1996.4,74.2,24.3,22.858,1.37,-17.09,133.41,2.54,8,True,111011111
GOKEX,Gokaldas Exports Limited,NSE,GOKEX.NS,858.9,68.3,36.3,7.111,1.35,-11.91,48.51,3.32,7,True,110011111
GLAXO,GlaxoSmithKline Pharmaceuticals Limited,NSE,GLAXO.NS,2395.5,59.1,29.9,22.502,1.84,-28.79,27.24,2.59,8,True,111111101
GNA,GNA Axles Limited,NSE,GNA.NS,466.0,74.2,39.1,6.889,2.16,-3.32,13.13,4.27,8,False,110111111
GLENMARK,Glenmark Pharmaceuticals Limited,NSE,GLENMARK.NS,2211.0,51.5,19.3,8.65,2.03,-10.63,158.25,2.64,6,True,011101011
GMRAIRPORT,GMR AIRPORTS LIMITED,NSE,GMRAIRPORT.NS,112.8,68.0,32.1,0.26,3.22,-1.61,224.33,2.54,7,True,110111110
GLAND,Gland Pharma Limited,NSE,GLAND.NS,2462.3,68.6,42.6,13.62,3.27,-2.61,157.38,3.21,7,False,110111110
GLOBUSSPR,Globus Spirits Limited,NSE,GLOBUSSPR.NS,910.5,56.1,20.5,8.817,1.45,-30.13,9.82,3.08,6,True,111011001
GMBREW,GM Breweries Limited,NSE,GMBREW.NS,977.6,67.2,26.4,8.62,1.89,-26.43,4.04,2.58,8,True,111111011
GREENLAM,Greenlam Industries Limited,NSE,GREENLAM.NS,267.05,67.8,33.4,0.303,0.33,-4.16,8.55,3.8,7,True,110011111
GOODLUCK,Goodluck India Limited,NSE,GOODLUCK.NS,1490.2,64.5,20.7,9.877,7.06,-3.16,31.85,3.77,9,False,111111111
GRINDWELL,Grindwell Norton Limited,NSE,GRINDWELL.NS,2088.5,55.2,44.5,-8.692,0.84,-8.97,20.47,3.65,6,False,100011111
GOLDIAM,Goldiam International Limited,NSE,GOLDIAM.NS,480.4,62.6,29.1,-3.211,1.7,-5.33,40.63,4.45,7,False,101110111
GROWW,Billionbrains Garage Ventures Limited,NSE,GROWW.NS,206.5,61.5,23.9,0.76,1.16,-9.11,842.07,2.8,7,False,111011101
GREAVESCOT,Greaves Cotton Limited,NSE,GREAVESCOT.NS,226.57,70.8,41.1,1.956,4.68,-7.26,38.29,4.11,8,False,110111111
GRWRHITECH,Garware Hi-Tech Films Limited,NSE,GRWRHITECH.NS,6875.0,67.6,44.4,-18.747,0.64,-3.29,67.45,4.0,6,False,100011111
GREENPLY,Greenply Industries Limited,NSE,GREENPLY.NS,316.0,72.9,39.0,0.426,0.56,-10.21,42.16,3.25,7,True,110011111
GRAVITA,Gravita India Limited,NSE,GRAVITA.NS,1724.4,59.5,21.8,0.832,2.14,-11.52,35.38,3.29,8,True,111110111
GRINFRA,G R Infraprojects Limited,NSE,GRINFRA.NS,912.95,50.0,21.1,1.959,0.28,-32.12,8.07,3.42,6,True,011011101
GPTINFRA,GPT Infraprojects Limited,NSE,GPTINFRA.NS,129.36,59.8,32.5,0.627,0.72,-13.76,5.11,4.2,6,True,110010111
GRANULES,Granules India Limited,NSE,GRANULES.NS,833.8,69.1,28.9,4.76,1.9,-0.74,104.76,2.92,8,False,111111110
539607,Blue Cloud Softech Solutions Ltd,BSE,539607.BO,21.45,55.7,22.1,0.153,2.9,-43.55,8.74,7.03,6,True,111101100
539730,Fredun Pharmaceuticals Ltd,BSE,539730.BO,2588.8,53.6,15.7,9.803,2.15,-10.45,3.52,5.77,7,False,010111111
590103,Nippon India ETF Nifty 50 BeES,BSE,590103.BO,274.33,60.9,14.4,0.401,1.42,-8.18,8.81,2.43,6,True,110011101
590106,Nippon India ETF Nifty Bank BeES,BSE,590106.BO,600.68,65.5,21.7,0.65,0.98,-5.86,2.66,1.71,8,True,111011111
543920,CFF Fluid Control Ltd,BSE,543920.BO,879.4,67.9,29.0,8.485,3.21,-2.18,2.9,3.61,8,False,111111110
544037,Amic Forging Ltd,BSE,544037.BO,1832.2,64.7,21.8,7.482,1.85,-3.82,18.59,3.72,9,True,111111111
506854,TANFAC Industries Ltd-$,BSE,506854.BO,2428.9,66.7,30.5,28.294,4.05,-6.04,3.05,4.48,7,True,110110111
524520,KMC Speciality Hospitals (India) Ltd,BSE,524520.BO,133.65,67.7,37.2,0.938,3.09,-6.44,2.7,4.61,8,False,110111111
526433,ASM Technologies Ltd,BSE,526433.BO,4031.55,66.5,38.9,13.359,1.16,-12.27,9.93,4.45,7,False,110011111
526570,Midwest Gold Ltd,BSE,526570.BO,4075.45,45.3,23.5,30.47,2.02,-30.92,2.16,6.5,7,True,011111011
