symbol,name,exchange,CMP,move_start_date,demand_low,demand_high,demand_fresh,demand_tested,demand_quality,demand_pattern,demand_date,ob_low,ob_high,ob_mitigated,ob_date,impulse_bull_fvgs,fvg_low,fvg_high,fvg_date,bos_level,bos_date,choch_before_bos,liquidity_sweep,liquidity_swept_desc,entry_range_pos_pct,entry_in_discount,bars_daily,smc_score_10
530689,Lykis Ltd,BSE,45.73,2025-11-20,30.15,33.0,True,False,Moderate,Drop-Base-Rally (DBR),2025-11-27,30.31,31.4,False,2025-12-01,1.0,33.0,34.06,2025-12-04,39.4,2025-12-18,True,True,sell-side swept (bullish stop-hunt),7.0,True,351.0,10.0
NGLFINE,NGL Fine-Chem Limited,NSE,2742.6,2025-12-19,1280.0,1354.0,True,False,Moderate,Rally-Base-Rally (RBR),2025-12-24,1280.0,1325.0,False,2025-12-29,1.0,1340.0,1364.0,2026-01-01,1356.0,2025-12-31,True,True,sell-side swept (bullish stop-hunt),42.4,True,354.0,10.0
RICOAUTO,Rico Auto Industries Limited,NSE,136.85,2025-11-06,85.1,102.0,True,False,Moderate,Drop-Base-Rally (DBR),2025-11-11,85.1,86.9,False,2025-11-11,4.0,100.36,110.25,2025-11-18,91.49,2025-11-12,True,True,none,30.8,True,354.0,10.0
TARIL,Transformers And Rectifiers (India) Limited,NSE,321.1,2026-02-02,239.12,257.48,True,False,Moderate,Drop-Base-Rally (DBR),2026-02-03,244.29,252.65,False,2026-02-06,4.0,277.84,296.2,2026-02-19,298.71,2026-02-18,True,True,none,1.7,True,354.0,10.0
SAKAR,Sakar Healthcare Limited,NSE,773.2,2025-09-16,332.1,350.0,True,False,Moderate,Drop-Base-Rally (DBR),2025-09-17,330.0,347.0,False,2025-09-16,1.0,350.0,360.0,2025-09-24,347.0,2025-09-23,True,True,sell-side swept (bullish stop-hunt),76.0,False,354.0,10.0
JAYNECOIND,Jayaswal Neco Industries Limited,NSE,96.46,2025-12-05,69.96,75.5,True,False,Moderate,Drop-Base-Rally (DBR),2025-12-15,69.96,71.85,False,2025-12-18,2.0,71.85,77.3,2025-12-22,73.64,2025-12-15,True,True,sell-side swept (bullish stop-hunt),67.8,False,354.0,10.0
BODALCHEM,Bodal Chemicals Limited,NSE,71.2,2026-03-13,42.81,50.0,True,False,Moderate,Drop-Base-Rally (DBR),2026-03-16,43.35,44.41,False,2026-03-17,5.0,56.0,59.0,2026-04-07,45.57,2026-03-18,True,True,sell-side swept (bullish stop-hunt),1.7,True,353.0,10.0
KINGFA,Kingfa Science & Technology (India) Limited,NSE,5367.0,2025-12-18,3725.1,3911.4,True,False,Moderate,Rally-Base-Rally (RBR),2025-12-15,4125.4,4289.9,False,2025-12-24,3.0,4240.0,4338.4,2025-12-31,3960.0,2025-12-19,True,True,sell-side swept (bullish stop-hunt),35.4,True,352.0,10.0
ABB,ABB India Limited,NSE,7167.5,2026-01-20,4649.5,5075.0,True,False,Moderate,Drop-Base-Rally (DBR),2026-01-22,4668.5,4775.0,False,2026-01-23,3.0,5537.0,5582.5,2026-02-04,5368.0,2026-01-29,True,True,none,1.9,True,354.0,10.0
SUVEN,Suven Life Sciences Limited,NSE,237.35,2026-03-23,128.0,148.95,True,False,Moderate,Drop-Base-Rally (DBR),2026-03-25,128.0,136.0,False,2026-03-27,4.0,182.5,186.6,2026-04-13,146.35,2026-04-01,True,True,none,2.0,True,354.0,10.0
APOLLO,Apollo Micro Systems Limited,NSE,421.35,2026-03-30,189.4,211.5,True,False,Moderate,Drop-Base-Rally (DBR),2026-04-02,205.01,211.5,False,2026-04-08,6.0,250.0,278.44,2026-04-20,204.45,2026-04-08,True,True,none,1.6,True,354.0,10.0
MWL,Mangalam Worldwide Limited,NSE,378.8,2025-11-14,182.6,192.0,True,False,Moderate,Drop-Base-Rally (DBR),2025-09-03,232.2,243.85,False,2025-11-26,1.0,243.85,244.05,2025-11-28,243.0,2025-11-21,True,True,none,55.9,False,352.0,10.0
SAIL,Steel Authority of India Limited,NSE,190.56,2025-12-19,129.91,138.8,True,False,Moderate,Rally-Base-Rally (RBR),2025-12-23,131.0,134.3,False,2025-12-24,4.0,141.8,145.46,2026-01-01,132.6,2025-12-23,True,True,sell-side swept (bullish stop-hunt),28.1,True,354.0,10.0
KIRLOSENG,Kirloskar Oil Engines Limited,NSE,1913.3,2025-10-14,882.0,946.75,True,False,Moderate,Drop-Base-Rally (DBR),2025-10-21,883.4,903.85,False,2025-10-23,2.0,946.75,986.0,2025-10-29,902.95,2025-10-27,True,True,none,63.4,False,353.0,10.0
GULPOLY,Gulshan Polyols Limited,NSE,201.64,2026-02-02,127.56,133.54,True,False,Moderate,Drop-Base-Rally (DBR),2026-02-03,128.2,133.54,False,2026-02-05,4.0,147.5,160.19,2026-02-12,155.5,2026-02-11,True,True,none,5.7,True,353.0,10.0
LOKESHMACH,Lokesh Machines Limited,NSE,250.2,2025-12-08,138.96,158.0,True,False,Moderate,Drop-Base-Rally (DBR),2025-12-08,140.62,151.86,False,2025-12-08,2.0,158.0,166.88,2025-12-15,171.0,2026-01-05,True,True,none,1.9,True,353.0,10.0
INDOTECH,Indo Tech Transformers Limited,NSE,2657.6,2026-03-30,1277.2,1458.8,True,False,Moderate,Drop-Base-Rally (DBR),2026-04-08,1318.2,1357.8,False,2026-04-10,6.0,1885.0,1969.9,2026-04-21,1437.0,2026-04-15,True,True,none,0.6,True,353.0,10.0
SYRMA,Syrma SGS Technology Limited,NSE,1226.8,2026-01-21,634.5,683.0,True,False,Moderate,Drop-Base-Rally (DBR),2026-01-21,649.5,669.5,False,2026-01-27,5.0,802.55,808.7,2026-02-04,760.0,2026-01-30,True,True,none,2.1,True,354.0,10.0
MCLEODRUSS,Mcleod Russel India Limited,NSE,70.91,2026-03-30,34.5,39.61,True,False,Moderate,Drop-Base-Rally (DBR),2026-04-06,35.0,35.92,False,2026-04-07,11.0,55.46,56.1,2026-04-22,41.5,2026-04-10,True,True,none,1.2,True,352.0,10.0
CEIGALL,Ceigall India Limited,NSE,358.5,2025-12-09,225.06,238.0,True,False,Moderate,Drop-Base-Rally (DBR),2025-12-15,226.49,231.96,False,2025-12-17,3.0,262.0,264.28,2025-12-30,241.89,2025-12-19,True,True,none,5.5,True,352.0,10.0
IFCI,IFCI Limited,NSE,79.6,2025-12-18,46.23,49.62,True,False,Moderate,Rally-Base-Rally (RBR),2025-12-17,50.01,51.41,False,2025-12-30,3.0,49.62,52.33,2025-12-24,52.48,2025-12-23,True,True,sell-side swept (bullish stop-hunt),2.9,True,354.0,10.0
SCHNEIDER,Schneider Electric Infrastructure Limited,NSE,1172.2,2026-01-21,571.85,644.15,True,False,Moderate,Drop-Base-Rally (DBR),2026-01-21,601.05,634.65,False,2026-01-23,5.0,755.05,761.15,2026-02-09,760.0,2026-02-06,True,True,none,1.5,True,354.0,10.0
GRWRHITECH,Garware Hi-Tech Films Limited,NSE,5893.0,2026-01-21,2868.8,3908.6,True,False,Moderate,Drop-Base-Rally (DBR),2026-01-29,2973.4,3150.0,False,2026-01-29,4.0,3908.6,4082.8,2026-02-05,3168.0,2026-02-02,True,True,sell-side swept (bullish stop-hunt),1.5,True,354.0,10.0
SCPL,Sheetal Cool Products Limited,NSE,466.3,2025-12-08,190.03,232.01,True,False,Moderate,Drop-Base-Rally (DBR),2025-12-04,190.37,205.77,False,2025-12-08,2.0,232.01,257.26,2025-12-11,215.09,2025-12-09,True,True,sell-side swept (bullish stop-hunt),2.7,True,352.0,10.0
DATAPATTNS,Data Patterns (India) Limited,NSE,4212.6,2026-01-23,2131.0,2319.0,True,False,Moderate,Drop-Base-Rally (DBR),2026-01-21,2167.0,2304.0,False,2026-01-23,2.0,2625.0,2700.5,2026-02-09,2765.0,2026-02-09,True,True,sell-side swept (bullish stop-hunt),1.5,True,354.0,10.0
LINCOLN,Lincoln Pharmaceuticals Limited,NSE,625.55,2026-01-29,452.9,550.0,True,False,Moderate,Drop-Base-Rally (DBR),2026-02-06,520.0,535.2,False,2026-02-11,3.0,535.2,601.3,2026-02-13,463.9,2026-02-02,True,True,sell-side swept (bullish stop-hunt),2.3,True,352.0,10.0
EXICOM,Exicom Tele-Systems Limited,NSE,133.85,2026-03-30,87.81,105.6,True,False,Moderate,Drop-Base-Rally (DBR),2026-04-07,87.81,93.85,False,2026-04-07,4.0,105.6,114.15,2026-04-15,93.25,2026-04-08,True,True,sell-side swept (bullish stop-hunt),0.9,True,354.0,10.0
CHENNPETRO,Chennai Petroleum Corporation Limited,NSE,1181.4,2025-10-17,746.0,892.0,True,False,Moderate,Drop-Base-Rally (DBR),2025-10-27,804.0,847.35,False,2025-10-29,3.0,892.0,932.85,2025-11-03,858.85,2025-10-30,True,True,sell-side swept (bullish stop-hunt),50.2,False,354.0,10.0
UFBL,United Foodbrands Limited,NSE,506.0,2026-01-29,172.34,192.89,True,False,Moderate,Drop-Base-Rally (DBR),2026-01-27,172.5,179.07,False,2026-01-29,2.0,192.89,234.75,2026-02-03,224.38,2026-02-02,True,True,sell-side swept (bullish stop-hunt),1.2,True,352.0,10.0
JETFREIGHT,Jet Freight Logistics Limited,NSE,23.54,2025-11-03,12.24,13.4,True,False,Moderate,Drop-Base-Rally (DBR),2025-11-07,12.99,13.17,False,2025-11-12,1.0,13.17,14.16,2025-11-14,13.1,2025-11-10,True,True,none,5.3,True,353.0,10.0
AARTIIND,Aarti Industries Limited,NSE,458.05,2026-01-21,345.3,357.75,True,False,Moderate,Drop-Base-Rally (DBR),2026-01-23,349.3,357.05,False,2026-01-29,4.0,452.85,463.2,2026-02-10,357.75,2026-01-30,True,True,none,1.7,True,354.0,10.0
QUADFUTURE,Quadrant Future Tek Limited,NSE,337.45,2025-12-18,248.55,295.5,True,False,Moderate,Drop-Base-Rally (DBR),2025-12-16,248.55,255.0,False,2025-12-18,2.0,295.5,313.35,2025-12-23,322.0,2025-12-22,True,True,none,1.5,True,346.0,10.0
RSWM,RSWM Limited,NSE,197.1,2026-03-30,128.24,143.02,True,False,Moderate,Drop-Base-Rally (DBR),2026-04-06,123.9,131.95,False,2026-04-02,4.0,143.02,150.03,2026-04-13,152.5,2026-04-10,True,True,none,1.5,True,353.0,10.0
ANTELOPUS,Antelopus Selan Energy Limited,NSE,899.35,2026-01-12,403.65,524.8,True,False,Moderate,Drop-Base-Rally (DBR),2026-01-20,403.65,462.55,False,2026-01-20,3.0,451.55,455.2,2026-01-23,439.05,2026-01-14,True,True,none,0.7,True,354.0,10.0
NELCAST,Nelcast Limited,NSE,140.74,2026-01-29,85.98,109.16,True,False,Moderate,Drop-Base-Rally (DBR),2026-01-29,87.85,92.3,False,2026-02-02,3.0,109.16,116.2,2026-02-05,94.78,2026-02-03,True,True,none,2.4,True,353.0,10.0
DEEDEV,DEE Development Engineers Limited,NSE,671.15,2026-01-27,183.0,193.0,True,False,Moderate,Drop-Base-Rally (DBR),2026-01-27,183.51,193.0,False,2026-01-29,1.0,192.95,205.05,2026-02-03,221.5,2026-02-20,True,True,none,1.3,True,353.0,10.0
511523,Veerhealth Care Ltd,BSE,24.25,2025-11-25,16.92,18.0,True,False,Moderate,Drop-Base-Rally (DBR),2025-11-20,16.92,17.65,False,2025-11-25,0.0,,,,18.34,2025-11-26,True,True,sell-side swept (bullish stop-hunt),26.5,True,351.0,9.0
STLNETWORK,STL Networks Limited,NSE,28.2,2026-03-30,18.0,20.24,False,True,Moderate,Drop-Base-Rally (DBR),2026-01-21,22.1,23.31,False,2026-04-15,10.0,26.23,26.5,2026-04-20,20.0,2026-04-10,True,True,none,1.1,True,187.0,9.0
HSCL,Himadri Speciality Chemical Limited,NSE,685.05,2025-11-24,437.4,457.0,False,True,Moderate,Drop-Base-Rally (DBR),2025-06-23,432.05,439.2,False,2025-12-02,1.0,439.2,445.25,2025-12-04,450.7,2025-12-04,True,True,sell-side swept (bullish stop-hunt),3.0,True,354.0,9.0
MANAKALUCO,Manaksia Aluminium Company Limited,NSE,35.38,2026-03-30,30.6,48.63,False,True,Moderate,Drop-Base-Rally (DBR),2026-01-08,26.5,28.27,False,2026-04-09,6.0,28.9,29.11,2026-04-17,28.71,2026-04-15,True,True,sell-side swept (bullish stop-hunt),0.0,True,354.0,9.0
ARVIND,Arvind Limited,NSE,493.7,2025-10-10,287.4,313.9,False,True,Moderate,Drop-Base-Rally (DBR),2025-09-05,281.05,288.7,False,2025-10-14,4.0,309.25,315.35,2025-10-24,311.0,2025-10-23,True,True,none,3.7,True,354.0,9.0
WSTCSTPAPR,West Coast Paper Mills Limited,NSE,513.25,2026-03-09,381.05,404.95,True,False,Moderate,Drop-Base-Rally (DBR),2026-03-12,386.9,398.05,False,2026-03-13,1.0,401.55,412.55,2026-03-19,407.2,2026-03-18,True,False,none,4.7,True,353.0,9.0
KESORAMIND,Kesoram Industries Limited,NSE,11.57,2025-11-19,4.55,5.04,False,True,Moderate,Drop-Base-Rally (DBR),2025-11-14,4.55,4.9,False,2025-11-19,4.0,6.54,7.31,2025-12-09,5.84,2025-12-05,True,True,sell-side swept (bullish stop-hunt),5.7,True,354.0,9.0
GRAPHITE,Graphite India Limited,NSE,705.35,2025-12-08,553.8,593.0,False,True,Moderate,Drop-Base-Rally (DBR),2025-10-23,522.75,531.5,False,2025-12-18,2.0,550.95,562.3,2025-12-23,553.6,2025-12-22,True,True,sell-side swept (bullish stop-hunt),13.9,True,354.0,9.0
SPARC,Sun Pharma Advanced Research Company Limited,NSE,212.82,2026-03-23,108.0,119.95,False,True,Moderate,Drop-Base-Rally (DBR),2026-03-19,120.57,124.06,False,2026-04-06,1.0,145.79,150.7,2026-04-16,123.68,2026-03-25,True,True,none,1.0,True,354.0,9.0
GUJALKALI,Gujarat Alkalies and Chemicals Limited,NSE,650.85,2026-03-17,412.7,583.8,False,True,Moderate,Drop-Base-Rally (DBR),2026-03-17,412.7,418.05,False,2026-03-17,3.0,509.95,542.6,2026-03-23,496.0,2026-03-20,True,True,sell-side swept (bullish stop-hunt),2.6,True,353.0,9.0
QPOWER,Quality Power Electrical Equipments Limited,NSE,1072.0,2026-01-27,713.0,764.0,False,True,Moderate,Rally-Base-Rally (RBR),2025-12-26,593.05,614.95,False,2026-01-28,3.0,724.8,745.0,2026-02-04,732.0,2026-02-03,True,True,sell-side swept (bullish stop-hunt),2.8,True,316.0,9.0
TATASTEEL,Tata Steel Limited,NSE,206.77,2025-12-09,166.13,173.37,False,True,Moderate,Drop-Base-Rally (DBR),2025-09-26,160.06,163.39,False,2025-12-09,3.0,169.9,170.8,2025-12-30,168.2,2025-12-12,True,True,none,27.9,True,354.0,9.0
MAWANASUG,Mawana Sugars Limited,NSE,101.75,2026-03-16,77.82,91.01,False,True,Moderate,Drop-Base-Rally (DBR),2026-03-23,77.82,82.75,False,2026-03-24,2.0,94.89,99.82,2026-04-07,84.44,2026-03-27,True,True,sell-side swept (bullish stop-hunt),5.5,True,354.0,9.0
APEX,Apex Frozen Foods Limited,NSE,410.4,2025-10-09,221.1,230.01,False,True,Moderate,Drop-Base-Rally (DBR),2025-06-05,221.45,225.64,False,2025-10-15,3.0,232.76,237.2,2025-10-24,235.79,2025-10-23,True,True,sell-side swept (bullish stop-hunt),34.0,True,354.0,9.0
JINDALSAW,Jindal Saw Limited,NSE,250.57,2026-01-16,154.0,189.95,False,True,Moderate,Drop-Base-Rally (DBR),2026-01-15,154.0,162.0,False,2026-01-16,3.0,179.4,180.78,2026-02-03,175.0,2026-01-19,True,True,sell-side swept (bullish stop-hunt),2.1,True,354.0,9.0
ASTRAMICRO,Astra Microwave Products Limited,NSE,1419.5,2026-03-30,973.0,1099.3,False,True,Moderate,Drop-Base-Rally (DBR),2025-09-26,916.05,959.9,False,2026-04-06,4.0,1093.25,1111.5,2026-04-22,1040.0,2026-04-16,True,True,sell-side swept (bullish stop-hunt),1.5,True,354.0,9.0
KRISHNADEF,Krishna Defence And Allied Industries Limited,NSE,1164.9,2025-12-18,771.95,812.45,False,True,Moderate,Rally-Base-Rally (RBR),2025-11-10,665.0,682.0,False,2025-12-18,4.0,880.95,901.8,2026-01-07,765.0,2025-12-22,True,True,sell-side swept (bullish stop-hunt),3.0,True,353.0,9.0
542669,BMW Industries Ltd,BSE,60.18,2026-03-30,38.17,40.95,False,True,Moderate,Drop-Base-Rally (DBR),2025-12-29,26.06,29.69,False,2026-03-30,5.0,39.68,40.6,2026-04-16,33.97,2026-04-08,True,True,sell-side swept (bullish stop-hunt),3.3,True,351.0,9.0
RUBYMILLS,The Ruby Mills Limited,NSE,337.85,2026-03-02,169.02,193.0,False,True,Moderate,Drop-Base-Rally (DBR),2026-02-25,169.02,177.45,False,2026-03-02,1.0,177.45,217.04,2026-03-05,214.98,2026-03-05,True,True,sell-side swept (bullish stop-hunt),0.9,True,352.0,9.0
SUNFLAG,Sunflag Iron And Steel Company Limited,NSE,372.1,2026-03-30,257.1,266.6,False,True,Moderate,Rally-Base-Rally (RBR),2025-10-23,192.15,203.9,False,2026-03-30,6.0,275.5,279.61,2026-04-22,255.0,2026-04-15,True,True,none,1.9,True,354.0,9.0
BSE,BSE Limited,NSE,3880.0,2025-09-30,2035.1,2121.0,True,False,Moderate,Drop-Base-Rally (DBR),2025-09-29,2180.0,2266.4,False,2025-10-07,5.0,2410.0,2428.5,2025-10-14,2388.9,2025-10-13,True,False,none,27.8,True,354.0,9.0
FINCABLES,Finolex Cables Limited,NSE,1057.5,2026-01-29,727.8,776.0,False,True,Moderate,Drop-Base-Rally (DBR),2025-12-26,737.05,755.15,False,2026-02-05,4.0,795.0,816.9,2026-02-11,783.05,2026-02-09,True,True,none,4.7,True,354.0,9.0
KOPRAN,Kopran Limited,NSE,189.08,2026-03-30,127.52,134.11,False,True,Moderate,Rally-Base-Rally (RBR),2025-12-17,107.0,114.62,False,2026-03-30,4.0,147.36,154.04,2026-04-10,124.0,2026-04-06,True,True,none,1.4,True,354.0,9.0
DHANBANK,Dhanlaxmi Bank Limited,NSE,32.88,2026-03-30,19.45,22.09,False,True,Moderate,Drop-Base-Rally (DBR),2026-03-24,19.45,20.99,False,2026-03-30,4.0,24.5,24.7,2026-04-09,23.43,2026-04-06,True,True,none,2.2,True,354.0,9.0
PREMIERPOL,Premier Polyfilm Limited,NSE,55.82,2025-11-19,38.0,40.64,True,False,Moderate,Drop-Base-Rally (DBR),2025-11-14,38.0,40.1,False,2025-11-19,0.0,,,,45.66,2025-11-21,True,True,sell-side swept (bullish stop-hunt),1.6,True,353.0,9.0
FOCUS,Focus Lighting and Fixtures Limited,NSE,92.81,2026-03-30,66.2,73.66,False,True,Moderate,Drop-Base-Rally (DBR),2025-12-04,65.0,67.8,False,2026-04-10,4.0,75.94,77.81,2026-04-17,69.01,2026-04-15,True,True,sell-side swept (bullish stop-hunt),2.6,True,352.0,9.0
MENONBE,Menon Bearings Limited,NSE,138.71,2026-03-30,112.2,124.61,False,True,Moderate,Drop-Base-Rally (DBR),2026-04-08,115.91,119.48,False,2026-04-13,3.0,119.48,125.49,2026-04-16,129.8,2026-05-07,True,True,sell-side swept (bullish stop-hunt),2.9,True,353.0,9.0
SOUTHWEST,South West Pinnacle Exploration Limited,NSE,262.75,2025-10-15,101.39,109.79,False,True,Moderate,Drop-Base-Rally (DBR),2025-03-27,121.0,129.5,False,2025-10-15,4.0,167.0,170.45,2025-11-04,131.99,2025-10-20,True,True,sell-side swept (bullish stop-hunt),18.2,True,354.0,9.0
SCI,Shipping Corporation Of India Limited,NSE,302.65,2026-01-23,223.15,253.9,False,True,Moderate,Drop-Base-Rally (DBR),2025-10-17,219.08,223.14,False,2026-02-06,4.0,227.35,241.55,2026-02-09,233.0,2026-02-09,True,True,sell-side swept (bullish stop-hunt),3.6,True,354.0,9.0
543542,Kesar India Ltd,BSE,1235.4,2025-09-11,621.5,695.0,True,False,Moderate,Drop-Base-Rally (DBR),2025-09-08,642.0,670.0,True,2025-08-14,3.0,700.0,710.0,2025-09-30,699.95,2025-09-12,True,True,sell-side swept (bullish stop-hunt),79.6,False,351.0,9.0
543916,Hemant Surgical Industries Ltd,BSE,378.15,2026-03-30,256.5,297.0,False,True,Moderate,Drop-Base-Rally (DBR),2026-01-19,215.0,240.0,False,2026-03-30,1.0,256.0,260.0,2026-04-06,277.0,2026-04-06,True,True,sell-side swept (bullish stop-hunt),2.3,True,351.0,9.0
543828,Sudarshan Pharma Industries Ltd,BSE,33.8,2026-01-27,22.75,25.78,False,True,Moderate,Drop-Base-Rally (DBR),2025-12-22,19.73,20.24,False,2026-02-03,3.0,23.1,25.39,2026-02-09,25.8,2026-02-09,True,True,none,2.7,True,351.0,9.0
TIRUPATIFL,Tirupati Forge Limited,NSE,44.11,2025-12-24,32.0,35.45,False,True,Moderate,Drop-Base-Rally (DBR),2025-11-19,33.3,34.28,False,2025-12-30,1.0,32.64,33.1,2025-12-29,36.0,2026-01-02,True,True,none,6.3,True,352.0,9.0
NAM-INDIA,Nippon Life India Asset Management Limited,NSE,1113.1,2026-01-27,796.85,840.0,False,True,Moderate,Drop-Base-Rally (DBR),2025-12-08,795.8,823.7,False,2026-01-27,2.0,878.0,917.0,2026-02-04,895.0,2026-02-03,True,True,sell-side swept (bullish stop-hunt),9.0,True,354.0,9.0
500449,Hindustan Organic Chemicals Ltd,BSE,40.67,2026-03-30,21.05,27.59,False,True,Moderate,Drop-Base-Rally (DBR),2026-03-24,21.05,24.99,False,2026-03-30,3.0,28.8,29.5,2026-04-17,28.5,2026-04-16,True,True,none,5.7,True,351.0,9.0
SKYGOLD,SKY GOLD AND DIAMONDS LIMITED,NSE,528.45,2025-09-30,266.7,281.0,False,True,Moderate,Drop-Base-Rally (DBR),2025-08-13,277.0,287.6,False,2025-10-06,4.0,339.7,355.0,2025-10-21,300.0,2025-10-08,True,True,buy-side swept (bearish stop-hunt),11.1,True,354.0,9.0
ADFFOODS,ADF Foods Limited,NSE,282.8,2026-03-27,168.2,206.73,False,True,Moderate,Drop-Base-Rally (DBR),2026-01-29,153.1,166.27,False,2026-03-27,4.0,199.01,219.1,2026-04-20,182.54,2026-04-08,True,True,none,5.7,True,354.0,9.0
ATGL,Adani Total Gas Limited,NSE,762.25,2026-03-09,462.8,492.0,False,True,Moderate,Drop-Base-Rally (DBR),2026-03-05,462.8,481.0,False,2026-03-09,1.0,478.0,589.9,2026-03-12,538.2,2026-03-11,True,True,buy-side swept (bearish stop-hunt),1.5,True,354.0,9.0
OLAELEC,Ola Electric Mobility Limited,NSE,44.88,2026-03-30,28.26,36.32,True,False,Moderate,Rally-Base-Rally (RBR),2026-04-06,22.52,24.12,False,2026-03-30,5.0,36.32,37.7,2026-04-13,25.35,2026-04-01,True,False,none,1.5,True,354.0,9.0
BHEL,Bharat Heavy Electricals Limited,NSE,386.95,2025-09-15,209.6,220.84,True,False,Moderate,Rally-Base-Rally (RBR),2025-09-05,214.08,217.0,False,2025-09-09,3.0,242.8,243.18,2025-10-06,242.43,2025-10-03,True,False,none,46.0,True,354.0,9.0
VINDHYATEL,Vindhya Telelinks Limited,NSE,1993.3,2026-03-30,1112.0,1245.0,True,False,Moderate,Drop-Base-Rally (DBR),2026-04-08,1152.45,1187.0,False,2026-04-10,5.0,1245.0,1318.7,2026-04-16,1246.0,2026-04-15,True,False,none,1.7,True,354.0,9.0
CGPOWER,CG Power and Industrial Solutions Limited,NSE,937.85,2026-01-27,525.5,581.8,False,True,Moderate,Drop-Base-Rally (DBR),2026-01-21,525.5,557.0,False,2026-01-27,3.0,609.95,656.0,2026-02-04,607.0,2026-02-02,True,True,none,1.9,True,354.0,9.0
530145,Kisan Mouldings Ltd,BSE,35.66,2026-03-30,23.85,29.38,False,True,Moderate,Drop-Base-Rally (DBR),2026-02-20,22.11,26.0,False,2026-03-30,5.0,34.5,34.65,2026-04-22,26.0,2026-04-07,True,True,none,5.1,True,351.0,9.0
SHREEJISPG,Shreeji Shipping Global Limited,NSE,472.95,2025-10-08,222.07,244.0,False,True,Moderate,Drop-Base-Rally (DBR),2025-10-03,222.07,227.59,False,2025-10-08,1.0,227.59,241.26,2025-10-10,244.99,2025-10-29,True,True,sell-side swept (bullish stop-hunt),2.6,True,193.0,9.0
NLCINDIA,NLC India Limited,NSE,336.6,2025-12-10,228.76,243.4,False,True,Moderate,Drop-Base-Rally (DBR),2025-07-16,235.81,239.76,False,2025-12-19,2.0,243.3,247.5,2025-12-24,249.4,2025-12-23,True,True,sell-side swept (bullish stop-hunt),21.7,True,354.0,9.0
STYLAMIND,Stylam Industries Limited,NSE,3053.5,2025-09-29,1645.5,1850.2,True,False,Moderate,Drop-Base-Rally (DBR),2025-10-01,1621.0,1661.8,False,2025-09-29,5.0,1850.2,1931.0,2025-10-09,1885.0,2025-10-08,True,False,none,29.9,True,354.0,9.0
INOXINDIA,INOX India Limited,NSE,1578.8,2026-01-27,1155.0,1247.4,False,True,Moderate,Drop-Base-Rally (DBR),2025-09-26,1108.9,1128.8,False,2026-02-06,2.0,1167.1,1169.0,2026-02-16,1166.0,2026-02-10,True,True,sell-side swept (bullish stop-hunt),4.2,True,353.0,9.0
STLTECH,Sterlite Technologies Limited,NSE,619.25,2026-01-27,84.6,95.7,False,True,Moderate,Drop-Base-Rally (DBR),2026-01-21,129.13,135.61,False,2026-02-06,4.0,135.61,141.05,2026-02-10,97.36,2026-01-28,True,True,sell-side swept (bullish stop-hunt),2.9,True,354.0,9.0
AVALON,Avalon Technologies Limited,NSE,1607.9,2026-01-28,777.3,844.9,False,True,Moderate,Drop-Base-Rally (DBR),2026-01-23,792.5,803.2,False,2026-01-28,3.0,895.5,950.0,2026-02-03,934.0,2026-02-03,True,True,sell-side swept (bullish stop-hunt),1.8,True,354.0,9.0
MIRCELECTR,MIRC Electronics Limited,NSE,39.28,2025-12-08,21.51,24.62,False,True,Moderate,Drop-Base-Rally (DBR),2025-12-03,23.25,24.3,False,2025-12-16,1.0,24.3,24.5,2025-12-18,26.37,2025-12-26,True,True,none,48.3,True,354.0,9.0
INDSWFTLAB,Ind-Swift Laboratories Limited,NSE,158.0,2025-12-31,87.25,97.84,True,False,Moderate,Drop-Base-Rally (DBR),2026-01-07,90.11,97.84,False,2026-01-08,1.0,92.95,99.15,2026-01-14,99.5,2026-01-13,True,False,none,2.7,True,353.0,9.0
POWERINDIA,Hitachi Energy India Limited,NSE,36870.0,2026-01-16,16860.0,18178.0,False,True,Moderate,Drop-Base-Rally (DBR),2025-10-29,16380.0,16964.0,False,2026-01-23,3.0,19863.0,20556.0,2026-02-06,17140.0,2026-01-28,True,True,none,1.5,True,354.0,9.0
THANGAMAYL,Thangamayil Jewellery Limited,NSE,5351.9,2025-10-23,2064.5,3144.1,False,True,Moderate,Drop-Base-Rally (DBR),2025-10-31,2040.1,2099.0,False,2025-10-29,4.0,2603.5,2837.7,2025-11-06,2132.9,2025-10-31,True,True,sell-side swept (bullish stop-hunt),37.2,True,354.0,9.0
NITINSPIN,Nitin Spinners Limited,NSE,535.8,2025-11-07,316.0,335.25,False,True,Moderate,Drop-Base-Rally (DBR),2025-03-27,302.4,312.9,False,2025-11-07,1.0,312.9,326.75,2025-11-11,350.0,2025-09-19,True,True,sell-side swept (bullish stop-hunt),2.6,True,353.0,9.0
RAIN,Rain Industries Limited,NSE,197.09,2025-12-08,105.55,115.6,True,False,Moderate,Drop-Base-Rally (DBR),2025-12-15,110.38,112.14,False,2025-12-18,3.0,130.72,137.48,2025-12-29,115.6,2025-12-19,True,False,none,0.6,True,354.0,9.0
BBOX,Black Box Limited,NSE,1072.9,2026-03-30,496.4,546.25,False,True,Moderate,Drop-Base-Rally (DBR),2026-02-03,485.5,503.0,False,2026-04-09,2.0,503.0,504.0,2026-04-13,494.0,2026-04-08,True,True,none,1.7,True,354.0,9.0
KERNEX,Kernex Microsystems (India) Limited,NSE,1836.1,2026-03-30,1011.0,1309.7,False,True,Moderate,Rally-Base-Rally (RBR),2026-01-08,951.7,985.0,False,2026-04-06,3.0,1091.95,1100.0,2026-04-09,994.0,2026-04-07,True,True,none,1.2,True,354.0,9.0
OMAXAUTO,Omax Autos Limited,NSE,234.72,2025-11-28,88.55,106.47,False,True,Moderate,Drop-Base-Rally (DBR),2025-11-03,85.22,92.59,False,2025-12-08,2.0,94.4,97.93,2025-12-15,94.89,2025-12-12,True,True,buy-side swept (bearish stop-hunt),2.6,True,353.0,9.0
SASKEN,Sasken Technologies Limited,NSE,2181.2,2026-03-16,991.0,1125.0,False,True,Moderate,Drop-Base-Rally (DBR),2026-03-12,991.0,1024.5,False,2026-03-16,4.0,1201.0,1219.7,2026-04-08,1221.9,2026-04-08,True,True,none,2.1,True,353.0,9.0
PARACABLES,Paramount Communications Limited,NSE,67.32,2026-03-30,31.15,34.9,False,True,Moderate,Drop-Base-Rally (DBR),2026-01-20,31.8,33.0,False,2026-04-06,3.0,37.56,38.0,2026-04-16,36.0,2026-04-08,True,True,sell-side swept (bullish stop-hunt),1.5,True,354.0,9.0
BLISSGVS,Bliss GVS Pharma Limited,NSE,438.35,2025-11-07,125.0,157.24,False,True,Moderate,Rally-Base-Rally (RBR),2025-11-03,125.0,142.0,False,2025-11-07,3.0,162.99,167.8,2025-11-25,158.7,2025-11-12,True,True,sell-side swept (bullish stop-hunt),12.4,True,354.0,9.0
WHEELS,Wheels India Limited,NSE,1487.7,2026-01-27,797.9,849.8,False,True,Moderate,Drop-Base-Rally (DBR),2025-12-09,740.0,775.25,False,2026-01-30,3.0,795.0,817.5,2026-02-04,896.0,2026-02-16,True,True,sell-side swept (bullish stop-hunt),3.0,True,354.0,9.0
NINSYS,NINtec Systems Limited,NSE,724.15,2026-03-23,282.45,370.45,False,True,Moderate,Drop-Base-Rally (DBR),2026-03-23,316.3,368.75,True,2026-03-25,2.0,415.05,421.05,2026-04-16,314.0,2026-03-24,True,True,none,2.8,True,353.0,8.0
NEOGEN,Neogen Chemicals Limited,NSE,1903.6,2025-12-09,966.7,1081.6,False,True,Moderate,Drop-Base-Rally (DBR),2025-12-05,977.7,1007.7,False,2025-12-09,1.0,1107.2,1138.0,2025-12-29,1149.5,2025-12-26,True,False,none,0.3,True,354.0,8.0
CUPID,Cupid Limited,NSE,137.1,2025-09-16,34.23,37.4,True,False,Moderate,Rally-Base-Rally (RBR),2025-09-02,34.8,36.27,False,2025-09-05,1.0,42.14,42.2,2025-09-22,44.48,2025-10-09,True,False,none,96.4,False,354.0,8.0
AETHER,Aether Industries Limited,NSE,1138.2,2025-09-17,770.05,787.65,False,True,Moderate,Drop-Base-Rally (DBR),2025-07-09,770.05,783.15,True,2025-07-14,0.0,,,,811.5,2025-07-15,True,True,sell-side swept (bullish stop-hunt),3.4,True,354.0,8.0
TDPOWERSYS,TD Power Systems Limited,NSE,1312.8,2025-09-18,565.2,602.8,True,False,Moderate,Drop-Base-Rally (DBR),2025-09-26,565.2,586.7,False,2025-09-26,4.0,602.8,631.05,2025-10-06,576.0,2025-09-29,True,False,none,83.8,False,354.0,8.0
526775,Valiant Communications Ltd,BSE,1239.3,2025-09-12,535.3,586.67,False,True,Moderate,Drop-Base-Rally (DBR),2025-08-06,590.33,633.33,True,2025-08-26,2.0,678.57,711.17,2025-10-03,636.07,2025-09-17,True,True,none,80.9,False,352.0,8.0
SAILIFE,Sai Life Sciences Limited,NSE,1186.4,2026-01-23,865.0,913.45,False,True,Moderate,Drop-Base-Rally (DBR),2025-12-15,895.65,905.0,True,2026-01-01,2.0,877.0,906.5,2026-02-10,886.0,2026-02-09,True,False,buy-side swept (bearish stop-hunt),8.1,True,354.0,8.0
MBAPL,Madhya Bharat Agro Products Limited,NSE,546.8,2025-09-30,345.6,379.8,False,True,Moderate,Drop-Base-Rally (DBR),2025-06-17,373.15,394.5,False,2025-09-30,3.0,420.5,425.05,2025-10-08,436.95,2025-10-08,True,True,sell-side swept (bullish stop-hunt),61.6,False,352.0,8.0
GRANULES,Granules India Limited,NSE,789.85,2025-09-29,461.45,485.65,False,True,Moderate,Drop-Base-Rally (DBR),2025-07-23,511.35,524.45,False,2025-09-29,1.0,525.95,542.0,2025-10-03,553.0,2025-10-03,True,True,sell-side swept (bullish stop-hunt),70.7,False,353.0,8.0
POLYCAB,Polycab India Limited,NSE,9699.0,2026-01-23,7022.5,7402.5,False,True,Moderate,Drop-Base-Rally (DBR),2025-12-15,7019.5,7359.0,True,2026-01-16,2.0,7070.0,7420.0,2026-02-04,7699.5,2026-02-09,True,True,none,7.7,True,354.0,8.0
GESHIP,The Great Eastern Shipping Company Limited,NSE,1464.0,2025-09-29,977.05,1008.0,False,True,Moderate,Drop-Base-Rally (DBR),2025-09-10,971.1,1009.0,False,2025-09-29,1.0,1006.7,1040.55,2025-10-06,1069.95,2025-10-29,True,False,none,60.9,False,354.0,8.0
AGIIL,Agi Infra Limited,NSE,377.2,2025-09-15,228.72,242.0,True,False,Moderate,Drop-Base-Rally (DBR),2025-09-18,228.72,242.0,False,2025-09-23,2.0,259.0,272.02,2025-10-03,239.82,2025-09-22,True,False,none,90.6,False,354.0,8.0
VIJAYA,Vijaya Diagnostic Centre Limited,NSE,1372.4,2026-03-30,988.0,1015.0,False,True,Moderate,Drop-Base-Rally (DBR),2025-11-28,848.0,869.9,False,2026-03-30,2.0,940.35,954.1,2026-04-09,969.9,2026-04-09,True,False,none,5.1,True,353.0,8.0
GAYAPROJ,Gayatri Projects Limited,NSE,20.53,2025-09-15,6.71,8.39,False,True,Moderate,Rally-Base-Rally (RBR),2025-06-02,8.5,8.79,False,2025-09-09,4.0,10.47,10.99,2025-09-22,10.47,2025-09-22,True,False,none,100.0,False,354.0,8.0
BELRISE,Belrise Industries Limited,NSE,215.98,2025-09-16,133.46,141.99,False,True,Moderate,Rally-Base-Rally (RBR),2025-08-12,144.57,150.19,False,2025-09-16,1.0,150.19,152.45,2025-09-18,145.09,2025-09-15,True,False,none,82.3,False,256.0,8.0
ASIANENE,Asian Energy Services Limited,NSE,382.1,2026-01-27,283.85,334.9,False,True,Moderate,Drop-Base-Rally (DBR),2025-07-25,230.4,245.2,True,2026-01-27,2.0,265.0,274.75,2026-02-11,268.5,2026-02-10,True,True,none,2.4,True,354.0,8.0
544141,Pune E - Stock Broking Ltd,BSE,280.25,2025-09-26,173.0,180.0,True,False,Moderate,Rally-Base-Rally (RBR),2025-09-03,181.0,186.0,False,2025-09-26,2.0,190.2,191.0,2025-10-01,195.4,2025-09-30,True,False,buy-side swept (bearish stop-hunt),65.9,False,351.0,8.0
GHCLTEXTIL,GHCL Textiles Limited,NSE,98.77,2026-03-30,70.2,74.5,False,True,Moderate,Drop-Base-Rally (DBR),2025-12-29,70.2,71.45,True,2026-01-23,0.0,,,,76.49,2026-04-07,True,True,sell-side swept (bullish stop-hunt),1.3,True,353.0,8.0
PREMEXPLN,Premier Explosives Limited,NSE,685.65,2026-03-30,464.15,501.85,False,True,Moderate,Drop-Base-Rally (DBR),2025-12-16,470.6,482.5,True,2026-02-06,5.0,478.95,495.5,2026-04-17,554.0,2026-04-29,True,True,none,1.0,True,354.0,8.0
JNKINDIA,JNK India Limited,NSE,421.3,2026-01-21,212.84,249.0,False,True,Moderate,Drop-Base-Rally (DBR),2025-12-19,201.77,231.0,True,2026-01-27,1.0,244.5,251.0,2026-02-10,233.48,2026-02-04,True,False,none,1.8,True,353.0,8.0
UNIVCABLES,Universal Cables Limited,NSE,1227.5,2026-03-16,576.0,655.95,False,True,Moderate,Drop-Base-Rally (DBR),2026-03-12,576.0,606.15,False,2026-03-16,1.0,602.0,626.6,2026-03-19,710.0,2026-04-08,True,False,none,2.0,True,354.0,8.0
HAPPYFORGE,Happy Forgings Limited,NSE,1388.0,2025-10-14,936.1,977.0,False,True,Moderate,Rally-Base-Rally (RBR),2025-06-10,919.55,937.0,True,2025-09-15,3.0,970.0,982.25,2025-10-21,959.5,2025-10-17,True,True,sell-side swept (bullish stop-hunt),55.6,False,354.0,8.0
AVANTIFEED,Avanti Feeds Limited,NSE,1110.6,2025-09-29,641.35,677.0,False,True,Moderate,Drop-Base-Rally (DBR),2025-09-04,653.85,663.5,True,2025-09-09,1.0,670.0,680.1,2025-10-17,660.9,2025-10-13,True,False,none,9.6,True,353.0,8.0
AZAD,Azad Engineering Limited,NSE,2207.7,2026-03-23,1543.7,1626.0,False,True,Moderate,Drop-Base-Rally (DBR),2025-09-26,1560.5,1608.6,True,2026-02-13,5.0,1763.0,1830.4,2026-04-16,1601.9,2026-04-08,True,True,none,1.5,True,354.0,8.0
HONASA,Honasa Consumer Limited,NSE,416.1,2025-12-11,259.1,277.5,False,True,Moderate,Drop-Base-Rally (DBR),2025-05-19,254.65,260.95,False,2025-12-17,2.0,281.75,283.0,2025-12-31,269.0,2025-12-19,True,False,none,10.7,True,353.0,8.0
BHARATFORG,Bharat Forge Limited,NSE,1929.8,2025-09-26,1115.6,1165.0,True,False,Moderate,Drop-Base-Rally (DBR),2025-09-02,1128.0,1149.9,False,2025-09-05,0.0,,,,1240.5,2025-10-16,True,False,none,59.1,False,353.0,8.0
NRBBEARING,NRB Bearing Limited,NSE,385.65,2026-03-30,282.1,293.95,False,True,Moderate,Drop-Base-Rally (DBR),2025-11-25,230.0,243.75,True,2026-01-21,6.0,268.5,282.85,2026-04-17,278.8,2026-04-16,True,False,none,3.6,True,353.0,8.0
BALAMINES,Balaji Amines Limited,NSE,2043.3,2026-03-30,1066.6,1253.1,False,True,Moderate,Rally-Base-Rally (RBR),2026-01-07,968.1,1032.6,True,2026-03-30,2.0,1174.45,1191.7,2026-04-22,1095.0,2026-04-15,True,True,sell-side swept (bullish stop-hunt),1.9,True,354.0,8.0
KRISHANA,Krishana Phoschem Limited,NSE,666.7,2025-10-01,345.65,375.0,False,True,Moderate,Drop-Base-Rally (DBR),2025-05-15,431.0,454.9,False,2025-10-01,5.0,524.6,549.05,2025-10-10,549.9,2025-10-10,True,True,none,55.1,False,353.0,8.0
539730,Fredun Pharmaceuticals Ltd,BSE,2308.85,2025-09-15,1030.0,1134.0,False,True,Moderate,Drop-Base-Rally (DBR),2025-08-18,1050.0,1074.0,False,2025-08-20,2.0,1346.0,1390.0,2025-10-06,1290.0,2025-09-25,True,False,none,80.8,False,351.0,8.0
HINDALCO,Hindalco Industries Limited,NSE,1092.6,2025-09-24,657.5,689.9,False,True,Moderate,Drop-Base-Rally (DBR),2025-08-07,701.25,714.0,False,2025-08-26,1.0,749.5,758.05,2025-09-30,763.4,2025-10-01,True,False,none,89.7,False,354.0,8.0
PRECWIRE,Precision Wires India Limited,NSE,417.05,2025-09-23,180.35,192.99,True,False,Moderate,Drop-Base-Rally (DBR),2025-09-26,182.1,186.68,False,2025-09-30,2.0,192.99,206.4,2025-10-06,188.5,2025-09-24,True,False,buy-side swept (bearish stop-hunt),75.7,False,354.0,8.0
SANDHAR,Sandhar Technologies Limited,NSE,703.1,2026-03-30,497.4,545.2,False,True,Moderate,Drop-Base-Rally (DBR),2025-11-20,539.7,557.95,True,2026-01-01,1.0,471.0,477.85,2026-04-08,512.7,2026-05-07,True,False,none,7.3,True,354.0,8.0
SURYODAY,Suryoday Small Finance Bank Limited,NSE,171.83,2026-02-24,115.41,125.2,False,True,Moderate,Drop-Base-Rally (DBR),2026-02-20,122.34,129.7,True,2026-03-02,1.0,120.24,123.9,2026-02-27,134.0,2026-03-11,True,True,sell-side swept (bullish stop-hunt),2.2,True,353.0,8.0
AEROFLEX,Aeroflex Industries Limited,NSE,419.75,2026-01-23,172.5,185.48,False,True,Moderate,Drop-Base-Rally (DBR),2025-11-19,176.61,181.49,True,2025-12-18,1.0,178.0,181.11,2026-02-04,193.79,2026-02-09,True,True,sell-side swept (bullish stop-hunt),1.5,True,354.0,8.0
RISHABH,Rishabh Instruments Limited,NSE,512.45,2026-01-27,281.85,357.8,False,True,Moderate,Drop-Base-Rally (DBR),2025-08-11,315.0,345.0,True,2026-01-27,2.0,377.0,385.2,2026-02-03,439.0,2026-02-09,True,True,none,19.7,True,352.0,8.0
SUPRIYA,Supriya Lifescience Limited,NSE,947.95,2026-03-23,641.0,694.0,False,True,Moderate,Drop-Base-Rally (DBR),2025-09-15,556.0,584.0,True,2026-03-30,0.0,,,,665.6,2026-04-27,True,True,none,1.5,True,353.0,8.0
VIYASH,Viyash Scientific Limited,NSE,255.25,2026-03-23,186.06,205.28,False,True,Moderate,Drop-Base-Rally (DBR),2025-10-01,203.1,211.51,True,2026-02-10,3.0,201.49,203.01,2026-04-09,199.4,2026-04-08,True,True,none,2.2,True,354.0,8.0
KTKBANK,The Karnataka Bank Limited,NSE,262.0,2025-09-29,175.0,181.56,False,True,Moderate,Drop-Base-Rally (DBR),2025-03-27,171.4,175.08,True,2025-10-08,0.0,,,,175.6,2025-10-20,True,True,none,7.2,True,354.0,8.0
IBULLSLTD,Indiabulls Limited,NSE,23.24,2026-02-24,8.96,9.92,False,True,Moderate,Drop-Base-Rally (DBR),2026-02-23,8.96,9.23,True,2026-02-25,0.0,,,,10.11,2026-02-27,True,True,none,0.9,True,354.0,8.0
GVPIL,GE Power India Limited,NSE,884.1,2026-01-27,285.3,303.0,False,True,Moderate,Drop-Base-Rally (DBR),2025-11-10,270.9,282.35,False,2026-01-27,5.0,399.75,464.05,2026-02-16,352.45,2026-02-12,True,False,none,3.3,True,354.0,8.0
GCSL,Gretex Corporate Services Limited,NSE,424.0,2025-10-17,229.0,250.0,False,True,Moderate,Drop-Base-Rally (DBR),2025-10-07,237.2,246.4,True,2025-10-09,0.0,,,,262.7,2025-11-10,True,True,none,4.4,True,185.0,8.0
GALAPREC,Gala Precision Engineering Limited,NSE,910.4,2026-01-27,735.15,759.1,False,True,Moderate,Drop-Base-Rally (DBR),2025-12-15,735.15,755.0,True,2025-12-18,0.0,,,,802.0,2026-02-02,True,True,sell-side swept (bullish stop-hunt),3.2,True,353.0,8.0
KDDL,KDDL Limited,NSE,2904.7,2026-03-30,2068.0,2203.7,False,True,Moderate,Rally-Base-Rally (RBR),2026-01-23,2165.0,2203.2,True,2026-03-17,1.0,2230.0,2274.7,2026-04-09,2358.0,2026-04-10,True,True,none,4.7,True,352.0,8.0
MMFL,MM Forgings Limited,NSE,450.55,2025-11-10,308.0,322.25,False,True,Moderate,Drop-Base-Rally (DBR),2025-09-02,298.0,303.55,True,2025-11-13,1.0,316.0,318.0,2025-11-26,316.2,2025-11-20,True,False,none,9.2,True,354.0,8.0
AEROENTER,Aeroflex Enterprises Limited,NSE,100.83,2026-03-30,65.31,73.91,False,True,Moderate,Rally-Base-Rally (RBR),2026-03-12,65.31,68.69,True,2026-03-16,5.0,85.65,87.0,2026-04-15,80.77,2026-04-09,True,True,none,8.6,True,353.0,8.0
TRUALT,TruAlt Bioenergy Limited,NSE,505.15,2026-01-23,401.85,447.45,False,True,Moderate,Drop-Base-Rally (DBR),2025-11-03,318.05,346.0,False,2026-01-23,4.0,410.0,427.0,2026-02-09,417.45,2026-02-06,True,False,none,0.7,True,166.0,8.0
JSWENERGY,JSW Energy Limited,NSE,584.2,2026-01-27,468.0,486.95,False,True,Moderate,Drop-Base-Rally (DBR),2025-12-26,470.0,479.35,True,2025-12-29,1.0,453.6,456.0,2026-02-04,475.0,2026-02-09,True,False,buy-side swept (bearish stop-hunt),9.5,True,354.0,8.0
CRAFTSMAN,Craftsman Automation Limited,NSE,9065.0,2025-10-15,6401.5,6672.5,False,True,Moderate,Drop-Base-Rally (DBR),2025-10-10,6401.5,6509.0,True,2025-10-15,2.0,6709.0,6729.0,2025-11-03,6875.0,2025-11-11,True,True,sell-side swept (bullish stop-hunt),70.7,False,352.0,8.0
SAMMAANCAP,Sammaan Capital Limited,NSE,184.28,2026-03-23,132.8,162.3,False,True,Moderate,Drop-Base-Rally (DBR),2025-09-25,135.65,140.34,True,2026-01-27,3.0,146.95,149.31,2026-04-09,143.0,2026-03-25,True,True,sell-side swept (bullish stop-hunt),1.6,True,354.0,8.0
KEI,KEI Industries Limited,NSE,5335.5,2026-01-27,4037.3,4198.9,False,True,Moderate,Drop-Base-Rally (DBR),2025-12-15,4037.3,4099.0,True,2025-12-18,4.0,4101.8,4301.0,2026-02-04,4560.0,2026-02-09,True,False,none,10.6,True,354.0,8.0
GAEL,Gujarat Ambuja Exports Limited,NSE,155.86,2025-10-14,101.2,105.96,False,True,Moderate,Drop-Base-Rally (DBR),2025-10-10,101.2,104.1,True,2025-10-14,0.0,,,,110.04,2025-11-07,True,True,sell-side swept (bullish stop-hunt),1.8,True,354.0,8.0
JINDALPOLY,Jindal Poly Films Limited,NSE,650.9,2026-01-21,365.0,414.95,False,True,Moderate,Drop-Base-Rally (DBR),2026-01-16,365.0,384.0,True,2026-01-21,2.0,409.6,423.45,2026-02-09,429.6,2026-02-11,True,False,none,0.8,True,354.0,8.0
AMBIKCO,Ambika Cotton Mills Limited,NSE,1633.9,2026-01-21,1101.0,1239.9,False,True,Moderate,Drop-Base-Rally (DBR),2026-01-16,1203.6,1258.0,True,2026-01-27,3.0,1300.0,1320.0,2026-02-03,1527.0,2025-09-15,True,True,none,4.7,True,353.0,8.0
UNIPARTS,Uniparts India Limited,NSE,633.95,2025-09-29,404.3,429.0,True,False,Moderate,Rally-Base-Rally (RBR),2025-09-30,413.9,429.0,False,2025-10-06,6.0,502.25,523.45,2025-10-16,433.0,2025-10-07,True,False,buy-side swept (bearish stop-hunt),77.2,False,353.0,8.0
ACUTAAS,Acutaas Chemicals Limited,NSE,3328.3,2025-09-30,1305.6,1456.4,False,True,Moderate,Drop-Base-Rally (DBR),2025-09-25,1305.6,1354.9,False,2025-09-30,5.0,1666.2,1763.6,2025-10-21,1507.1,2025-10-15,True,True,none,61.6,False,354.0,8.0
SANSTAR,Sanstar Limited,NSE,117.96,2026-03-30,86.66,91.44,False,True,Moderate,Drop-Base-Rally (DBR),2025-12-23,81.56,85.98,True,2026-03-11,2.0,84.77,84.95,2026-04-16,83.51,2026-04-10,True,True,none,3.5,True,354.0,8.0
SPORTKING,Sportking India Limited,NSE,180.38,2026-01-21,84.02,105.0,False,True,Moderate,Drop-Base-Rally (DBR),2026-01-29,96.39,105.0,True,2026-02-03,4.0,104.0,107.0,2026-02-10,88.98,2026-01-30,True,True,none,2.9,True,353.0,8.0
CONFIPET,Confidence Petroleum India Limited,NSE,77.61,2026-03-09,29.35,39.66,False,True,Moderate,Drop-Base-Rally (DBR),2026-03-12,31.15,34.45,True,2026-03-17,1.0,30.5,34.0,2026-03-13,32.19,2026-03-12,True,False,none,3.3,True,354.0,8.0
ANGELONE,Angel One Limited,NSE,332.6,2025-09-29,238.61,260.5,False,True,Moderate,Drop-Base-Rally (DBR),2025-05-12,250.2,256.22,True,2025-08-12,3.0,236.6,238.1,2025-10-15,228.2,2025-10-10,True,True,none,5.5,True,354.0,8.0
GANDHAR,Gandhar Oil Refinery (India) Limited,NSE,160.73,2026-03-30,145.0,158.4,False,True,Moderate,Drop-Base-Rally (DBR),2025-12-30,147.91,152.83,True,2026-01-12,3.0,137.8,141.5,2026-04-16,133.29,2026-04-08,True,True,none,2.8,True,354.0,8.0
VENUSREM,Venus Remedies Limited,NSE,1633.5,2025-09-19,293.05,317.2,False,True,Moderate,Drop-Base-Rally (DBR),2025-04-09,390.55,411.9,False,2025-05-28,0.0,,,,462.05,2025-10-03,True,True,sell-side swept (bullish stop-hunt),52.9,False,352.0,8.0
BAJAJCON,Bajaj Consumer Care Limited,NSE,552.05,2025-09-16,222.78,241.73,False,True,Moderate,Drop-Base-Rally (DBR),2025-09-12,226.21,232.0,False,2025-09-16,1.0,232.0,234.11,2025-09-18,245.6,2025-09-18,True,True,none,75.3,False,354.0,8.0
IDEAFORGE,Ideaforge Technology Limited,NSE,945.0,2026-03-30,405.15,430.05,False,True,Moderate,Drop-Base-Rally (DBR),2026-02-24,385.35,407.85,True,2026-03-16,5.0,479.2,481.9,2026-04-22,460.3,2026-04-16,True,True,none,3.7,True,354.0,8.0
SAREGAMA,Saregama India Limited,NSE,476.2,2026-04-07,307.05,333.0,False,True,Moderate,Drop-Base-Rally (DBR),2026-03-06,320.25,327.95,True,2026-03-10,2.0,351.8,356.15,2026-04-28,351.0,2026-04-27,True,True,sell-side swept (bullish stop-hunt),2.5,True,353.0,8.0
NDLVENTURE,NDL Ventures Limited,NSE,129.73,2025-09-29,62.5,66.88,False,True,Moderate,Drop-Base-Rally (DBR),2025-07-01,62.21,68.0,False,2025-08-08,0.0,,,,87.0,2025-10-31,True,True,sell-side swept (bullish stop-hunt),46.5,True,351.0,8.0
SBCL,Shivalik Bimetal Controls Limited,NSE,712.7,2026-03-24,402.0,426.55,False,True,Moderate,Drop-Base-Rally (DBR),2026-01-28,452.1,485.0,True,2026-02-05,4.0,496.75,506.55,2026-04-16,434.75,2026-04-08,True,True,none,1.7,True,353.0,8.0
PASUPTAC,Pasupati Acrylon Limited,NSE,74.21,2026-03-30,42.43,44.45,False,True,Moderate,Drop-Base-Rally (DBR),2025-10-23,50.5,54.0,True,2025-11-24,2.0,44.5,45.7,2026-04-07,46.6,2026-04-08,True,True,sell-side swept (bullish stop-hunt),2.1,True,353.0,8.0
NATIONALUM,National Aluminium Company Limited,NSE,395.7,2025-09-26,198.68,210.38,False,True,Moderate,Drop-Base-Rally (DBR),2025-09-24,210.2,215.99,False,2025-10-01,3.0,220.0,224.73,2025-10-09,221.23,2025-10-08,True,False,none,75.3,False,354.0,8.0
BIRLACABLE,Birla Cable Limited,NSE,223.9,2026-03-30,116.01,132.0,True,False,Moderate,Drop-Base-Rally (DBR),2026-04-07,133.21,145.0,True,2026-02-16,4.0,132.0,144.0,2026-04-15,152.59,2026-04-17,True,False,none,0.4,True,353.0,8.0
ADANIGREEN,Adani Green Energy Limited,NSE,1525.7,2026-01-23,974.3,1071.0,False,True,Moderate,Drop-Base-Rally (DBR),2025-09-16,998.6,1024.0,True,2025-10-28,2.0,864.8,900.0,2026-02-03,1061.9,2025-10-29,True,False,none,1.9,True,354.0,8.0
RPTECH,Rashi Peripherals Limited,NSE,546.25,2025-09-15,282.0,304.75,False,True,Moderate,Rally-Base-Rally (RBR),2025-03-25,299.0,304.8,False,2025-09-12,1.0,303.9,312.15,2025-09-17,314.25,2025-09-16,True,False,none,57.8,False,354.0,8.0
NETWEB,Netweb Technologies India Limited,NSE,4666.0,2025-09-16,2200.1,2725.0,True,False,Moderate,Rally-Base-Rally (RBR),2025-09-01,2190.7,2315.0,False,2025-08-29,5.0,4150.0,4161.6,2025-10-06,3314.0,2025-09-22,True,False,none,77.1,False,354.0,8.0
MAYURUNIQ,Mayur Uniquoters Ltd,NSE,733.65,2026-01-09,486.0,500.5,False,True,Moderate,Drop-Base-Rally (DBR),2025-12-26,486.0,499.3,True,2025-12-29,2.0,513.8,521.95,2026-02-02,520.0,2026-02-02,True,True,sell-side swept (bullish stop-hunt),3.9,True,352.0,8.0
538668,Meghna Infracon Infrastructure Ltd,BSE,790.85,2025-10-06,490.0,531.0,False,True,Moderate,Drop-Base-Rally (DBR),2025-09-30,490.0,508.7,True,2025-10-06,3.0,538.95,541.0,2025-10-23,540.0,2025-10-23,True,True,none,43.3,True,352.0,8.0
DSSL,Dynacons Systems & Solutions Limited,NSE,1288.7,2026-03-30,840.1,898.45,False,True,Moderate,Rally-Base-Rally (RBR),2025-12-08,970.05,1032.0,True,2026-04-09,2.0,945.0,970.05,2026-04-09,927.1,2026-04-08,True,True,none,1.3,True,353.0,8.0
INDOBORAX,Indo Borax & Chemicals Limited,NSE,367.4,2025-09-29,234.42,249.3,False,True,Moderate,Rally-Base-Rally (RBR),2025-07-18,237.0,249.3,True,2025-07-21,0.0,,,,245.99,2025-10-27,True,True,sell-side swept (bullish stop-hunt),47.9,True,353.0,8.0
APOLLOPIPE,Apollo Pipes Limited,NSE,497.85,2026-01-21,283.05,301.6,False,True,Moderate,Drop-Base-Rally (DBR),2025-12-15,282.0,293.5,True,2026-01-05,2.0,269.4,315.5,2026-02-09,279.0,2026-02-06,True,False,none,1.4,True,354.0,8.0
SATIN,Satin Creditcare Network Limited,NSE,241.39,2025-12-09,144.05,148.0,False,True,Moderate,Drop-Base-Rally (DBR),2025-10-20,145.12,147.89,True,2025-10-23,0.0,,,,153.89,2025-11-18,True,True,none,10.5,True,353.0,8.0
SOLARINDS,Solar Industries India Limited,NSE,18441.0,2025-12-18,11646.0,12200.0,False,True,Moderate,Drop-Base-Rally (DBR),2025-12-16,11646.0,11847.0,True,2025-12-18,2.0,12870.0,13353.0,2026-01-08,12736.0,2026-01-06,True,True,none,2.0,True,353.0,8.0
STEELXIND,STEEL EXCHANGE INDIA LIMITED,NSE,12.34,2026-03-23,7.6,7.98,False,True,Moderate,Drop-Base-Rally (DBR),2026-02-20,8.06,8.87,True,2026-02-27,3.0,8.3,8.7,2026-04-09,8.87,2026-04-08,True,True,none,0.8,True,354.0,8.0
543787,Macfos Ltd,BSE,1230.85,2025-09-30,650.0,690.0,False,True,Moderate,Drop-Base-Rally (DBR),2025-10-06,659.09,690.0,True,2025-10-07,2.0,718.14,721.23,2025-10-21,715.91,2025-10-15,True,True,sell-side swept (bullish stop-hunt),28.6,True,353.0,8.0
NARMADA,Narmada Agrobase Limited,NSE,37.72,2025-12-12,17.22,18.96,False,True,Moderate,Drop-Base-Rally (DBR),2025-07-09,21.65,22.81,True,2025-11-11,1.0,21.74,21.75,2026-01-02,21.84,2026-01-02,True,True,sell-side swept (bullish stop-hunt),38.9,True,352.0,8.0
ROSSTECH,Rossell Techsys Limited,NSE,1052.2,2026-01-09,569.6,646.75,False,True,Moderate,Drop-Base-Rally (DBR),2026-01-15,569.6,613.05,True,2026-01-20,0.0,,,,663.0,2026-01-28,True,True,sell-side swept (bullish stop-hunt),30.7,True,353.0,8.0
CENTUM,Centum Electronics Limited,NSE,3459.9,2026-01-09,2075.0,2273.8,False,True,Moderate,Drop-Base-Rally (DBR),2026-01-06,2075.0,2209.9,True,2026-01-09,0.0,,,,2460.0,2026-02-10,True,True,sell-side swept (bullish stop-hunt),2.4,True,352.0,8.0
HIRECT,Hind Rectifiers Limited,NSE,1128.4,2026-01-27,658.4,856.1,False,True,Moderate,Drop-Base-Rally (DBR),2025-07-24,856.05,875.0,True,2025-10-29,1.0,626.8,652.6,2026-02-04,825.0,2025-10-27,True,False,none,3.0,True,354.0,8.0
PAISALO,Paisalo Digital Limited,NSE,57.87,2026-03-13,30.6,33.63,False,True,Moderate,Drop-Base-Rally (DBR),2026-03-10,30.6,32.25,True,2026-03-13,1.0,34.38,34.41,2026-04-02,35.8,2026-04-06,True,True,sell-side swept (bullish stop-hunt),3.3,True,354.0,8.0
521113,Suditi Industries Ltd,BSE,92.4,2025-11-24,35.54,37.66,True,False,Moderate,Drop-Base-Rally (DBR),2025-04-07,70.11,74.0,True,2025-07-16,0.0,,,,59.85,2025-12-11,True,True,sell-side swept (bullish stop-hunt),12.4,True,351.0,8.0
JAYBARMARU,Jay Bharat Maruti Limited,NSE,127.97,2026-03-30,82.77,92.46,False,True,Moderate,Drop-Base-Rally (DBR),2026-02-03,82.77,92.46,True,2026-02-06,3.0,91.35,93.9,2026-04-16,98.1,2026-01-02,True,True,sell-side swept (bullish stop-hunt),3.6,True,353.0,8.0
YASHO,Yasho Industries Limited,NSE,2470.1,2026-01-08,1140.0,1437.0,False,True,Moderate,Drop-Base-Rally (DBR),2026-01-05,1140.0,1327.5,True,2026-01-08,0.0,,,,1443.1,2026-02-16,True,True,none,2.9,True,351.0,8.0
SEAMECLTD,Seamec Limited,NSE,1586.1,2025-11-10,857.5,952.4,False,True,Moderate,Drop-Base-Rally (DBR),2025-08-22,852.2,874.0,True,2025-10-29,2.0,884.0,905.0,2025-11-27,885.05,2025-11-20,True,True,sell-side swept (bullish stop-hunt),14.5,True,352.0,8.0
APARINDS,Apar Industries Limited,NSE,13878.0,2026-01-21,8261.5,8620.0,False,True,Moderate,Drop-Base-Rally (DBR),2025-10-10,7002.5,7238.0,False,2026-01-23,4.0,8200.0,9370.0,2026-02-04,8350.0,2026-02-03,True,False,none,5.3,True,354.0,8.0
WALCHANNAG,Walchandnagar Industries Limited,NSE,241.75,2026-03-30,151.6,187.8,False,True,Moderate,Drop-Base-Rally (DBR),2025-12-12,131.15,139.9,False,2026-03-30,3.0,182.75,187.4,2026-04-16,155.0,2026-04-07,True,False,none,0.6,True,354.0,8.0
ADANIPOWER,Adani Power Limited,NSE,232.6,2025-09-17,125.2,144.6,False,True,Moderate,Rally-Base-Rally (RBR),2025-09-16,125.2,127.06,False,2025-09-18,2.0,128.05,133.07,2025-09-19,133.36,2025-09-19,True,False,none,82.3,False,354.0,8.0
KOTYARK,Kotyark Industries Limited,NSE,412.55,2026-01-29,220.0,239.0,False,True,Moderate,Drop-Base-Rally (DBR),2025-11-28,192.05,205.0,True,2026-02-03,1.0,212.0,215.25,2026-02-10,213.0,2026-02-09,True,True,none,0.1,True,352.0,8.0
NIBE,NIBE Limited,NSE,1590.4,2026-03-30,951.0,1038.0,False,True,Moderate,Drop-Base-Rally (DBR),2026-03-05,966.1,989.8,True,2026-03-10,1.0,980.0,1021.05,2026-04-15,1094.45,2026-04-27,True,False,none,1.1,True,327.0,8.0
IOLCP,IOL Chemicals and Pharmaceuticals Limited,NSE,131.68,2026-03-17,67.19,72.7,False,True,Moderate,Drop-Base-Rally (DBR),2026-03-12,71.11,74.25,True,2026-03-23,1.0,69.69,72.0,2026-03-19,74.8,2026-03-24,True,True,buy-side swept (bearish stop-hunt),1.9,True,354.0,8.0
RRKABEL,R R Kabel Limited,NSE,2223.4,2025-09-26,940.05,990.85,True,False,Moderate,Rally-Base-Rally (RBR),2025-04-24,1325.2,1360.0,True,2025-07-11,0.0,,,,1294.0,2025-10-27,True,True,sell-side swept (bullish stop-hunt),53.8,False,353.0,8.0
ADANIENSOL,Adani Energy Solutions Limited,NSE,1579.0,2026-01-23,918.3,956.0,False,True,Moderate,Drop-Base-Rally (DBR),2025-10-23,918.3,943.6,True,2025-10-28,2.0,916.0,937.2,2026-02-03,932.9,2026-02-03,True,True,sell-side swept (bullish stop-hunt),21.0,True,354.0,8.0
SHILPAMED,Shilpa Medicare Limited,NSE,538.05,2026-01-23,259.5,284.5,False,True,Moderate,Drop-Base-Rally (DBR),2026-01-23,268.35,275.9,True,2026-01-29,1.0,289.45,296.4,2026-02-04,332.0,2026-02-09,True,True,none,2.7,True,354.0,8.0
MIDHANI,Mishra Dhatu Nigam Limited,NSE,435.55,2026-03-30,324.75,349.95,False,True,Moderate,Drop-Base-Rally (DBR),2026-01-21,328.0,344.4,True,2026-01-23,7.0,371.95,377.9,2026-04-21,362.5,2026-04-16,True,True,none,2.8,True,354.0,8.0
VTL,Vardhman Textiles Limited,NSE,631.4,2025-10-14,396.75,431.1,False,True,Moderate,Drop-Base-Rally (DBR),2025-08-21,407.0,413.9,True,2025-09-09,2.0,409.8,419.35,2025-10-24,421.85,2025-10-23,True,True,none,7.0,True,354.0,8.0
MTARTECH,Mtar Technologies Limited,NSE,7535.5,2025-09-15,1400.0,1579.0,True,False,Moderate,Rally-Base-Rally (RBR),2025-09-08,1400.0,1422.9,False,2025-09-09,4.0,1908.9,1930.0,2025-10-06,1932.0,2025-10-03,True,False,none,79.3,False,354.0,8.0
DIACABS,Diamond Power Infrastructure Limited,NSE,203.6,2026-03-23,139.68,146.8,False,True,Moderate,Drop-Base-Rally (DBR),2025-10-20,135.92,138.5,True,2026-01-02,2.0,131.04,132.13,2026-04-09,142.88,2026-04-16,True,True,none,5.2,True,354.0,8.0
APCOTEXIND,Apcotex Industries Limited,NSE,540.2,2026-03-30,347.15,357.9,False,True,Moderate,Rally-Base-Rally (RBR),2025-10-30,310.45,337.35,True,2026-03-30,3.0,365.0,375.0,2026-04-09,357.85,2026-04-06,True,True,sell-side swept (bullish stop-hunt),3.3,True,353.0,8.0
EBGNG,GNG Electronics Limited,NSE,420.55,2026-01-27,330.1,352.85,False,True,Moderate,Drop-Base-Rally (DBR),2025-08-19,277.2,282.65,True,2025-12-12,5.0,295.5,326.9,2026-02-09,317.9,2026-02-06,True,False,none,2.2,True,210.0,8.0
WOCKPHARMA,Wockhardt Limited,NSE,1920.9,2026-03-23,1230.0,1317.9,False,True,Moderate,Drop-Base-Rally (DBR),2025-11-25,1247.0,1295.0,True,2026-03-09,2.0,1285.0,1329.6,2026-04-08,1406.4,2026-04-21,True,True,none,2.7,True,354.0,8.0
HARDWYN,Hardwyn India Limited,NSE,24.41,2025-10-14,11.9,13.43,False,True,Moderate,Drop-Base-Rally (DBR),2025-09-24,11.9,12.94,True,2025-09-29,3.0,14.8,15.4,2025-11-04,14.0,2025-10-24,True,True,sell-side swept (bullish stop-hunt),25.8,True,353.0,8.0
J&KBANK,The Jammu & Kashmir Bank Limited,NSE,147.52,2025-12-29,101.7,105.9,False,True,Moderate,Drop-Base-Rally (DBR),2025-10-06,101.7,104.4,True,2025-10-08,1.0,101.46,102.66,2026-01-15,103.22,2026-01-05,True,True,sell-side swept (bullish stop-hunt),2.1,True,354.0,8.0
PARAS,Paras Defence and Space Technologies Limited,NSE,960.15,2026-03-23,627.15,645.45,False,True,Moderate,Drop-Base-Rally (DBR),2026-02-24,632.25,645.45,True,2026-02-27,4.0,712.0,758.05,2026-04-16,662.9,2026-04-08,True,True,sell-side swept (bullish stop-hunt),2.0,True,354.0,8.0
HINDCOPPER,Hindustan Copper Limited,NSE,526.35,2025-09-18,241.52,256.2,True,False,Moderate,Rally-Base-Rally (RBR),2025-09-08,278.95,286.25,False,2025-09-18,2.0,305.4,305.52,2025-09-24,294.25,2025-09-22,True,False,none,87.5,False,354.0,8.0
SALSTEEL,S.A.L. Steel Limited,NSE,60.77,2025-10-14,15.5,16.49,False,True,Moderate,Drop-Base-Rally (DBR),2025-07-25,26.5,27.5,False,2025-10-14,9.0,37.78,39.3,2025-11-03,29.85,2025-10-17,True,True,none,55.5,False,352.0,8.0
WELCORP,Welspun Corp Limited,NSE,1388.8,2026-01-27,730.1,749.55,False,True,Moderate,Rally-Base-Rally (RBR),2026-01-13,730.1,741.8,True,2026-01-16,2.0,760.1,780.85,2026-02-03,796.5,2026-02-03,True,True,none,2.5,True,354.0,8.0
ZIMLAB,Zim Laboratories Limited,NSE,105.12,2026-03-30,65.52,71.0,False,True,Moderate,Drop-Base-Rally (DBR),2026-01-06,63.31,66.51,True,2026-03-16,3.0,80.93,83.1,2026-04-22,74.0,2026-04-15,True,True,sell-side swept (bullish stop-hunt),4.1,True,353.0,8.0
SANSERA,Sansera Engineering Limited,NSE,2945.1,2025-09-30,1392.1,1438.0,False,True,Moderate,Drop-Base-Rally (DBR),2025-09-11,1392.1,1424.7,True,2025-09-15,1.0,1454.6,1455.0,2025-10-21,1462.0,2025-10-21,True,False,none,71.8,False,354.0,7.0
CUMMINSIND,Cummins India Limited,NSE,5784.0,2025-10-01,2915.6,3023.4,True,False,Moderate,Drop-Base-Rally (DBR),2025-05-23,3511.0,3569.2,True,2025-07-18,0.0,,,,4030.0,2025-10-23,True,False,none,78.4,False,354.0,7.0
540545,Guru Krupa Gems and Jewellery Ltd,BSE,37.67,2025-09-26,11.25,11.99,False,True,Moderate,Rally-Base-Rally (RBR),2025-06-03,19.2,20.45,True,2025-09-29,0.0,,,,21.47,2025-10-17,True,True,buy-side swept (bearish stop-hunt),78.1,False,351.0,7.0
IDEA,Vodafone Idea Limited,NSE,14.95,2025-09-17,7.12,7.43,False,True,Moderate,Rally-Base-Rally (RBR),2025-07-08,7.71,8.0,True,2025-09-17,1.0,8.95,9.0,2025-10-08,8.38,2025-09-19,True,False,none,67.6,False,354.0,7.0
MAHABANK,Bank of Maharashtra,NSE,79.19,2025-09-26,53.52,55.27,False,True,Moderate,Rally-Base-Rally (RBR),2025-09-11,53.52,54.58,True,2025-09-12,0.0,,,,57.6,2025-10-15,True,True,sell-side swept (bullish stop-hunt),71.4,False,354.0,7.0
SENORES,Senores Pharmaceuticals Limited,NSE,1034.7,2025-09-26,601.1,705.0,False,True,Moderate,Rally-Base-Rally (RBR),2025-07-23,630.3,679.5,True,2025-07-28,0.0,,,,755.5,2025-10-24,True,True,none,75.0,False,354.0,7.0
MCX,Multi Commodity Exchange of India Limited,NSE,2795.0,2025-09-16,1345.1,1506.2,False,True,Moderate,Rally-Base-Rally (RBR),2025-06-03,1521.4,1553.9,True,2025-09-16,1.0,1603.0,1630.9,2025-10-06,1569.8,2025-09-17,True,False,none,67.9,False,354.0,7.0
ATHERENERG,Ather Energy Limited,NSE,1033.6,2025-09-26,336.35,358.25,True,False,Moderate,Rally-Base-Rally (RBR),2025-07-29,537.45,565.75,True,2025-09-26,3.0,661.7,672.0,2025-10-17,614.4,2025-10-06,False,False,none,77.2,False,272.0,7.0
ATALREAL,Atal Realtech Limited,NSE,30.43,2025-09-15,14.66,15.9,False,True,Moderate,Drop-Base-Rally (DBR),2025-05-21,18.75,19.69,True,2025-07-21,3.0,21.43,21.9,2025-10-01,19.74,2025-09-22,True,False,none,76.7,False,352.0,7.0
PANACEABIO,Panacea Biotec Limited,NSE,540.2,2026-03-30,346.6,369.0,False,True,Moderate,Rally-Base-Rally (RBR),2025-12-19,317.75,335.7,False,2026-04-09,0.0,,,,339.95,2026-04-15,True,False,none,2.1,True,354.0,7.0
UTLSOLAR,Fujiyama Power Systems Limited,NSE,328.3,2026-03-04,192.0,201.5,False,True,Moderate,Drop-Base-Rally (DBR),2025-12-17,179.51,187.74,False,2026-03-16,0.0,,,,192.08,2026-03-18,True,False,none,1.5,True,135.0,7.0
SBC,SBC Exports Limited,NSE,37.1,2025-09-18,14.45,14.98,False,True,Moderate,Rally-Base-Rally (RBR),2025-06-12,15.05,16.05,True,2025-07-15,1.0,21.58,21.7,2025-10-03,22.05,2025-10-01,True,False,none,91.2,False,354.0,7.0
LLOYDSME,Lloyds Metals And Energy Limited,NSE,1778.6,2026-02-02,,,,,none,n/a,,1096.9,1130.5,True,2026-01-27,1.0,1107.0,1255.0,2026-02-04,1227.7,2026-02-25,True,True,none,12.7,True,354.0,6.0
AXISCADES,AXISCADES Technologies Limited,NSE,1836.0,2026-01-22,,,,,none,n/a,,1290.1,1350.0,True,2025-12-31,3.0,1238.5,1340.0,2026-02-12,1245.0,2026-02-11,True,True,sell-side swept (bullish stop-hunt),5.3,True,354.0,6.0
DIVGIITTS,Divgi Torqtransfer Systems Limited,NSE,780.7,2025-12-22,596.1,629.95,False,True,Moderate,Rally-Base-Rally (RBR),2025-11-06,579.6,605.2,True,2025-12-03,0.0,,,,611.95,2026-01-30,True,False,none,6.4,True,352.0,6.0
AMANTA,Amanta Healthcare Limited,NSE,133.49,2026-03-17,,,,,none,n/a,,100.01,103.0,True,2026-02-25,1.0,101.88,102.0,2026-04-02,102.5,2026-04-01,True,True,none,4.9,True,181.0,6.0
SIGMAADV,SIGMA ADVANCED SYSTEMS LIMITED,NSE,435.8,2026-03-16,,,,,none,n/a,,171.93,176.99,True,2026-02-17,1.0,160.39,167.07,2026-04-08,178.0,2026-04-10,True,True,sell-side swept (bullish stop-hunt),4.6,True,353.0,6.0
HCC,Hindustan Construction Company Limited,NSE,24.02,2026-03-30,,,,,none,n/a,,18.07,19.2,True,2026-01-23,3.0,17.67,18.09,2026-04-16,20.6,2026-04-23,True,True,none,0.5,True,354.0,6.0
GVT&D,GE Vernova T&D India Limited,NSE,5067.0,2026-01-21,,,,,none,n/a,,2523.2,2600.4,False,2026-01-21,5.0,3320.0,3459.9,2026-02-04,3224.2,2026-01-30,True,True,sell-side swept (bullish stop-hunt),19.5,True,354.0,6.0
GOCLCORP,GOCL Corporation Limited,NSE,410.85,2026-03-23,,,,,none,n/a,,223.35,237.6,True,2026-03-23,1.0,280.2,299.1,2026-04-16,256.8,2026-03-24,True,True,none,1.1,True,353.0,6.0
ONELIFECAP,Onelife Capital Advisors Limited,NSE,26.59,2025-10-17,,,,,none,n/a,,12.22,12.8,False,2025-10-29,3.0,15.34,17.35,2025-11-06,12.95,2025-10-31,True,True,sell-side swept (bullish stop-hunt),26.6,True,353.0,6.0
PFC,Power Finance Corporation Limited,NSE,431.75,2025-12-18,,,,,none,n/a,,348.75,352.0,False,2025-12-30,5.0,358.55,363.55,2026-01-02,379.15,2026-01-28,True,True,none,4.7,True,354.0,6.0
RAMRAT,Ram Ratna Wires Limited,NSE,391.5,2026-01-20,,,,,none,n/a,,268.0,292.6,True,2026-01-20,3.0,303.6,320.7,2026-02-10,309.95,2026-02-09,True,True,none,8.2,True,353.0,6.0
NAHARSPING,Nahar Spinning Mills Limited,NSE,280.05,2026-01-27,,,,,none,n/a,,149.2,157.4,False,2026-01-27,3.0,170.88,175.51,2026-02-03,197.59,2026-02-13,True,False,none,1.4,True,353.0,6.0
HFCL,HFCL Limited,NSE,187.23,2026-01-27,,,,,none,n/a,,59.82,61.78,False,2026-01-27,2.0,67.23,67.49,2026-02-04,69.05,2026-02-05,True,True,none,5.6,True,354.0,6.0
VIDYAWIRES,Vidya Wires Limited,NSE,93.62,2026-01-21,,,,,none,n/a,,45.4,47.0,False,2026-02-03,2.0,47.0,47.95,2026-02-05,47.0,2026-02-04,True,False,none,3.6,True,121.0,6.0
LLOYDSENGG,LLOYDS ENGINEERING WORKS LIMITED,NSE,72.69,2026-03-30,,,,,none,n/a,,38.43,40.45,True,2026-03-24,6.0,53.76,54.0,2026-04-20,43.0,2026-04-06,True,True,none,1.2,True,354.0,6.0
FCL,Fineotex Chemical Limited,NSE,40.73,2026-03-30,,,,,none,n/a,,20.95,21.68,True,2026-01-27,1.0,21.3,21.58,2026-04-07,22.46,2026-04-08,True,True,sell-side swept (bullish stop-hunt),0.8,True,354.0,6.0
BHAGYANGR,Bhagyanagar India Limited,NSE,306.65,2025-09-24,80.74,94.68,False,True,Moderate,Drop-Base-Rally (DBR),2025-07-14,90.1,94.99,True,2025-09-24,0.0,,,,99.41,2025-10-07,True,False,none,51.2,False,354.0,6.0
LAURUSLABS,Laurus Labs Limited,NSE,1446.8,2025-09-26,889.05,909.9,False,True,Moderate,Rally-Base-Rally (RBR),2025-09-12,889.05,903.85,True,2025-09-17,0.0,,,,891.15,2025-10-17,True,False,none,73.8,False,354.0,6.0
MODISONLTD,MODISON LIMITED,NSE,362.7,2026-03-23,,,,,none,n/a,,151.1,155.2,True,2026-01-01,5.0,143.51,145.16,2026-04-16,127.0,2026-04-06,True,True,none,1.0,True,353.0,6.0
KRN,KRN Heat Exchanger and Refrigeration Limited,NSE,1216.8,2026-01-23,,,,,none,n/a,,600.0,628.0,False,2026-01-29,3.0,695.0,730.0,2026-02-10,750.0,2026-02-18,True,False,none,1.0,True,354.0,6.0
ABSLAMC,Aditya Birla Sun Life AMC Limited,NSE,1048.8,2025-11-24,,,,,none,n/a,,802.0,823.0,True,2025-10-09,1.0,736.9,739.75,2025-12-12,741.95,2025-12-12,True,True,none,1.6,True,354.0,6.0
SIS,SIS LIMITED,NSE,417.05,2026-03-23,,,,,none,n/a,,257.05,273.75,False,2026-03-23,4.0,308.95,318.3,2026-04-16,296.7,2026-04-09,True,True,none,6.6,True,353.0,6.0
GKSL,Gujarat Kidney And Super Speciality Limited,NSE,131.05,2026-01-23,,,,,none,n/a,,103.02,105.77,False,2026-02-02,1.0,100.86,102.76,2026-01-29,104.7,2026-01-29,True,False,none,4.1,True,108.0,6.0
SONAMLTD,SONAM LIMITED,NSE,55.72,2025-10-15,37.49,40.49,False,True,Moderate,Drop-Base-Rally (DBR),2025-10-15,38.1,39.9,True,2025-10-20,0.0,,,,42.25,2025-11-21,True,False,none,7.0,True,352.0,6.0
SWANDEF,Swan Defence and Heavy Industries Limited,NSE,1971.6,2025-09-12,337.65,337.65,True,False,Moderate,Rally-Base-Rally (RBR),2025-08-05,,,,,6.0,577.1,605.95,2025-09-29,523.5,2025-09-15,False,False,none,100.0,False,352.0,6.0
THERMAX,Thermax Limited,NSE,4832.1,2025-12-10,,,,,none,n/a,,3175.0,3260.0,True,2025-10-23,2.0,2891.8,2912.9,2025-12-24,2958.4,2025-12-24,True,True,none,2.3,True,353.0,6.0
SPECTRUM,Spectrum Electrical Industries Limited,NSE,1769.1,2026-01-12,,,,,none,n/a,,1079.0,1131.9,False,2026-01-21,1.0,1131.9,1156.0,2026-01-23,1197.6,2026-01-22,True,True,none,1.2,True,352.0,6.0
SGMART,SG Mart Limited,NSE,575.35,2026-01-21,,,,,none,n/a,,351.1,374.1,True,2025-12-29,3.0,377.0,405.55,2026-02-10,369.0,2026-02-04,True,True,sell-side swept (bullish stop-hunt),7.4,True,180.0,6.0
SGFIN,SG Finserve Limited,NSE,570.35,2026-01-30,,,,,none,n/a,,346.55,359.0,False,2026-02-05,3.0,395.0,401.8,2026-02-13,399.0,2026-02-12,True,False,none,2.2,True,207.0,6.0
VETO,Veto Switchgears And Cables Limited,NSE,143.79,2026-03-30,,,,,none,n/a,,82.32,91.56,True,2026-03-30,1.0,102.0,103.25,2026-04-15,108.44,2026-04-21,True,True,none,4.6,True,354.0,6.0
GANESHBE,Ganesh Benzoplast Limited,NSE,111.95,2026-02-02,,,,,none,n/a,,70.21,73.07,True,2026-01-27,2.0,75.5,80.25,2026-02-10,83.41,2026-02-20,True,True,none,3.4,True,353.0,6.0
GLAND,Gland Pharma Limited,NSE,2273.0,2026-03-19,,,,,none,n/a,,1745.7,1847.1,True,2026-01-29,1.0,1627.1,1670.2,2026-03-25,1705.5,2026-03-25,True,True,sell-side swept (bullish stop-hunt),4.6,True,353.0,6.0
DJML,DJ Mediaprint & Logistics Limited,NSE,111.29,2025-12-11,,,,,none,n/a,,52.0,55.69,False,2025-12-11,2.0,61.01,63.02,2025-12-16,71.64,2026-01-05,True,True,none,2.5,True,353.0,6.0
GMDCLTD,Gujarat Mineral Development Corporation Limited,NSE,657.75,2025-11-24,489.4,568.45,False,True,Moderate,Drop-Base-Rally (DBR),2025-09-08,467.9,492.7,True,2025-11-24,0.0,,,,538.0,2025-12-24,True,False,none,38.1,True,354.0,6.0
524520,KMC Speciality Hospitals (India) Ltd,BSE,114.5,2025-09-15,,,,,none,n/a,,63.99,65.97,True,2025-08-11,1.0,66.7,68.17,2025-10-06,68.45,2025-10-06,True,True,sell-side swept (bullish stop-hunt),54.3,False,351.0,6.0
STEELCAS,Steelcast Limited,NSE,287.05,2026-01-21,,,,,none,n/a,,176.02,190.36,False,2026-01-30,2.0,214.98,230.12,2026-02-04,225.0,2026-02-03,True,True,none,4.9,True,353.0,6.0
531911,Galaxy Agrico Exports Ltd,BSE,65.0,2026-02-20,39.02,45.27,False,True,Moderate,Drop-Base-Rally (DBR),2026-01-29,46.55,48.01,True,2025-11-10,0.0,,,,47.76,2026-04-06,True,False,none,4.3,True,352.0,6.0
ZENTEC,Zen Technologies Limited,NSE,1815.3,2026-01-14,,,,,none,n/a,,1260.0,1298.7,False,2026-01-27,3.0,1298.7,1341.0,2026-01-29,1346.9,2026-01-28,True,False,none,0.7,True,354.0,6.0
CEMPRO,Cemindia Projects Limited,NSE,1112.8,2026-03-23,,,,,none,n/a,,503.3,535.8,True,2026-03-23,4.0,632.8,634.0,2026-04-16,566.15,2026-04-08,True,True,none,1.7,True,354.0,6.0
ADANIENT,Adani Enterprises Limited,NSE,3048.2,2026-03-30,,,,,none,n/a,,1865.0,1904.6,False,2026-04-07,5.0,2159.0,2161.1,2026-04-16,2027.0,2026-04-08,True,False,none,0.7,True,354.0,6.0
BLUSPRING,Bluspring Enterprises Limited,NSE,93.35,2026-03-19,,,,,none,n/a,,48.44,50.65,True,2026-03-24,1.0,55.9,57.32,2026-04-06,52.9,2026-03-25,True,True,none,0.4,True,245.0,6.0
BANDHANBNK,Bandhan Bank Limited,NSE,205.87,2025-12-08,,,,,none,n/a,,134.9,141.78,False,2025-12-08,1.0,143.24,145.25,2025-12-12,170.09,2025-10-23,True,False,none,1.0,True,354.0,6.0
GAUDIUMIVF,Gaudium IVF and Women Health Limited,NSE,105.8,2026-03-23,,,,,none,n/a,,79.0,82.5,False,2026-04-08,1.0,82.5,88.68,2026-04-10,99.75,2026-04-16,True,False,none,4.9,True,66.0,6.0
AYMSYNTEX,AYM Syntex Limited,NSE,222.74,2026-01-22,,,,,none,n/a,,147.9,155.0,True,2025-12-08,2.0,163.56,170.0,2026-02-03,163.75,2026-02-03,True,True,sell-side swept (bullish stop-hunt),7.8,True,353.0,6.0
MCL,Madhav Copper Limited,NSE,59.6,2025-11-24,46.45,48.9,False,True,Moderate,Drop-Base-Rally (DBR),2025-09-19,46.45,48.3,True,2025-09-24,0.0,,,,47.94,2025-12-12,True,False,none,1.9,True,353.0,6.0
535916,Alacrity Securities Ltd,BSE,68.72,2025-12-01,,,,,none,n/a,,52.0,56.0,True,2025-10-30,0.0,,,,55.0,2025-12-12,True,True,none,7.5,True,351.0,5.0
KIRLPNU,Kirloskar Pneumatic Company Limited,NSE,1570.8,2025-12-08,,,,,none,n/a,,996.0,1032.8,True,2025-12-08,0.0,,,,1085.2,2026-01-16,True,True,none,0.6,True,353.0,5.0
CALSOFT,California Software Company Limited,NSE,20.9,2026-04-06,,,,,none,n/a,,14.0,15.47,True,2025-12-29,0.0,,,,12.92,2026-04-30,True,True,none,5.3,True,353.0,5.0
544191,Purple Finance Ltd,BSE,65.36,2025-09-29,,,,,none,n/a,,37.6,39.0,True,2025-08-12,0.0,,,,36.5,2025-10-20,True,True,none,3.9,True,351.0,5.0
SANGINITA,Sanginita Chemicals Limited,NSE,31.57,2025-12-12,,,,,none,n/a,,9.25,9.85,True,2025-09-05,0.0,,,,10.29,2026-01-06,True,True,sell-side swept (bullish stop-hunt),20.2,True,353.0,5.0
TMB,Tamilnad Mercantile Bank Limited,NSE,745.9,2025-09-30,,,,,none,n/a,,446.5,461.35,True,2025-07-28,2.0,442.9,445.0,2025-10-21,436.7,2025-10-17,True,False,none,25.9,True,353.0,5.0
TCIFINANCE,TCI Finance Limited,NSE,14.53,2025-11-27,,,,,none,n/a,,11.11,12.0,True,2025-10-03,0.0,,,,11.5,2025-12-17,True,True,none,7.6,True,352.0,5.0
532380,Baba Arts Ltd,BSE,13.15,2025-12-08,,,,,none,n/a,,,,,,3.0,7.94,9.62,2025-12-24,7.0,2025-12-19,True,True,none,1.8,True,351.0,5.0
AVADHSUGAR,Avadh Sugar & Energy Limited,NSE,458.55,2026-01-20,,,,,none,n/a,,310.0,322.55,True,2026-01-20,2.0,344.1,345.25,2026-02-10,363.25,2026-02-27,True,False,none,0.8,True,353.0,5.0
E2E,E2E Networks Limited,NSE,452.9,2025-12-29,,,,,none,n/a,,204.18,209.5,True,2025-08-14,0.0,,,,221.0,2026-01-16,True,True,sell-side swept (bullish stop-hunt),1.2,True,354.0,5.0
SOTL,Savita Oil Technologies Limited,NSE,560.5,2026-03-30,,,,,none,n/a,,318.05,328.55,True,2026-03-16,5.0,348.9,356.0,2026-04-16,347.95,2026-04-15,True,False,none,1.8,True,354.0,5.0
DBOL,Dhampur Bio Organics Limited,NSE,109.4,2025-11-18,,,,,none,n/a,,80.49,83.63,True,2025-09-24,1.0,72.37,73.0,2025-11-27,73.55,2025-11-26,True,False,none,0.7,True,353.0,5.0
EMMVEE,Emmvee Photovoltaic Power Limited,NSE,334.35,2025-12-18,,,,,none,n/a,,,,,,2.0,188.72,192.6,2026-01-06,193.41,2026-01-06,True,True,none,1.8,True,137.0,5.0
ATLANTAELE,Atlanta Electricals Limited,NSE,2044.0,2026-01-27,,,,,none,n/a,,825.0,875.9,True,2025-12-08,3.0,830.0,875.75,2026-02-10,893.8,2026-02-10,True,False,none,4.8,True,169.0,5.0
UNIVPHOTO,Universus Photo Imagings Limited,NSE,380.25,2026-01-20,,,,,none,n/a,,245.0,254.0,True,2025-10-07,1.0,195.4,200.0,2026-02-09,199.4,2026-02-06,True,False,none,2.8,True,353.0,5.0
TIPSMUSIC,Tips Music Limited,NSE,690.95,2025-11-10,,,,,none,n/a,,576.45,586.0,True,2025-09-05,1.0,517.45,530.05,2025-11-27,534.0,2025-11-27,True,False,none,0.6,True,354.0,5.0
ACMESOLAR,Acme Solar Holdings Limited,NSE,356.65,2026-01-23,,,,,none,n/a,,211.68,219.85,True,2026-01-29,0.0,,,,230.95,2026-02-10,True,False,none,0.4,True,354.0,4.0
540252,Viram Suvarn Ltd,BSE,10.93,2025-12-01,,,,,none,n/a,,,,,,0.0,,,,8.55,2025-12-04,True,True,sell-side swept (bullish stop-hunt),8.0,True,351.0,4.0
540492,Starlineps Enterprises Ltd,BSE,10.93,2025-11-04,,,,,none,n/a,,,,,,8.0,3.02,3.32,2025-11-20,7.05,2025-06-11,True,False,none,0.0,True,351.0,4.0
KSR,KSR Footwear Limited,NSE,33.0,2025-12-29,,,,,none,n/a,,14.04,14.97,False,2025-12-29,2.0,18.06,23.3,2026-01-02,,,False,True,none,3.0,True,128.0,4.0
CPPLUS,Aditya Infotech Limited,NSE,3501.9,2025-09-26,,,,,none,n/a,,,,,,1.0,1285.6,1300.0,2025-10-01,1475.0,2025-11-07,True,False,none,52.0,False,207.0,4.0
AFIL,Akme Fintrade (India) Limited,NSE,10.59,2026-01-29,,,,,none,n/a,,7.29,7.5,True,2025-11-18,0.0,,,,5.59,2026-02-20,True,False,none,0.6,True,353.0,4.0
SKIPPER,Skipper Limited,NSE,556.6,2026-03-09,,,,,none,n/a,,333.55,358.0,True,2026-01-23,0.0,,,,361.55,2026-04-08,True,False,none,1.4,True,353.0,4.0
CLEANMAX,Clean Max Enviro Energy Solutions Limited,NSE,1217.0,2026-03-30,,,,,none,n/a,,,,,,5.0,949.0,965.65,2026-04-17,939.6,2026-04-16,True,False,none,18.3,True,64.0,4.0
AKUMS,Akums Drugs and Pharmaceuticals Limited,NSE,553.8,2025-11-24,,,,,none,n/a,,443.0,456.0,True,2025-10-10,0.0,,,,432.45,2025-12-22,True,False,none,1.4,True,351.0,4.0
PARKHOSPS,Park Medi World Limited,NSE,281.75,2026-01-12,,,,,none,n/a,,149.0,152.79,True,2026-01-21,0.0,,,,156.0,2026-01-22,False,False,none,21.0,True,116.0,3.0
ADVAIT,Advait Energy Transitions Limited,NSE,2181.2,2026-01-27,,,,,none,n/a,,,,,,3.0,1551.9,1649.0,2026-02-09,1590.8,2026-02-06,False,False,none,13.1,True,93.0,3.0
BUILDPRO,Shankara Buildpro Limited,NSE,1134.7,2026-01-27,,,,,none,n/a,,,,,,2.0,748.9,786.8,2026-02-04,968.0,2026-02-19,False,False,none,6.7,True,99.0,3.0
NEPHROPLUS,Nephrocare Health Services Limited,NSE,675.85,2025-12-19,,,,,none,n/a,,,,,,1.0,468.7,472.6,2026-01-05,512.5,2026-01-19,False,False,none,5.9,True,115.0,3.0
OMNI,Omnitech Engineering Limited,NSE,505.2,2026-03-06,,,,,none,n/a,,,,,,1.0,197.0,210.01,2026-03-12,252.0,2026-04-01,False,False,none,12.9,True,63.0,3.0
RUBICON,Rubicon Research Limited,NSE,1202.5,2025-10-24,,,,,none,n/a,,,,,,1.0,632.6,662.2,2025-11-14,671.95,2025-11-14,False,False,none,9.5,True,156.0,3.0
SHADOWFAX,Shadowfax Technologies Limited,NSE,201.07,2026-01-29,,,,,none,n/a,,,,,,0.0,,,,124.0,2026-03-05,False,False,none,5.0,True,88.0,2.0
KSHINTL,KSH International Limited,NSE,819.45,2026-01-13,,,,,none,n/a,,,,,,0.0,,,,365.3,2026-02-05,False,False,none,2.0,True,112.0,2.0
ARFIN,Arfin India Limited,NSE,89.24,2025-09-16,,,,,none,n/a,,,,,,0.0,,,,49.52,2025-10-08,False,False,none,90.1,False,215.0,2.0
RHETAN,Rhetan TMT Limited,NSE,30.66,2025-09-26,,,,,none,n/a,,,,,,0.0,,,,23.0,2025-10-31,False,False,none,46.9,True,171.0,2.0
GROWW,Billionbrains Garage Ventures Limited,NSE,196.09,2025-11-12,,,,,none,n/a,,,,,,2.0,149.99,179.5,2025-11-18,,,False,False,none,86.3,False,141.0,1.0
PIRAMALFIN,Piramal Finance Limited,NSE,1977.4,2025-11-07,,,,,none,n/a,,,,,,3.0,1490.2,1537.0,2025-11-18,,,False,False,none,100.0,False,144.0,1.0
KOVAI,,,,,,,,,,,,,,,,,,,,,,,,,,,,
NOVARTIND,,,,,,,,,,,,,,,,,,,,,,,,,,,,
NITTAGELA,,,,,,,,,,,,,,,,,,,,,,,,,,,,
COCKERILL,,,,,,,,,,,,,,,,,,,,,,,,,,,,
SEDEMAC,,,,,,,,,,,,,,,,,,,,,,,,,,,,
ELPROINTL,,,,,,,,,,,,,,,,,,,,,,,,,,,,
CMPDI,,,,,,,,,,,,,,,,,,,,,,,,,,,,
KPL,,,,,,,,,,,,,,,,,,,,,,,,,,,,
DECNGOLD,,,,,,,,,,,,,,,,,,,,,,,,,,,,
SAIPARENT,,,,,,,,,,,,,,,,,,,,,,,,,,,,
WELSPLSOL,,,,,,,,,,,,,,,,,,,,,,,,,,,,
MMWL,,,,,,,,,,,,,,,,,,,,,,,,,,,,
KISSHT,,,,,,,,,,,,,,,,,,,,,,,,,,,,
TIMEX,,,,,,,,,,,,,,,,,,,,,,,,,,,,
POWERICA,,,,,,,,,,,,,,,,,,,,,,,,,,,,
