Stock,Demand Zone Levels,OB Level,FVG Level,BOS Level,Liquidity Sweep (Y/N),SMC Score (1-10)
530689,30.15-33.0,30.31-31.4,33.0-34.06,39.4,Y,10.0
NGLFINE,1280.0-1354.0,1280.0-1325.0,1340.0-1364.0,1356.0,Y,10.0
RICOAUTO,85.1-102.0,85.1-86.9,100.36-110.25,91.49,Y,10.0
TARIL,239.12-257.48,244.29-252.65,277.84-296.2,298.71,Y,10.0
SAKAR,332.1-350.0,330.0-347.0,350.0-360.0,347.0,Y,10.0
JAYNECOIND,69.96-75.5,69.96-71.85,71.85-77.3,73.64,Y,10.0
BODALCHEM,42.81-50.0,43.35-44.41,56.0-59.0,45.57,Y,10.0
KINGFA,3725.1-3911.4,4125.4-4289.9,4240.0-4338.4,3960.0,Y,10.0
ABB,4649.5-5075.0,4668.5-4775.0,5537.0-5582.5,5368.0,Y,10.0
SUVEN,128.0-148.95,128.0-136.0,182.5-186.6,146.35,Y,10.0
APOLLO,189.4-211.5,205.01-211.5,250.0-278.44,204.45,Y,10.0
MWL,182.6-192.0,232.2-243.85,243.85-244.05,243.0,Y,10.0
SAIL,129.91-138.8,131.0-134.3,141.8-145.46,132.6,Y,10.0
KIRLOSENG,882.0-946.75,883.4-903.85,946.75-986.0,902.95,Y,10.0
GULPOLY,127.56-133.54,128.2-133.54,147.5-160.19,155.5,Y,10.0
LOKESHMACH,138.96-158.0,140.62-151.86,158.0-166.88,171.0,Y,10.0
INDOTECH,1277.2-1458.8,1318.2-1357.8,1885.0-1969.9,1437.0,Y,10.0
SYRMA,634.5-683.0,649.5-669.5,802.55-808.7,760.0,Y,10.0
MCLEODRUSS,34.5-39.61,35.0-35.92,55.46-56.1,41.5,Y,10.0
CEIGALL,225.06-238.0,226.49-231.96,262.0-264.28,241.89,Y,10.0
IFCI,46.23-49.62,50.01-51.41,49.62-52.33,52.48,Y,10.0
SCHNEIDER,571.85-644.15,601.05-634.65,755.05-761.15,760.0,Y,10.0
GRWRHITECH,2868.8-3908.6,2973.4-3150.0,3908.6-4082.8,3168.0,Y,10.0
SCPL,190.03-232.01,190.37-205.77,232.01-257.26,215.09,Y,10.0
DATAPATTNS,2131.0-2319.0,2167.0-2304.0,2625.0-2700.5,2765.0,Y,10.0
LINCOLN,452.9-550.0,520.0-535.2,535.2-601.3,463.9,Y,10.0
EXICOM,87.81-105.6,87.81-93.85,105.6-114.15,93.25,Y,10.0
CHENNPETRO,746.0-892.0,804.0-847.35,892.0-932.85,858.85,Y,10.0
UFBL,172.34-192.89,172.5-179.07,192.89-234.75,224.38,Y,10.0
JETFREIGHT,12.24-13.4,12.99-13.17,13.17-14.16,13.1,Y,10.0
AARTIIND,345.3-357.75,349.3-357.05,452.85-463.2,357.75,Y,10.0
QUADFUTURE,248.55-295.5,248.55-255.0,295.5-313.35,322.0,Y,10.0
RSWM,128.24-143.02,123.9-131.95,143.02-150.03,152.5,Y,10.0
ANTELOPUS,403.65-524.8,403.65-462.55,451.55-455.2,439.05,Y,10.0
NELCAST,85.98-109.16,87.85-92.3,109.16-116.2,94.78,Y,10.0
DEEDEV,183.0-193.0,183.51-193.0,192.95-205.05,221.5,Y,10.0
511523,16.92-18.0,16.92-17.65,n/a,18.34,Y,9.0
STLNETWORK,18.0-20.24,22.1-23.31,26.23-26.5,20.0,Y,9.0
HSCL,437.4-457.0,432.05-439.2,439.2-445.25,450.7,Y,9.0
MANAKALUCO,30.6-48.63,26.5-28.27,28.9-29.11,28.71,Y,9.0
ARVIND,287.4-313.9,281.05-288.7,309.25-315.35,311.0,Y,9.0
WSTCSTPAPR,381.05-404.95,386.9-398.05,401.55-412.55,407.2,N,9.0
KESORAMIND,4.55-5.04,4.55-4.9,6.54-7.31,5.84,Y,9.0
GRAPHITE,553.8-593.0,522.75-531.5,550.95-562.3,553.6,Y,9.0
SPARC,108.0-119.95,120.57-124.06,145.79-150.7,123.68,Y,9.0
GUJALKALI,412.7-583.8,412.7-418.05,509.95-542.6,496.0,Y,9.0
QPOWER,713.0-764.0,593.05-614.95,724.8-745.0,732.0,Y,9.0
TATASTEEL,166.13-173.37,160.06-163.39,169.9-170.8,168.2,Y,9.0
MAWANASUG,77.82-91.01,77.82-82.75,94.89-99.82,84.44,Y,9.0
APEX,221.1-230.01,221.45-225.64,232.76-237.2,235.79,Y,9.0
JINDALSAW,154.0-189.95,154.0-162.0,179.4-180.78,175.0,Y,9.0
ASTRAMICRO,973.0-1099.3,916.05-959.9,1093.25-1111.5,1040.0,Y,9.0
KRISHNADEF,771.95-812.45,665.0-682.0,880.95-901.8,765.0,Y,9.0
542669,38.17-40.95,26.06-29.69,39.68-40.6,33.97,Y,9.0
RUBYMILLS,169.02-193.0,169.02-177.45,177.45-217.04,214.98,Y,9.0
SUNFLAG,257.1-266.6,192.15-203.9,275.5-279.61,255.0,Y,9.0
BSE,2035.1-2121.0,2180.0-2266.4,2410.0-2428.5,2388.9,N,9.0
FINCABLES,727.8-776.0,737.05-755.15,795.0-816.9,783.05,Y,9.0
KOPRAN,127.52-134.11,107.0-114.62,147.36-154.04,124.0,Y,9.0
DHANBANK,19.45-22.09,19.45-20.99,24.5-24.7,23.43,Y,9.0
PREMIERPOL,38.0-40.64,38.0-40.1,n/a,45.66,Y,9.0
FOCUS,66.2-73.66,65.0-67.8,75.94-77.81,69.01,Y,9.0
MENONBE,112.2-124.61,115.91-119.48,119.48-125.49,129.8,Y,9.0
SOUTHWEST,101.39-109.79,121.0-129.5,167.0-170.45,131.99,Y,9.0
SCI,223.15-253.9,219.08-223.14,227.35-241.55,233.0,Y,9.0
543542,621.5-695.0,642.0-670.0,700.0-710.0,699.95,Y,9.0
543916,256.5-297.0,215.0-240.0,256.0-260.0,277.0,Y,9.0
543828,22.75-25.78,19.73-20.24,23.1-25.39,25.8,Y,9.0
TIRUPATIFL,32.0-35.45,33.3-34.28,32.64-33.1,36.0,Y,9.0
NAM-INDIA,796.85-840.0,795.8-823.7,878.0-917.0,895.0,Y,9.0
500449,21.05-27.59,21.05-24.99,28.8-29.5,28.5,Y,9.0
SKYGOLD,266.7-281.0,277.0-287.6,339.7-355.0,300.0,Y,9.0
ADFFOODS,168.2-206.73,153.1-166.27,199.01-219.1,182.54,Y,9.0
ATGL,462.8-492.0,462.8-481.0,478.0-589.9,538.2,Y,9.0
OLAELEC,28.26-36.32,22.52-24.12,36.32-37.7,25.35,N,9.0
BHEL,209.6-220.84,214.08-217.0,242.8-243.18,242.43,N,9.0
VINDHYATEL,1112.0-1245.0,1152.45-1187.0,1245.0-1318.7,1246.0,N,9.0
CGPOWER,525.5-581.8,525.5-557.0,609.95-656.0,607.0,Y,9.0
530145,23.85-29.38,22.11-26.0,34.5-34.65,26.0,Y,9.0
SHREEJISPG,222.07-244.0,222.07-227.59,227.59-241.26,244.99,Y,9.0
NLCINDIA,228.76-243.4,235.81-239.76,243.3-247.5,249.4,Y,9.0
STYLAMIND,1645.5-1850.2,1621.0-1661.8,1850.2-1931.0,1885.0,N,9.0
INOXINDIA,1155.0-1247.4,1108.9-1128.8,1167.1-1169.0,1166.0,Y,9.0
STLTECH,84.6-95.7,129.13-135.61,135.61-141.05,97.36,Y,9.0
AVALON,777.3-844.9,792.5-803.2,895.5-950.0,934.0,Y,9.0
MIRCELECTR,21.51-24.62,23.25-24.3,24.3-24.5,26.37,Y,9.0
INDSWFTLAB,87.25-97.84,90.11-97.84,92.95-99.15,99.5,N,9.0
POWERINDIA,16860.0-18178.0,16380.0-16964.0,19863.0-20556.0,17140.0,Y,9.0
THANGAMAYL,2064.5-3144.1,2040.1-2099.0,2603.5-2837.7,2132.9,Y,9.0
NITINSPIN,316.0-335.25,302.4-312.9,312.9-326.75,350.0,Y,9.0
RAIN,105.55-115.6,110.38-112.14,130.72-137.48,115.6,N,9.0
BBOX,496.4-546.25,485.5-503.0,503.0-504.0,494.0,Y,9.0
KERNEX,1011.0-1309.7,951.7-985.0,1091.95-1100.0,994.0,Y,9.0
OMAXAUTO,88.55-106.47,85.22-92.59,94.4-97.93,94.89,Y,9.0
SASKEN,991.0-1125.0,991.0-1024.5,1201.0-1219.7,1221.9,Y,9.0
PARACABLES,31.15-34.9,31.8-33.0,37.56-38.0,36.0,Y,9.0
BLISSGVS,125.0-157.24,125.0-142.0,162.99-167.8,158.7,Y,9.0
WHEELS,797.9-849.8,740.0-775.25,795.0-817.5,896.0,Y,9.0
NINSYS,282.45-370.45,316.3-368.75,415.05-421.05,314.0,Y,8.0
NEOGEN,966.7-1081.6,977.7-1007.7,1107.2-1138.0,1149.5,N,8.0
CUPID,34.23-37.4,34.8-36.27,42.14-42.2,44.48,N,8.0
AETHER,770.05-787.65,770.05-783.15,n/a,811.5,Y,8.0
TDPOWERSYS,565.2-602.8,565.2-586.7,602.8-631.05,576.0,N,8.0
526775,535.3-586.67,590.33-633.33,678.57-711.17,636.07,Y,8.0
SAILIFE,865.0-913.45,895.65-905.0,877.0-906.5,886.0,N,8.0
MBAPL,345.6-379.8,373.15-394.5,420.5-425.05,436.95,Y,8.0
GRANULES,461.45-485.65,511.35-524.45,525.95-542.0,553.0,Y,8.0
POLYCAB,7022.5-7402.5,7019.5-7359.0,7070.0-7420.0,7699.5,Y,8.0
GESHIP,977.05-1008.0,971.1-1009.0,1006.7-1040.55,1069.95,N,8.0
AGIIL,228.72-242.0,228.72-242.0,259.0-272.02,239.82,N,8.0
VIJAYA,988.0-1015.0,848.0-869.9,940.35-954.1,969.9,N,8.0
GAYAPROJ,6.71-8.39,8.5-8.79,10.47-10.99,10.47,N,8.0
BELRISE,133.46-141.99,144.57-150.19,150.19-152.45,145.09,N,8.0
ASIANENE,283.85-334.9,230.4-245.2,265.0-274.75,268.5,Y,8.0
544141,173.0-180.0,181.0-186.0,190.2-191.0,195.4,N,8.0
GHCLTEXTIL,70.2-74.5,70.2-71.45,n/a,76.49,Y,8.0
PREMEXPLN,464.15-501.85,470.6-482.5,478.95-495.5,554.0,Y,8.0
JNKINDIA,212.84-249.0,201.77-231.0,244.5-251.0,233.48,N,8.0
UNIVCABLES,576.0-655.95,576.0-606.15,602.0-626.6,710.0,N,8.0
HAPPYFORGE,936.1-977.0,919.55-937.0,970.0-982.25,959.5,Y,8.0
AVANTIFEED,641.35-677.0,653.85-663.5,670.0-680.1,660.9,N,8.0
AZAD,1543.7-1626.0,1560.5-1608.6,1763.0-1830.4,1601.9,Y,8.0
HONASA,259.1-277.5,254.65-260.95,281.75-283.0,269.0,N,8.0
BHARATFORG,1115.6-1165.0,1128.0-1149.9,n/a,1240.5,N,8.0
NRBBEARING,282.1-293.95,230.0-243.75,268.5-282.85,278.8,N,8.0
BALAMINES,1066.6-1253.1,968.1-1032.6,1174.45-1191.7,1095.0,Y,8.0
KRISHANA,345.65-375.0,431.0-454.9,524.6-549.05,549.9,Y,8.0
539730,1030.0-1134.0,1050.0-1074.0,1346.0-1390.0,1290.0,N,8.0
HINDALCO,657.5-689.9,701.25-714.0,749.5-758.05,763.4,N,8.0
PRECWIRE,180.35-192.99,182.1-186.68,192.99-206.4,188.5,N,8.0
SANDHAR,497.4-545.2,539.7-557.95,471.0-477.85,512.7,N,8.0
SURYODAY,115.41-125.2,122.34-129.7,120.24-123.9,134.0,Y,8.0
AEROFLEX,172.5-185.48,176.61-181.49,178.0-181.11,193.79,Y,8.0
RISHABH,281.85-357.8,315.0-345.0,377.0-385.2,439.0,Y,8.0
SUPRIYA,641.0-694.0,556.0-584.0,n/a,665.6,Y,8.0
VIYASH,186.06-205.28,203.1-211.51,201.49-203.01,199.4,Y,8.0
KTKBANK,175.0-181.56,171.4-175.08,n/a,175.6,Y,8.0
IBULLSLTD,8.96-9.92,8.96-9.23,n/a,10.11,Y,8.0
GVPIL,285.3-303.0,270.9-282.35,399.75-464.05,352.45,N,8.0
GCSL,229.0-250.0,237.2-246.4,n/a,262.7,Y,8.0
GALAPREC,735.15-759.1,735.15-755.0,n/a,802.0,Y,8.0
KDDL,2068.0-2203.7,2165.0-2203.2,2230.0-2274.7,2358.0,Y,8.0
MMFL,308.0-322.25,298.0-303.55,316.0-318.0,316.2,N,8.0
AEROENTER,65.31-73.91,65.31-68.69,85.65-87.0,80.77,Y,8.0
TRUALT,401.85-447.45,318.05-346.0,410.0-427.0,417.45,N,8.0
JSWENERGY,468.0-486.95,470.0-479.35,453.6-456.0,475.0,N,8.0
CRAFTSMAN,6401.5-6672.5,6401.5-6509.0,6709.0-6729.0,6875.0,Y,8.0
SAMMAANCAP,132.8-162.3,135.65-140.34,146.95-149.31,143.0,Y,8.0
KEI,4037.3-4198.9,4037.3-4099.0,4101.8-4301.0,4560.0,N,8.0
GAEL,101.2-105.96,101.2-104.1,n/a,110.04,Y,8.0
JINDALPOLY,365.0-414.95,365.0-384.0,409.6-423.45,429.6,N,8.0
AMBIKCO,1101.0-1239.9,1203.6-1258.0,1300.0-1320.0,1527.0,Y,8.0
UNIPARTS,404.3-429.0,413.9-429.0,502.25-523.45,433.0,N,8.0
ACUTAAS,1305.6-1456.4,1305.6-1354.9,1666.2-1763.6,1507.1,Y,8.0
SANSTAR,86.66-91.44,81.56-85.98,84.77-84.95,83.51,Y,8.0
SPORTKING,84.02-105.0,96.39-105.0,104.0-107.0,88.98,Y,8.0
CONFIPET,29.35-39.66,31.15-34.45,30.5-34.0,32.19,N,8.0
ANGELONE,238.61-260.5,250.2-256.22,236.6-238.1,228.2,Y,8.0
GANDHAR,145.0-158.4,147.91-152.83,137.8-141.5,133.29,Y,8.0
VENUSREM,293.05-317.2,390.55-411.9,n/a,462.05,Y,8.0
BAJAJCON,222.78-241.73,226.21-232.0,232.0-234.11,245.6,Y,8.0
IDEAFORGE,405.15-430.05,385.35-407.85,479.2-481.9,460.3,Y,8.0
SAREGAMA,307.05-333.0,320.25-327.95,351.8-356.15,351.0,Y,8.0
NDLVENTURE,62.5-66.88,62.21-68.0,n/a,87.0,Y,8.0
SBCL,402.0-426.55,452.1-485.0,496.75-506.55,434.75,Y,8.0
PASUPTAC,42.43-44.45,50.5-54.0,44.5-45.7,46.6,Y,8.0
NATIONALUM,198.68-210.38,210.2-215.99,220.0-224.73,221.23,N,8.0
BIRLACABLE,116.01-132.0,133.21-145.0,132.0-144.0,152.59,N,8.0
ADANIGREEN,974.3-1071.0,998.6-1024.0,864.8-900.0,1061.9,N,8.0
RPTECH,282.0-304.75,299.0-304.8,303.9-312.15,314.25,N,8.0
NETWEB,2200.1-2725.0,2190.7-2315.0,4150.0-4161.6,3314.0,N,8.0
MAYURUNIQ,486.0-500.5,486.0-499.3,513.8-521.95,520.0,Y,8.0
538668,490.0-531.0,490.0-508.7,538.95-541.0,540.0,Y,8.0
DSSL,840.1-898.45,970.05-1032.0,945.0-970.05,927.1,Y,8.0
INDOBORAX,234.42-249.3,237.0-249.3,n/a,245.99,Y,8.0
APOLLOPIPE,283.05-301.6,282.0-293.5,269.4-315.5,279.0,N,8.0
SATIN,144.05-148.0,145.12-147.89,n/a,153.89,Y,8.0
SOLARINDS,11646.0-12200.0,11646.0-11847.0,12870.0-13353.0,12736.0,Y,8.0
STEELXIND,7.6-7.98,8.06-8.87,8.3-8.7,8.87,Y,8.0
543787,650.0-690.0,659.09-690.0,718.14-721.23,715.91,Y,8.0
NARMADA,17.22-18.96,21.65-22.81,21.74-21.75,21.84,Y,8.0
ROSSTECH,569.6-646.75,569.6-613.05,n/a,663.0,Y,8.0
CENTUM,2075.0-2273.8,2075.0-2209.9,n/a,2460.0,Y,8.0
HIRECT,658.4-856.1,856.05-875.0,626.8-652.6,825.0,N,8.0
PAISALO,30.6-33.63,30.6-32.25,34.38-34.41,35.8,Y,8.0
521113,35.54-37.66,70.11-74.0,n/a,59.85,Y,8.0
JAYBARMARU,82.77-92.46,82.77-92.46,91.35-93.9,98.1,Y,8.0
YASHO,1140.0-1437.0,1140.0-1327.5,n/a,1443.1,Y,8.0
SEAMECLTD,857.5-952.4,852.2-874.0,884.0-905.0,885.05,Y,8.0
APARINDS,8261.5-8620.0,7002.5-7238.0,8200.0-9370.0,8350.0,N,8.0
WALCHANNAG,151.6-187.8,131.15-139.9,182.75-187.4,155.0,N,8.0
ADANIPOWER,125.2-144.6,125.2-127.06,128.05-133.07,133.36,N,8.0
KOTYARK,220.0-239.0,192.05-205.0,212.0-215.25,213.0,Y,8.0
NIBE,951.0-1038.0,966.1-989.8,980.0-1021.05,1094.45,N,8.0
IOLCP,67.19-72.7,71.11-74.25,69.69-72.0,74.8,Y,8.0
RRKABEL,940.05-990.85,1325.2-1360.0,n/a,1294.0,Y,8.0
ADANIENSOL,918.3-956.0,918.3-943.6,916.0-937.2,932.9,Y,8.0
SHILPAMED,259.5-284.5,268.35-275.9,289.45-296.4,332.0,Y,8.0
MIDHANI,324.75-349.95,328.0-344.4,371.95-377.9,362.5,Y,8.0
VTL,396.75-431.1,407.0-413.9,409.8-419.35,421.85,Y,8.0
MTARTECH,1400.0-1579.0,1400.0-1422.9,1908.9-1930.0,1932.0,N,8.0
DIACABS,139.68-146.8,135.92-138.5,131.04-132.13,142.88,Y,8.0
APCOTEXIND,347.15-357.9,310.45-337.35,365.0-375.0,357.85,Y,8.0
EBGNG,330.1-352.85,277.2-282.65,295.5-326.9,317.9,N,8.0
WOCKPHARMA,1230.0-1317.9,1247.0-1295.0,1285.0-1329.6,1406.4,Y,8.0
HARDWYN,11.9-13.43,11.9-12.94,14.8-15.4,14.0,Y,8.0
J&KBANK,101.7-105.9,101.7-104.4,101.46-102.66,103.22,Y,8.0
PARAS,627.15-645.45,632.25-645.45,712.0-758.05,662.9,Y,8.0
HINDCOPPER,241.52-256.2,278.95-286.25,305.4-305.52,294.25,N,8.0
SALSTEEL,15.5-16.49,26.5-27.5,37.78-39.3,29.85,Y,8.0
WELCORP,730.1-749.55,730.1-741.8,760.1-780.85,796.5,Y,8.0
ZIMLAB,65.52-71.0,63.31-66.51,80.93-83.1,74.0,Y,8.0
SANSERA,1392.1-1438.0,1392.1-1424.7,1454.6-1455.0,1462.0,N,7.0
CUMMINSIND,2915.6-3023.4,3511.0-3569.2,n/a,4030.0,N,7.0
540545,11.25-11.99,19.2-20.45,n/a,21.47,Y,7.0
IDEA,7.12-7.43,7.71-8.0,8.95-9.0,8.38,N,7.0
MAHABANK,53.52-55.27,53.52-54.58,n/a,57.6,Y,7.0
SENORES,601.1-705.0,630.3-679.5,n/a,755.5,Y,7.0
MCX,1345.1-1506.2,1521.4-1553.9,1603.0-1630.9,1569.8,N,7.0
ATHERENERG,336.35-358.25,537.45-565.75,661.7-672.0,614.4,N,7.0
ATALREAL,14.66-15.9,18.75-19.69,21.43-21.9,19.74,N,7.0
PANACEABIO,346.6-369.0,317.75-335.7,n/a,339.95,N,7.0
UTLSOLAR,192.0-201.5,179.51-187.74,n/a,192.08,N,7.0
SBC,14.45-14.98,15.05-16.05,21.58-21.7,22.05,N,7.0
LLOYDSME,n/a,1096.9-1130.5,1107.0-1255.0,1227.7,Y,6.0
AXISCADES,n/a,1290.1-1350.0,1238.5-1340.0,1245.0,Y,6.0
DIVGIITTS,596.1-629.95,579.6-605.2,n/a,611.95,N,6.0
AMANTA,n/a,100.01-103.0,101.88-102.0,102.5,Y,6.0
SIGMAADV,n/a,171.93-176.99,160.39-167.07,178.0,Y,6.0
HCC,n/a,18.07-19.2,17.67-18.09,20.6,Y,6.0
GVT&D,n/a,2523.2-2600.4,3320.0-3459.9,3224.2,Y,6.0
GOCLCORP,n/a,223.35-237.6,280.2-299.1,256.8,Y,6.0
ONELIFECAP,n/a,12.22-12.8,15.34-17.35,12.95,Y,6.0
PFC,n/a,348.75-352.0,358.55-363.55,379.15,Y,6.0
RAMRAT,n/a,268.0-292.6,303.6-320.7,309.95,Y,6.0
NAHARSPING,n/a,149.2-157.4,170.88-175.51,197.59,N,6.0
HFCL,n/a,59.82-61.78,67.23-67.49,69.05,Y,6.0
VIDYAWIRES,n/a,45.4-47.0,47.0-47.95,47.0,N,6.0
LLOYDSENGG,n/a,38.43-40.45,53.76-54.0,43.0,Y,6.0
FCL,n/a,20.95-21.68,21.3-21.58,22.46,Y,6.0
BHAGYANGR,80.74-94.68,90.1-94.99,n/a,99.41,N,6.0
LAURUSLABS,889.05-909.9,889.05-903.85,n/a,891.15,N,6.0
MODISONLTD,n/a,151.1-155.2,143.51-145.16,127.0,Y,6.0
KRN,n/a,600.0-628.0,695.0-730.0,750.0,N,6.0
ABSLAMC,n/a,802.0-823.0,736.9-739.75,741.95,Y,6.0
SIS,n/a,257.05-273.75,308.95-318.3,296.7,Y,6.0
GKSL,n/a,103.02-105.77,100.86-102.76,104.7,N,6.0
SONAMLTD,37.49-40.49,38.1-39.9,n/a,42.25,N,6.0
SWANDEF,337.65-337.65,n/a,577.1-605.95,523.5,N,6.0
THERMAX,n/a,3175.0-3260.0,2891.8-2912.9,2958.4,Y,6.0
SPECTRUM,n/a,1079.0-1131.9,1131.9-1156.0,1197.6,Y,6.0
SGMART,n/a,351.1-374.1,377.0-405.55,369.0,Y,6.0
SGFIN,n/a,346.55-359.0,395.0-401.8,399.0,N,6.0
VETO,n/a,82.32-91.56,102.0-103.25,108.44,Y,6.0
GANESHBE,n/a,70.21-73.07,75.5-80.25,83.41,Y,6.0
GLAND,n/a,1745.7-1847.1,1627.1-1670.2,1705.5,Y,6.0
DJML,n/a,52.0-55.69,61.01-63.02,71.64,Y,6.0
GMDCLTD,489.4-568.45,467.9-492.7,n/a,538.0,N,6.0
524520,n/a,63.99-65.97,66.7-68.17,68.45,Y,6.0
STEELCAS,n/a,176.02-190.36,214.98-230.12,225.0,Y,6.0
531911,39.02-45.27,46.55-48.01,n/a,47.76,N,6.0
ZENTEC,n/a,1260.0-1298.7,1298.7-1341.0,1346.9,N,6.0
CEMPRO,n/a,503.3-535.8,632.8-634.0,566.15,Y,6.0
ADANIENT,n/a,1865.0-1904.6,2159.0-2161.1,2027.0,N,6.0
BLUSPRING,n/a,48.44-50.65,55.9-57.32,52.9,Y,6.0
BANDHANBNK,n/a,134.9-141.78,143.24-145.25,170.09,N,6.0
GAUDIUMIVF,n/a,79.0-82.5,82.5-88.68,99.75,N,6.0
AYMSYNTEX,n/a,147.9-155.0,163.56-170.0,163.75,Y,6.0
MCL,46.45-48.9,46.45-48.3,n/a,47.94,N,6.0
535916,n/a,52.0-56.0,n/a,55.0,Y,5.0
KIRLPNU,n/a,996.0-1032.8,n/a,1085.2,Y,5.0
CALSOFT,n/a,14.0-15.47,n/a,12.92,Y,5.0
544191,n/a,37.6-39.0,n/a,36.5,Y,5.0
SANGINITA,n/a,9.25-9.85,n/a,10.29,Y,5.0
TMB,n/a,446.5-461.35,442.9-445.0,436.7,N,5.0
TCIFINANCE,n/a,11.11-12.0,n/a,11.5,Y,5.0
532380,n/a,n/a,7.94-9.62,7.0,Y,5.0
AVADHSUGAR,n/a,310.0-322.55,344.1-345.25,363.25,N,5.0
E2E,n/a,204.18-209.5,n/a,221.0,Y,5.0
SOTL,n/a,318.05-328.55,348.9-356.0,347.95,N,5.0
DBOL,n/a,80.49-83.63,72.37-73.0,73.55,N,5.0
EMMVEE,n/a,n/a,188.72-192.6,193.41,Y,5.0
ATLANTAELE,n/a,825.0-875.9,830.0-875.75,893.8,N,5.0
UNIVPHOTO,n/a,245.0-254.0,195.4-200.0,199.4,N,5.0
TIPSMUSIC,n/a,576.45-586.0,517.45-530.05,534.0,N,5.0
ACMESOLAR,n/a,211.68-219.85,n/a,230.95,N,4.0
540252,n/a,n/a,n/a,8.55,Y,4.0
540492,n/a,n/a,3.02-3.32,7.05,N,4.0
KSR,n/a,14.04-14.97,18.06-23.3,,Y,4.0
CPPLUS,n/a,n/a,1285.6-1300.0,1475.0,N,4.0
AFIL,n/a,7.29-7.5,n/a,5.59,N,4.0
SKIPPER,n/a,333.55-358.0,n/a,361.55,N,4.0
CLEANMAX,n/a,n/a,949.0-965.65,939.6,N,4.0
AKUMS,n/a,443.0-456.0,n/a,432.45,N,4.0
PARKHOSPS,n/a,149.0-152.79,n/a,156.0,N,3.0
ADVAIT,n/a,n/a,1551.9-1649.0,1590.8,N,3.0
BUILDPRO,n/a,n/a,748.9-786.8,968.0,N,3.0
NEPHROPLUS,n/a,n/a,468.7-472.6,512.5,N,3.0
OMNI,n/a,n/a,197.0-210.01,252.0,N,3.0
RUBICON,n/a,n/a,632.6-662.2,671.95,N,3.0
SHADOWFAX,n/a,n/a,n/a,124.0,N,2.0
KSHINTL,n/a,n/a,n/a,365.3,N,2.0
ARFIN,n/a,n/a,n/a,49.52,N,2.0
RHETAN,n/a,n/a,n/a,23.0,N,2.0
GROWW,n/a,n/a,149.99-179.5,,N,1.0
PIRAMALFIN,n/a,n/a,1490.2-1537.0,,N,1.0
KOVAI,n/a,n/a,n/a,,,
NOVARTIND,n/a,n/a,n/a,,,
NITTAGELA,n/a,n/a,n/a,,,
COCKERILL,n/a,n/a,n/a,,,
SEDEMAC,n/a,n/a,n/a,,,
ELPROINTL,n/a,n/a,n/a,,,
CMPDI,n/a,n/a,n/a,,,
KPL,n/a,n/a,n/a,,,
DECNGOLD,n/a,n/a,n/a,,,
SAIPARENT,n/a,n/a,n/a,,,
WELSPLSOL,n/a,n/a,n/a,,,
MMWL,n/a,n/a,n/a,,,
KISSHT,n/a,n/a,n/a,,,
TIMEX,n/a,n/a,n/a,,,
POWERICA,n/a,n/a,n/a,,,
