rank,symbol,name,sector,close,tier,vcp_status,phase7_score,live,chg_pct,ema20,ema50,ema200,trend,d_rsi,d_atr,dist_ema20,bo_level,setup,swing_entry,swing_stop,stop_pct,swing_target,rr,qty_per_10L,horizon,verdict,reason,st_order
13,PTCIL,PTC Industries Limited,Industrials,17941.0,TIER 1,BROKEN OUT (fresh),14,17941.0,23.66,17590.74,17441.06,16913.77,strong up,55.8,503.18,1.99,18621.0,PULLBACK,17941.0,17744.28,1.1,23312.5,27.31,50,1-2 weeks,GO,pullback in an uptrend,0
1,DEEPAKNTR,Deepak Nitrite Limited,Basic Materials,1708.0,TIER 1,BROKEN OUT (fresh),16,1708.0,-12.87,1649.55,1649.22,1671.4,up,58.7,54.47,3.54,1764.0,PULLBACK,1708.0,1665.96,2.46,2205.0,11.82,237,1-2 weeks,GO,pullback in an uptrend,0
4,GEOJITFSL,Geojit Financial Services Limited,Financial Services,81.08,TIER 1,BROKEN OUT (fresh),15,81.08,5.77,79.42,76.12,72.31,strong up,58.3,2.48,2.09,83.56,PULLBACK,81.08,79.09,2.45,104.45,11.74,5025,1-2 weeks,GO,pullback in an uptrend,0
19,BANDHANBNK,Bandhan Bank Limited,Financial Services,213.25,TIER 1,BROKEN OUT (fresh),14,213.25,15.15,207.82,202.04,182.29,strong up,56.2,7.16,2.61,220.76,PULLBACK,213.25,207.88,2.52,275.95,11.68,1862,1-2 weeks,GO,pullback in an uptrend,0
14,ENDURANCE,Endurance Technologies Limited,Consumer Cyclical,2733.0,TIER 1,AT PIVOT (actionable),14,2733.0,1.22,2682.15,2624.57,2589.4,strong up,58.7,77.28,1.9,2799.0,PULLBACK,2733.0,2659.89,2.68,3498.75,10.47,136,1-2 weeks,GO,pullback in an uptrend,0
25,RATNAVEER,Ratnaveer Precision Engineering Limited,Basic Materials,180.66,TIER 1,AT PIVOT (actionable),14,180.66,21.77,177.82,173.82,160.83,strong up,55.3,7.55,1.6,195.99,PULLBACK,180.66,172.63,4.44,244.99,8.01,1245,1-2 weeks,GO,pullback in an uptrend,0
28,ONWARDTEC,Onward Technologies Limited,Technology,285.8,TIER 1,AT PIVOT (actionable),14,285.8,-23.24,280.01,271.31,282.6,up,58.5,13.61,2.07,310.9,PULLBACK,285.8,272.0,4.83,388.62,7.45,724,1-2 weeks,GO,pullback in an uptrend,0
29,ICICIBANK,ICICI Bank Limited,Financial Services,1444.3,TIER 1,BROKEN OUT (fresh),13,1444.3,1.8,1390.76,1350.77,1347.27,strong up,70.8,25.11,3.85,1455.1,BREAKOUT,1455.1,1404.88,3.45,1805.38,6.97,199,1-3 weeks,GO,breakout in an uptrend,0
2,BLKASHYAP,B. L. Kashyap and Sons Limited,Industrials,57.92,TIER 1,BROKEN OUT (fresh),16,57.92,-15.98,56.34,55.13,55.47,up,56.7,2.37,2.81,62.4,PULLBACK,57.92,53.17,8.2,79.2,4.48,2105,1-2 weeks,GO,pullback in an uptrend,0
30,590106,Nippon India ETF Nifty Bank BeES,,604.85,TIER 1,BROKEN OUT (fresh),13,604.85,3.31,595.03,585.92,584.91,strong up,61.2,11.03,1.65,618.2,BASE,618.2,598.35,3.21,772.75,7.79,503,2-4 weeks,WATCH,basing — needs a trigger,1
10,INDUSINDBK,IndusInd Bank Limited,Financial Services,1027.2,TIER 1,AT PIVOT (actionable),14,1027.2,18.74,981.36,944.94,889.79,strong up,66.9,24.0,4.67,1038.0,BASE,1038.0,994.79,4.16,1297.5,6.01,231,2-4 weeks,WATCH,basing — needs a trigger,1
11,CRISIL,Crisil Limited,Financial Services,4245.7,TIER 1,AT PIVOT (actionable),14,4245.7,-28.46,4088.12,4079.79,4415.4,up,63.2,109.62,3.85,4300.0,BASE,4300.0,4102.69,4.59,5375.0,5.45,50,2-4 weeks,WATCH,basing — needs a trigger,1
16,ASKAUTOLTD,ASK Automotive Limited,Consumer Cyclical,482.1,TIER 1,AT PIVOT (actionable),14,482.1,-10.46,465.99,456.23,461.58,up,62.0,13.88,3.46,492.05,BASE,492.05,467.06,5.08,615.06,4.92,400,2-4 weeks,WATCH,basing — needs a trigger,1
3,ABB,ABB India Limited,Industrials,7506.0,TIER 1,BROKEN OUT (fresh),15,7506.0,33.14,7074.79,6955.42,6285.09,strong up,63.5,227.7,6.1,7924.5,BASE,7924.5,7514.64,5.17,9905.62,4.83,24,2-4 weeks,WATCH,basing — needs a trigger,1
17,POONAWALLA,Poonawalla Fincorp Limited,Financial Services,477.3,TIER 1,AT PIVOT (actionable),14,477.3,6.59,456.09,435.96,436.58,up,64.1,14.46,4.65,486.0,BASE,486.0,459.97,5.36,607.5,4.67,384,2-4 weeks,WATCH,basing — needs a trigger,1
18,MANGLMCEM,Mangalam Cement Limited,Basic Materials,986.6,TIER 1,BROKEN OUT (fresh),14,986.6,31.79,936.68,901.81,835.9,strong up,72.8,30.79,5.33,1023.45,BASE,1023.45,968.03,5.42,1279.31,4.62,180,2-4 weeks,WATCH,basing — needs a trigger,1
5,JSWINFRA,JSW Infrastructure Limited,Industrials,342.15,TIER 1,AT PIVOT (actionable),15,342.15,10.21,326.54,306.68,287.82,strong up,63.5,11.34,4.78,355.8,BASE,355.8,335.39,5.74,444.75,4.36,489,2-4 weeks,WATCH,basing — needs a trigger,1
6,JINDWORLD,Jindal Worldwide Limited,Consumer Cyclical,32.2,TIER 1,BROKEN OUT (fresh),15,32.2,-22.33,30.21,29.22,29.75,up,64.9,1.63,6.59,35.22,BASE,33.99,31.05,8.65,46.65,4.31,3401,2-4 weeks,WATCH,basing — needs a trigger,1
20,IIFL,IIFL Finance Limited,Financial Services,555.2,TIER 1,BROKEN OUT (fresh),14,555.2,5.35,532.93,512.38,506.63,strong up,60.0,19.52,4.18,574.45,BASE,571.0,535.87,6.15,713.75,4.06,284,2-4 weeks,WATCH,basing — needs a trigger,1
21,MPSLTD,MPS Limited,Communication Services,2096.8,TIER 1,BROKEN OUT (fresh),14,2096.8,-27.71,1956.28,1866.36,1934.41,up,71.6,72.43,7.18,2145.0,BASE,2096.8,1966.43,6.22,2621.0,4.02,76,2-4 weeks,WATCH,basing — needs a trigger,1
22,KSL,Kalyani Steels Limited,Basic Materials,926.05,TIER 1,forming / still basing,14,926.05,1.96,891.19,850.48,804.66,strong up,60.7,34.64,3.91,982.55,BASE,982.55,920.2,6.35,1228.19,3.94,160,2-4 weeks,WATCH,basing — needs a trigger,1
23,BEPL,Bhansali Engineering Polymers Limited,Basic Materials,113.1,TIER 1,extended past pivot,14,113.1,-0.55,103.58,99.9,96.61,strong up,69.1,4.04,9.2,114.0,EXTENDED,113.1,105.84,6.42,141.38,3.9,1377,wait,WATCH,extended above 20-EMA — wait for a pullback,1
24,CENTENKA,Century Enka Limited,Consumer Cyclical,541.4,TIER 1,AT PIVOT (actionable),14,541.4,3.95,525.85,503.66,473.92,strong up,60.2,22.82,2.96,622.0,BASE,622.0,580.93,6.6,777.5,3.79,243,2-4 weeks,WATCH,basing — needs a trigger,1
26,TFCILTD,Tourism Finance Corporation of India Limited,Financial Services,85.03,TIER 1,BROKEN OUT (fresh),14,85.03,46.85,79.14,76.66,70.89,strong up,67.5,3.51,7.44,86.5,BASE,86.0,79.68,7.35,107.5,3.4,1582,2-4 weeks,WATCH,basing — needs a trigger,1
27,RITCO,Ritco Logistics Limited,Industrials,273.95,TIER 1,AT PIVOT (actionable),14,273.95,-11.36,263.83,256.07,252.63,strong up,61.3,11.87,3.84,281.0,BASE,281.0,259.64,7.6,351.25,3.29,468,2-4 weeks,WATCH,basing — needs a trigger,1
7,NUVOCO,Nuvoco Vistas Corporation Limited,Basic Materials,348.75,TIER 1,BROKEN OUT (fresh),15,348.75,-8.62,328.15,320.99,337.97,up,59.8,16.86,6.28,398.0,BASE,398.0,367.66,7.62,497.5,3.28,329,2-4 weeks,WATCH,basing — needs a trigger,1
8,CHENNPETRO,Chennai Petroleum Corporation Limited,Energy,1200.6,TIER 1,BROKEN OUT (fresh),15,1200.6,60.67,1148.06,1115.61,984.51,strong up,57.5,55.82,4.58,1279.7,BASE,1279.7,1179.23,7.85,1599.62,3.18,99,2-4 weeks,WATCH,basing — needs a trigger,1
9,DYCL,Dynamic Cables Limited,Industrials,386.5,TIER 1,BROKEN OUT (fresh),15,386.5,-16.1,367.39,350.98,349.61,strong up,63.3,18.73,5.2,409.1,BASE,409.1,375.38,8.24,511.38,3.03,296,2-4 weeks,WATCH,basing — needs a trigger,1
12,INDIACEM,The India Cements Limited,Basic Materials,410.3,TIER 1,BROKEN OUT (fresh),14,410.3,16.98,385.41,387.31,393.66,neutral,67.6,10.65,6.46,413.1,WEAK,410.3,391.14,4.67,512.88,5.35,521,wait,AVOID,below 50-EMA — trend not supportive,2
15,TCS,Tata Consultancy Services Limited,Technology,2269.0,TIER 1,BROKEN OUT (fresh),14,2269.0,-29.3,2145.45,2211.91,2597.9,down,62.2,64.01,5.76,2275.0,WEAK,2269.0,2153.78,5.08,2836.25,4.92,86,wait,AVOID,below 50-EMA — trend not supportive,2
