symbol,name,exchange,t0_date,t0_verified_breakout,rsi,stochrsi_k,adx,plus_di,minus_di,cmf,obv_accum_weeks,atr_pct,dist_ema9,dist_ema21,dist_ema50,dist_ema200,macd_hist,pctB,days_in_base,base_depth_pct,breakout_vol_x20,pct_below_52wh,vcp_contractions,final_contraction_depth,choch_distance_candles,sq9_proximity_pct,obv_up,liquidity_sweep,fvg_below_unfilled,above_gann_1x1,within_gann_cycle,breakout_candle,bb_position,close_at_breakout,high_52w_at_t0
STLTECH,Sterlite Technologies Limited,NSE,2026-02-05,True,78.2,100.0,27.5,42.5,9.2,0.226,6.6,5.84,17.02,26.61,28.83,26.27,4.834,112.6,7.0,25.4,3.23,4.47,3.0,10.9,6.0,4.27,True,True,True,True,True,Green,upper,134.12,140.4
MTARTECH,Mtar Technologies Limited,NSE,2025-09-12,True,70.5,99.7,24.6,42.6,14.2,0.212,5.6,3.56,11.78,13.05,11.63,,21.045,127.4,10.0,15.1,26.95,7.1,3.0,4.0,1.0,1.22,True,True,True,True,False,Three White Soldiers,upper,1678.5,1806.8
DEEDEV,DEE Development Engineers Limited,NSE,2026-02-20,True,65.0,77.3,20.5,36.8,15.8,0.066,10.6,5.16,8.05,10.01,8.51,-5.08,2.084,103.7,18.0,22.5,16.23,31.44,3.0,10.6,0.0,3.27,True,True,True,True,False,Bullish Engulfing,upper,230.51,336.2
SANGINITA,Sanginita Chemicals Limited,NSE,2026-01-07,True,66.4,88.1,20.8,23.6,16.1,0.175,11.8,4.8,6.11,7.48,7.54,1.08,0.092,126.2,87.0,15.2,3.75,35.15,3.0,8.4,83.0,14.51,True,False,True,False,False,Green,upper,10.96,16.9
540492,Starlineps Enterprises Ltd,BSE,2025-11-07,False,15.9,51.4,61.0,10.0,62.9,0.817,0.4,8.59,-7.44,-28.32,-47.92,-63.16,-0.016,24.0,2.0,70.7,1.33,73.41,3.0,26.4,102.0,31.19,True,False,True,True,False,Strong Green,below_mid,2.18,8.2
UFBL,United Foodbrands Limited,NSE,2026-02-02,True,73.8,44.1,29.4,47.7,13.4,0.458,9.6,5.68,28.63,29.81,28.22,2.21,2.553,113.8,2.0,23.1,65.44,33.19,3.0,22.3,0.0,3.12,True,True,True,True,False,Strong Green,upper,252.52,377.95
HFCL,HFCL Limited,NSE,2026-04-09,True,66.4,95.8,14.5,35.3,16.5,-0.012,11.4,4.47,8.08,10.59,12.79,7.02,0.729,124.1,48.0,18.0,3.38,15.27,3.0,11.8,18.0,5.53,True,True,True,True,True,Strong Green,upper,79.61,93.96
GVPIL,GE Power India Limited,NSE,2026-02-09,True,67.2,94.4,23.5,38.2,16.3,0.139,12.0,4.29,7.97,11.06,10.27,9.27,7.287,103.2,9.0,26.6,1.8,11.56,3.0,13.0,25.0,2.66,True,False,True,False,True,Strong Green,upper,348.45,394.0
BLISSGVS,Bliss GVS Pharma Limited,NSE,2026-02-09,True,68.9,94.0,27.1,43.2,16.8,0.196,11.8,5.04,11.11,15.92,20.48,27.87,2.996,116.0,64.0,25.5,3.8,1.07,3.0,12.6,7.0,3.47,True,True,True,True,True,Bullish Marubozu,upper,203.6,205.8
OMNI,Omnitech Engineering Limited,NSE,2026-03-11,False,100.0,,,,,,0.6,,,,,,,,3.0,17.7,0.57,7.01,0.0,,,3.43,True,False,False,True,False,Three White Soldiers,n/a,208.95,224.7
OMAXAUTO,Omax Autos Limited,NSE,2026-04-15,True,66.6,96.4,19.6,35.1,13.7,0.066,10.8,4.93,9.52,12.22,11.75,7.79,2.051,119.6,90.0,41.1,8.27,30.12,3.0,11.6,6.0,4.59,True,True,False,False,True,Strong Green,upper,115.86,165.8
MODISONLTD,MODISON LIMITED,NSE,2026-04-27,True,66.0,73.0,24.7,27.1,14.1,0.116,3.4,3.87,4.74,8.8,10.23,3.39,1.39,84.8,21.0,29.6,1.57,22.91,3.0,4.1,14.0,4.01,True,True,True,True,False,Strong Green,above_mid,152.22,197.45
BHAGYANGR,Bhagyanagar India Limited,NSE,2025-10-07,True,68.4,88.4,19.2,23.5,9.2,0.306,11.8,4.29,4.55,6.48,9.03,,0.571,114.7,26.0,24.8,4.49,13.48,3.0,7.5,73.0,4.93,True,False,True,True,False,Green,upper,100.28,115.9
AEROFLEX,Aeroflex Industries Limited,NSE,2026-02-17,True,64.9,80.0,27.3,36.8,15.6,-0.037,11.8,4.86,7.39,10.52,12.07,11.39,2.402,97.8,16.0,25.4,2.4,18.82,3.0,22.9,6.0,3.45,True,False,True,True,False,Strong Green,upper,206.69,254.61
ANTELOPUS,Antelopus Selan Energy Limited,NSE,2026-01-14,True,60.1,41.4,28.4,32.6,19.2,0.704,0.4,5.43,12.59,10.44,2.31,-18.89,2.77,94.9,2.0,35.1,78.11,47.09,3.0,7.7,0.0,2.37,True,True,False,True,False,Bullish Marubozu,above_mid,441.25,833.95
KSHINTL,KSH International Limited,NSE,2026-03-10,True,60.6,82.3,12.5,24.1,15.7,0.186,10.2,4.3,5.56,7.05,8.73,,1.546,124.6,38.0,18.2,7.36,1.98,3.0,6.6,,2.5,True,False,True,True,False,Three White Soldiers,upper,395.7,403.7
ATLANTAELE,Atlanta Electricals Limited,NSE,2026-02-10,True,63.5,96.3,17.3,37.7,19.2,-0.292,2.0,4.72,9.26,10.66,6.74,,19.728,106.4,10.0,28.9,1.34,17.8,3.0,20.8,0.0,1.66,True,True,True,True,False,Three White Soldiers,upper,902.45,1097.85
CPPLUS,Aditya Infotech Limited,NSE,2026-02-27,True,66.9,82.6,32.0,30.7,12.6,-0.012,5.6,4.53,7.11,9.68,12.22,,8.974,114.3,134.0,14.5,2.32,3.21,3.0,11.4,0.0,1.21,True,False,True,True,True,Tweezer Bottom,upper,1689.0,1745.1
CONFIPET,Confidence Petroleum India Limited,NSE,2026-03-12,True,64.8,58.6,35.8,28.6,19.7,0.471,0.6,4.94,13.97,12.77,7.75,-16.28,0.234,106.5,3.0,22.7,22.18,44.34,3.0,12.6,0.0,8.21,True,True,False,True,False,Bullish Marubozu,upper,35.45,63.69
SIGMAADV,SIGMA ADVANCED SYSTEMS LIMITED,NSE,2025-08-22,True,71.1,62.1,28.5,42.4,16.0,0.041,8.8,3.93,9.11,13.71,23.56,,0.799,110.7,4.0,12.7,3.04,0.43,3.0,11.0,87.0,4.29,True,False,True,True,False,Three White Soldiers,upper,132.73,133.3
IDEAFORGE,Ideaforge Technology Limited,NSE,2026-04-22,True,76.4,91.6,19.7,42.4,12.5,0.278,11.4,5.0,15.51,22.33,25.32,18.64,12.331,120.7,14.0,22.9,28.75,17.27,3.0,20.5,4.0,2.13,True,True,True,True,False,Strong Green,upper,545.9,659.85
E2E,E2E Networks Limited,NSE,2026-01-16,True,60.5,89.3,20.4,34.5,19.4,0.042,4.0,4.89,7.85,7.25,-1.27,-15.76,3.313,131.5,14.0,38.6,3.28,45.7,3.0,6.0,0.0,3.32,True,True,False,True,False,Bullish Marubozu,upper,222.65,410.0
BAJAJCON,Bajaj Consumer Care Limited,NSE,2025-09-18,True,70.3,66.0,22.3,37.4,11.5,0.122,12.0,3.52,9.54,11.12,14.26,,1.758,127.1,6.0,12.9,8.17,2.13,3.0,9.8,0.0,3.09,True,True,True,True,False,Strong Green,upper,257.84,263.45
VENUSREM,Venus Remedies Limited,NSE,2025-11-13,True,83.2,100.0,23.1,43.9,9.3,-0.205,4.2,4.21,13.58,19.34,21.7,34.55,13.362,120.5,36.0,21.9,3.26,2.99,3.0,7.1,3.0,2.1,True,True,True,True,False,Morning Star,upper,563.6,581.0
NGLFINE,NGL Fine-Chem Limited,NSE,2025-12-31,True,61.0,81.4,19.5,25.6,14.6,-0.218,3.2,3.7,5.37,5.44,3.23,1.68,11.57,136.1,7.0,23.0,1.87,31.4,3.0,6.3,0.0,1.33,True,True,False,False,False,Strong Green,upper,1406.2,2050.0
KOVAI,,,,,,,,,,,,,,,,,,,,,,,,,,,,,,,,,,,
NOVARTIND,,,,,,,,,,,,,,,,,,,,,,,,,,,,,,,,,,,
532380,Baba Arts Ltd,BSE,2025-12-22,True,70.0,94.3,31.6,30.8,14.6,-0.049,2.0,5.69,12.08,13.06,8.1,-9.08,0.15,129.7,10.0,24.1,2.71,40.29,3.0,19.9,1.0,17.16,True,True,True,True,False,Bullish Pin Bar,upper,7.75,12.98
SCPL,Sheetal Cool Products Limited,NSE,2025-12-10,True,71.4,68.2,26.1,37.9,15.5,0.673,0.4,5.35,22.3,22.95,17.81,-0.13,4.785,123.3,2.0,24.5,34.12,26.99,3.0,8.3,1.0,3.02,True,True,True,True,False,Bullish Marubozu,upper,269.36,368.95
BBOX,Black Box Limited,NSE,2026-02-09,True,64.4,81.5,15.6,31.8,20.7,0.243,11.4,4.24,8.2,9.74,9.32,9.39,6.938,119.7,106.0,21.3,2.95,6.95,3.0,12.9,4.0,2.08,True,True,False,True,False,Strong Green,upper,571.15,613.8
SPORTKING,Sportking India Limited,NSE,2026-02-04,True,80.2,100.0,28.9,40.3,11.1,0.126,3.2,4.66,15.39,20.29,18.97,9.05,2.684,128.9,9.0,21.7,8.28,23.47,3.0,10.1,3.0,4.77,True,True,True,True,False,Bullish Engulfing,upper,107.14,140.0
ACUTAAS,Acutaas Chemicals Limited,NSE,2025-08-19,True,71.0,61.5,32.8,33.8,11.0,0.285,10.6,3.52,5.81,9.48,14.56,,5.527,94.9,2.0,6.6,2.21,0.55,3.0,5.7,24.0,1.33,True,False,True,True,False,Tweezer Bottom,above_mid,1396.3,1404.0
DJML,DJ Mediaprint & Logistics Limited,NSE,2026-02-03,True,67.0,96.1,14.2,23.7,14.1,0.296,10.8,5.68,7.07,10.08,9.66,-15.71,0.663,117.3,36.0,46.8,1.89,48.93,3.0,15.4,0.0,5.5,True,True,True,True,False,Green,upper,80.11,156.85
SAKAR,Sakar Healthcare Limited,NSE,2025-09-23,True,69.9,100.0,16.8,19.0,6.7,0.296,2.0,3.86,5.27,6.82,7.81,,2.562,130.7,24.0,16.1,4.42,4.48,3.0,5.5,0.0,2.6,True,True,False,True,True,Bullish Marubozu,upper,363.75,380.8
TDPOWERSYS,TD Power Systems Limited,NSE,2025-09-03,True,66.1,72.4,12.6,30.5,14.1,0.135,11.8,3.45,6.47,7.96,10.06,,2.372,124.0,5.0,6.6,7.11,1.54,3.0,6.3,23.0,2.12,True,False,True,True,True,Three White Soldiers,upper,551.35,560.0
POWERINDIA,Hitachi Energy India Limited,NSE,2026-02-06,True,72.5,88.4,28.8,45.8,16.5,0.152,2.8,4.21,13.76,18.03,17.31,20.16,493.64,123.2,14.0,29.5,4.45,4.24,3.0,4.4,7.0,0.34,True,True,True,True,False,Morning Star,upper,21871.0,22840.0
RUBICON,Rubicon Research Limited,NSE,2026-02-03,True,67.1,100.0,17.9,25.9,15.9,0.319,11.6,3.64,5.57,7.03,8.72,,4.041,125.8,68.0,10.7,2.14,4.36,3.0,6.0,28.0,1.85,True,False,True,True,False,Three White Soldiers,upper,721.9,754.8
RAIN,Rain Industries Limited,NSE,2025-12-19,True,64.8,91.7,32.0,37.5,16.1,0.284,1.8,3.7,10.85,11.44,5.43,-8.73,2.451,133.2,9.0,27.9,14.0,30.66,3.0,24.8,0.0,4.43,True,False,True,True,False,Bullish Marubozu,upper,124.6,179.69
NEOGEN,Neogen Chemicals Limited,NSE,2026-02-26,True,67.7,52.7,32.5,34.0,10.8,0.041,11.0,4.58,6.95,10.13,13.81,2.61,6.296,118.7,55.0,36.7,5.98,24.65,3.0,9.1,43.0,1.31,True,True,True,True,False,Strong Green,upper,1451.2,1926.0
NITTAGELA,,,,,,,,,,,,,,,,,,,,,,,,,,,,,,,,,,,
SHADOWFAX,Shadowfax Technologies Limited,NSE,2026-04-10,True,66.5,99.5,31.5,31.8,18.1,0.247,9.4,4.37,8.7,11.81,,,1.779,122.1,47.0,16.6,6.13,2.98,2.0,15.1,0.0,4.3,True,False,True,True,True,Strong Green,upper,132.34,136.4
JNKINDIA,JNK India Limited,NSE,2026-04-13,True,68.8,96.6,20.3,24.6,12.6,-0.133,10.6,5.92,9.84,15.42,18.76,1.44,5.722,106.1,53.0,28.0,1.2,31.21,3.0,6.5,5.0,2.92,True,True,True,True,True,Strong Green,upper,288.59,419.55
PARACABLES,Paramount Communications Limited,NSE,2026-04-08,True,61.3,87.7,17.7,31.3,19.0,-0.135,10.0,5.98,11.41,11.61,8.2,-12.68,0.427,113.6,5.0,31.6,1.64,40.7,3.0,20.5,0.0,8.04,False,True,True,True,False,Strong Green,upper,37.21,62.75
AVALON,Avalon Technologies Limited,NSE,2026-05-07,True,72.3,82.6,23.3,40.9,12.3,-0.041,12.0,4.88,10.55,15.58,21.63,29.72,13.002,128.4,66.0,19.6,10.75,4.74,3.0,5.9,19.0,1.41,True,True,True,True,True,Green,upper,1255.5,1318.0
KERNEX,Kernex Microsystems (India) Limited,NSE,2026-04-08,True,64.9,100.0,27.8,33.8,19.2,-0.057,11.4,5.28,13.96,14.54,8.59,1.55,25.87,124.8,5.0,34.4,1.81,19.91,3.0,23.8,1.0,1.47,True,True,True,True,False,Green,upper,1141.3,1425.0
PARKHOSPS,Park Medi World Limited,NSE,2026-02-10,True,70.9,41.4,27.8,26.0,16.8,0.263,7.4,4.66,5.79,7.76,,,0.894,123.9,20.0,15.2,5.59,1.7,2.0,10.4,0.0,3.84,True,False,True,True,False,Strong Green,upper,166.46,169.34
BALAMINES,Balaji Amines Limited,NSE,2026-04-23,True,70.3,100.0,12.6,28.2,14.5,-0.084,5.0,4.17,6.41,11.08,12.55,-0.55,20.482,102.2,15.0,21.3,1.32,36.25,3.0,7.8,6.0,1.41,True,True,True,True,False,Three White Soldiers,upper,1239.95,1945.0
SASKEN,Sasken Technologies Limited,NSE,2026-05-11,True,83.8,95.6,31.4,48.5,8.6,0.616,7.2,4.09,17.5,23.24,28.47,20.6,18.845,150.2,36.0,29.1,35.59,0.07,3.0,10.0,22.0,1.23,True,True,True,True,False,Strong Green,upper,1634.6,1635.7
NINSYS,NINtec Systems Limited,NSE,2026-03-30,True,70.8,89.5,18.6,33.5,11.6,0.206,9.4,7.55,19.62,23.85,19.38,0.72,11.024,132.9,4.0,23.5,5.07,24.57,3.0,16.7,3.0,2.49,True,False,True,True,False,Green,upper,397.45,526.9
WHEELS,Wheels India Limited,NSE,2026-02-16,True,65.0,92.2,32.1,30.6,10.8,0.054,9.6,3.99,4.57,7.89,8.49,12.01,12.517,87.8,14.0,22.4,1.91,7.43,3.0,20.7,0.0,1.65,True,True,True,True,False,Bullish Engulfing,above_mid,905.8,978.5
GAYAPROJ,Gayatri Projects Limited,NSE,2026-04-06,True,100.0,100.0,94.6,35.8,20.6,0.551,12.0,1.68,4.81,8.85,14.24,33.18,0.121,99.2,147.0,10.7,3.88,0.87,0.0,,139.0,12.52,True,False,True,True,False,Bullish Marubozu,upper,14.86,14.99
SANSERA,Sansera Engineering Limited,NSE,2025-09-17,True,76.9,94.0,29.1,41.1,12.0,0.079,12.0,2.88,6.6,10.06,12.45,,17.174,108.1,15.0,12.9,8.56,1.17,3.0,8.7,20.0,1.28,True,False,True,True,False,Strong Green,upper,1507.0,1524.8
VIDYAWIRES,Vidya Wires Limited,NSE,2026-02-26,True,67.0,86.9,18.4,33.1,14.6,0.09,10.2,3.96,7.83,10.06,9.4,,0.627,118.9,25.0,24.1,4.52,8.04,3.0,11.3,16.0,6.7,True,True,True,True,False,Strong Green,upper,53.75,58.45
526775,Valiant Communications Ltd,BSE,2025-09-22,True,62.9,99.3,15.4,26.1,20.5,0.175,12.0,4.16,5.38,7.39,12.23,,4.475,102.2,12.0,14.4,2.33,1.23,3.0,7.5,3.0,1.92,True,False,True,True,False,Strong Green,upper,672.47,680.87
CUPID,Cupid Limited,NSE,2025-09-08,True,75.5,34.9,45.3,26.9,5.4,0.227,10.6,4.46,5.71,10.0,23.28,,-0.069,118.5,12.0,4.3,2.08,2.07,3.0,3.6,99.0,7.99,True,False,True,True,False,Bullish Engulfing,upper,37.6,38.4
COCKERILL,,,,,,,,,,,,,,,,,,,,,,,,,,,,,,,,,,,
APOLLO,Apollo Micro Systems Limited,NSE,2026-04-09,True,61.9,97.6,20.2,33.2,19.7,0.152,1.2,5.42,13.04,12.76,6.35,2.72,4.313,121.7,6.0,32.1,8.68,34.45,3.0,11.0,1.0,3.25,True,False,True,False,False,Bullish Engulfing,upper,232.52,354.7
PRECWIRE,Precision Wires India Limited,NSE,2025-10-03,True,73.7,70.9,34.2,43.3,11.0,0.035,12.0,3.79,9.96,12.76,15.03,,1.814,141.4,24.0,14.9,9.76,2.01,3.0,4.5,29.0,3.43,True,False,True,True,True,Strong Green,upper,208.69,212.96
SALSTEEL,S.A.L. Steel Limited,NSE,2025-09-12,True,92.1,100.0,38.4,41.8,12.2,0.224,6.0,5.75,20.51,42.41,62.26,,1.5,101.4,20.0,23.4,1.77,0.35,3.0,20.1,6.0,8.7,True,False,True,True,False,Bullish Engulfing,upper,31.62,31.73
GVT&D,GE Vernova T&D India Limited,NSE,2026-01-28,False,53.5,62.5,21.0,28.4,25.0,-0.07,5.4,4.23,5.68,3.18,0.61,9.58,2.854,56.4,4.0,22.4,1.03,12.6,3.0,15.1,32.0,0.93,True,True,True,False,True,Three White Soldiers,above_mid,2905.0,3323.8
WELCORP,Welspun Corp Limited,NSE,2026-04-08,True,70.1,100.0,11.9,34.7,16.7,0.136,8.8,3.72,9.14,12.42,14.64,13.19,11.213,126.9,47.0,18.4,2.78,5.73,3.0,8.1,1.0,1.63,True,True,True,True,True,Three White Soldiers,upper,937.05,994.0
SGMART,SG Mart Limited,NSE,2026-02-09,True,68.9,92.2,27.3,38.2,9.5,0.04,8.0,4.88,9.8,12.6,13.87,,5.359,121.8,12.0,21.2,5.82,3.25,3.0,21.2,3.0,2.47,True,True,True,True,False,Strong Green,upper,405.3,418.9
THERMAX,Thermax Limited,NSE,2026-02-20,True,62.7,89.1,15.5,27.1,19.3,0.042,10.2,3.42,4.77,6.33,6.27,-1.27,27.047,113.0,49.0,17.6,2.43,22.97,3.0,5.2,3.0,0.89,True,True,True,True,False,Bullish Engulfing,upper,3151.8,4091.8
NARMADA,Narmada Agrobase Limited,NSE,2026-01-05,True,63.6,100.0,41.5,16.5,17.3,0.233,7.2,4.83,7.62,7.96,5.72,9.63,0.292,124.0,15.0,20.4,2.38,16.39,3.0,7.5,1.0,10.03,True,True,True,False,False,Bullish Marubozu,upper,23.62,28.25
KIRLOSENG,Kirloskar Oil Engines Limited,NSE,2025-10-28,True,73.4,100.0,18.1,40.0,10.4,0.41,11.6,2.84,9.05,10.47,10.95,12.84,10.414,137.4,33.0,12.9,25.78,5.51,3.0,3.6,48.0,1.57,True,True,True,True,False,Three White Soldiers,upper,1005.7,1064.35
543787,Macfos Ltd,BSE,2026-01-29,True,58.2,75.7,15.0,28.2,14.3,0.13,12.0,3.1,3.04,3.72,4.55,0.63,2.352,103.6,107.0,18.2,11.52,34.83,3.0,4.6,7.0,1.8,True,False,True,False,True,Tweezer Bottom,upper,763.05,1170.91
NITINSPIN,Nitin Spinners Limited,NSE,2026-01-27,True,61.6,61.5,13.4,25.5,19.7,0.168,6.2,2.83,4.25,4.44,3.57,-3.81,0.942,111.8,54.0,14.4,3.32,24.22,3.0,7.0,7.0,2.72,True,True,True,True,False,Three White Soldiers,upper,332.65,438.95
SATIN,Satin Creditcare Network Limited,NSE,2026-04-10,True,65.6,100.0,17.7,30.3,13.2,0.011,0.8,3.58,5.51,6.93,6.66,6.25,1.9,114.7,151.0,23.3,2.16,9.31,3.0,7.4,2.0,3.92,False,True,True,True,False,Bullish Engulfing,upper,159.52,175.9
APOLLOPIPE,Apollo Pipes Limited,NSE,2026-02-06,True,64.2,92.2,21.0,39.0,16.5,0.563,8.2,5.06,12.95,12.44,8.23,-9.03,3.078,108.8,11.0,21.2,41.6,36.68,3.0,8.0,0.0,2.8,True,True,True,True,False,Bullish Engulfing,upper,313.4,494.95
INDSWFTLAB,Ind-Swift Laboratories Limited,NSE,2026-01-13,True,63.6,71.5,16.8,33.5,10.2,0.12,0.4,4.45,8.6,8.82,6.37,2.55,0.89,129.5,9.0,18.2,18.44,18.44,3.0,8.7,0.0,4.91,True,True,False,False,False,Three White Soldiers,upper,101.14,124.0
LOKESHMACH,Lokesh Machines Limited,NSE,2025-12-12,False,57.0,100.0,35.4,25.3,20.4,0.011,1.6,5.85,11.01,7.83,0.5,-13.71,2.082,81.6,4.0,30.3,13.08,49.01,3.0,21.6,76.0,3.76,True,True,True,True,False,Three White Soldiers,above_mid,173.61,340.45
INDOTECH,Indo Tech Transformers Limited,NSE,2026-04-15,True,71.1,96.2,17.6,43.0,14.2,0.162,10.2,5.93,22.84,27.38,25.05,3.05,44.648,140.3,9.0,33.9,6.53,38.4,3.0,4.3,0.0,1.2,True,True,True,True,False,Bullish Marubozu,upper,1716.9,2787.4
SYRMA,Syrma SGS Technology Limited,NSE,2026-02-04,True,73.4,100.0,33.8,34.9,13.8,-0.172,12.0,4.29,11.7,15.7,14.55,19.5,20.345,113.1,9.0,26.6,1.56,6.56,3.0,11.5,3.0,1.71,True,True,True,True,False,Bullish Engulfing,upper,850.2,909.9
RPTECH,Rashi Peripherals Limited,NSE,2026-04-10,True,71.2,100.0,16.2,32.1,14.4,-0.248,9.8,4.03,8.31,11.43,12.8,18.02,6.002,122.5,150.0,13.7,1.61,0.97,3.0,11.5,9.0,2.47,True,False,True,True,False,Strong Green,upper,404.75,408.7
THANGAMAYL,Thangamayil Jewellery Limited,NSE,2025-10-31,True,63.5,90.0,22.1,31.9,13.9,0.048,12.0,3.21,5.21,5.99,5.94,8.68,19.795,112.8,6.0,15.3,6.32,5.22,3.0,4.7,0.0,1.07,True,True,True,True,False,Green,upper,2169.6,2289.0
BIRLACABLE,Birla Cable Limited,NSE,2026-04-13,True,65.6,100.0,21.7,37.0,18.6,0.09,1.6,5.7,14.96,15.87,12.1,-0.56,3.119,107.3,8.0,34.9,12.83,31.99,3.0,24.0,41.0,4.09,True,True,True,True,False,Three White Soldiers,upper,146.35,215.2
EMMVEE,Emmvee Photovoltaic Power Limited,NSE,2026-03-18,True,70.6,98.3,21.0,33.9,14.5,0.114,12.0,5.16,12.41,15.34,16.33,,3.465,117.3,61.0,31.0,2.25,3.96,3.0,19.2,0.0,3.21,True,True,True,True,True,Bullish Marubozu,upper,238.56,248.4
IFCI,IFCI Limited,NSE,2025-12-23,True,60.8,100.0,20.4,35.7,21.4,0.206,11.6,3.24,7.55,6.35,2.22,-2.77,0.495,103.0,3.0,23.0,13.23,28.9,3.0,5.5,0.0,6.76,True,True,True,False,True,Three White Soldiers,upper,52.97,74.5
ONELIFECAP,Onelife Capital Advisors Limited,NSE,2025-09-19,True,64.3,95.4,18.8,21.4,8.7,0.199,2.0,5.5,7.15,8.79,8.16,,0.154,121.0,23.0,33.8,3.66,23.44,3.0,4.8,0.0,13.07,True,True,False,False,False,Bullish Pin Bar,upper,13.62,17.79
ACMESOLAR,Acme Solar Holdings Limited,NSE,2026-03-12,True,59.1,62.6,13.8,25.7,20.4,0.384,5.2,4.09,4.21,4.79,4.65,-0.78,0.064,101.9,32.0,18.1,2.69,25.97,3.0,8.7,21.0,3.2,True,True,False,True,True,Tweezer Bottom,upper,240.08,324.3
ADANIPOWER,Adani Power Limited,NSE,2025-09-08,True,69.3,93.7,13.2,30.4,13.0,0.059,10.8,2.57,3.82,5.33,7.38,,0.519,121.5,15.0,6.3,6.62,2.42,3.0,3.0,13.0,4.39,True,False,True,True,False,Morning Star,upper,126.77,129.92
SWANDEF,Swan Defence and Heavy Industries Limited,NSE,2025-08-18,True,100.0,100.0,99.3,100.0,0.0,0.425,12.0,1.15,6.36,13.53,32.88,,-0.136,102.9,2.0,0.0,8.14,41.15,0.0,,,2.57,True,False,True,True,True,Bullish Marubozu,upper,372.2,632.5
MIRCELECTR,MIRC Electronics Limited,NSE,2026-02-09,True,64.5,75.4,23.3,29.7,16.9,0.169,10.4,5.57,8.16,12.05,19.48,42.17,0.187,108.1,43.0,27.5,1.56,0.81,3.0,15.1,0.0,8.2,True,True,True,True,False,Strong Green,upper,35.71,36.0
SEDEMAC,,,,,,,,,,,,,,,,,,,,,,,,,,,,,,,,,,,
FCL,Fineotex Chemical Limited,NSE,2026-05-06,True,74.8,77.4,12.2,37.0,14.1,-0.14,2.2,3.79,8.43,10.58,11.47,5.35,0.158,156.4,24.0,26.3,9.49,28.72,3.0,3.3,19.0,9.64,True,True,True,True,False,Strong Green,upper,25.51,35.79
PANACEABIO,Panacea Biotec Limited,NSE,2026-04-22,True,60.5,76.0,14.7,27.1,17.5,0.031,6.2,5.17,5.68,7.82,6.57,-3.67,4.141,103.6,14.0,24.2,4.95,37.48,3.0,14.8,5.0,2.6,True,False,False,True,False,Bullish Engulfing,upper,363.8,581.9
SHILPAMED,Shilpa Medicare Limited,NSE,2026-05-06,True,72.7,59.8,46.3,33.3,7.6,0.068,12.0,4.12,5.45,8.83,16.67,21.35,-0.728,126.0,67.0,26.1,2.27,11.62,3.0,8.2,23.0,2.36,True,True,True,True,False,Three White Soldiers,upper,441.9,500.0
SBCL,Shivalik Bimetal Controls Limited,NSE,2026-04-08,True,63.1,100.0,23.4,34.0,18.4,-0.052,1.6,4.8,10.98,11.18,7.82,-0.09,8.048,115.4,8.0,32.2,2.13,22.8,3.0,14.4,0.0,2.3,True,True,True,True,False,Three White Soldiers,upper,467.05,605.0
SKYGOLD,SKY GOLD AND DIAMONDS LIMITED,NSE,2025-10-08,True,64.8,90.6,18.3,31.9,14.5,0.116,8.6,4.43,8.41,9.4,7.29,,3.125,114.3,5.0,19.3,5.94,22.29,3.0,13.4,0.0,2.8,True,True,True,True,True,Green,upper,313.05,402.85
DATAPATTNS,Data Patterns (India) Limited,NSE,2026-02-09,True,60.4,92.5,18.5,30.2,17.3,0.22,2.4,5.05,7.03,8.99,7.46,7.44,43.461,92.6,10.0,29.0,0.99,14.19,3.0,21.1,0.0,0.94,True,True,True,True,False,Morning Star,above_mid,2805.1,3268.8
HONASA,Honasa Consumer Limited,NSE,2026-02-12,True,65.1,92.4,21.5,24.2,10.5,0.277,9.0,3.38,3.68,5.36,6.16,7.75,2.518,100.5,42.0,19.4,5.4,10.46,3.0,13.7,36.0,2.87,True,True,True,True,True,Green,upper,299.25,334.2
GRWRHITECH,Garware Hi-Tech Films Limited,NSE,2025-09-10,True,60.7,99.6,29.2,36.9,18.0,-0.035,4.0,4.96,10.9,10.39,1.93,,75.245,126.7,8.0,35.9,4.83,36.82,3.0,13.4,0.0,0.87,True,True,True,False,False,Green,upper,3320.1,5254.65
RUBYMILLS,The Ruby Mills Limited,NSE,2026-05-25,True,75.2,47.8,47.3,45.1,7.3,0.628,10.8,4.04,14.59,16.79,20.89,23.74,1.328,144.5,54.0,26.5,44.66,0.0,3.0,12.2,0.0,3.0,True,True,True,True,False,Bullish Marubozu,upper,273.1,273.1
ADANIENSOL,Adani Energy Solutions Limited,NSE,2025-09-19,True,71.6,92.8,31.8,42.2,14.1,-0.022,2.0,2.48,5.58,7.77,7.2,,10.521,108.5,10.0,17.9,9.38,10.59,3.0,10.5,4.0,1.68,True,True,True,True,False,Green,upper,877.15,981.0
UTLSOLAR,Fujiyama Power Systems Limited,NSE,2026-04-06,True,66.0,98.2,15.8,31.1,14.3,0.216,9.0,4.24,7.63,9.93,9.0,,2.95,113.0,20.0,23.1,4.84,6.02,3.0,7.6,10.0,3.36,True,True,False,True,False,Strong Green,upper,217.08,230.99
RRKABEL,R R Kabel Limited,NSE,2025-10-27,True,64.8,34.4,15.4,31.4,16.3,0.424,8.8,2.8,4.41,5.09,5.17,4.76,2.92,132.6,39.0,23.5,32.96,12.79,3.0,2.6,0.0,1.37,True,True,False,True,False,Morning Star,upper,1327.4,1522.0
542669,BMW Industries Ltd,BSE,2026-04-08,True,66.6,100.0,32.6,32.1,19.5,-0.08,1.0,6.32,17.48,18.06,11.93,-6.26,0.83,116.1,5.0,36.0,2.69,36.07,3.0,23.3,0.0,7.93,True,True,True,True,False,Three White Soldiers,upper,38.2,59.75
IOLCP,IOL Chemicals and Pharmaceuticals Limited,NSE,2026-03-24,True,58.3,87.1,13.2,30.1,17.1,0.06,1.0,4.47,5.83,6.18,3.18,-6.85,0.654,107.9,5.0,18.5,4.45,39.07,3.0,9.1,0.0,5.61,False,True,True,True,False,Green,upper,77.17,126.66
ATHERENERG,Ather Energy Limited,NSE,2025-08-19,True,73.3,50.3,44.4,37.5,8.1,0.17,10.6,4.39,6.34,12.82,21.61,,4.227,90.0,2.0,4.8,1.47,3.12,3.0,7.8,,2.38,True,False,True,True,False,Green,above_mid,435.95,450.0
NIBE,NIBE Limited,NSE,2026-05-20,True,67.6,92.6,20.8,34.2,14.6,0.03,6.8,4.55,9.66,11.83,13.36,2.41,8.208,115.8,34.0,30.3,5.58,41.3,3.0,10.0,0.0,1.45,True,True,True,True,True,Three White Soldiers,upper,1174.6,2001.0
KRISHNADEF,Krishna Defence And Allied Industries Limited,NSE,2025-12-29,True,62.7,96.2,22.3,36.8,18.1,0.111,1.2,4.25,7.53,9.12,7.59,5.78,13.399,99.9,6.0,24.6,1.72,19.2,3.0,11.6,4.0,1.73,True,True,True,False,True,Green,upper,830.2,1027.5
KOTYARK,Kotyark Industries Limited,NSE,2026-03-06,True,81.1,100.0,28.8,34.1,11.3,0.329,2.2,5.46,15.86,23.58,27.04,-3.91,5.937,126.5,25.0,32.9,2.11,49.16,3.0,4.4,18.0,2.87,True,True,True,True,True,Three White Soldiers,upper,300.15,590.4
SCHNEIDER,Schneider Electric Infrastructure Limited,NSE,2026-02-06,True,65.7,96.0,32.1,31.5,12.8,0.235,2.2,4.33,7.58,11.48,9.05,1.25,18.143,99.5,11.0,26.9,1.31,26.91,3.0,6.7,0.0,1.79,True,True,True,True,False,Bullish Engulfing,upper,768.9,1052.0
KRN,KRN Heat Exchanger and Refrigeration Limited,NSE,2026-02-18,True,66.2,94.9,18.9,29.0,15.4,0.109,8.6,4.34,8.0,11.53,9.89,1.22,14.169,99.7,17.0,28.8,3.51,21.76,3.0,5.0,0.0,1.77,True,True,True,True,False,Three White Soldiers,upper,790.2,1010.0
ASTRAMICRO,Astra Microwave Products Limited,NSE,2026-04-16,True,68.7,100.0,18.3,27.8,19.2,-0.005,10.6,3.93,6.53,9.79,11.52,12.23,15.113,101.7,10.0,19.6,2.0,10.13,3.0,8.3,0.0,1.52,True,True,True,True,False,Strong Green,upper,1074.7,1195.9
WALCHANNAG,Walchandnagar Industries Limited,NSE,2026-04-15,True,71.0,100.0,20.3,34.9,17.3,0.024,11.0,5.43,12.43,17.53,16.21,4.63,5.659,110.7,9.0,35.7,2.9,32.02,3.0,26.5,5.0,3.61,True,True,True,True,False,Three White Soldiers,upper,188.82,277.75
APARINDS,Apar Industries Limited,NSE,2026-02-03,True,76.5,100.0,35.5,47.7,14.7,0.408,1.6,4.07,20.98,23.17,19.42,16.41,242.236,131.2,8.0,28.0,12.71,1.47,3.0,18.6,0.0,0.51,True,True,True,True,False,Three White Soldiers,upper,9759.0,9905.0
JINDALSAW,Jindal Saw Limited,NSE,2026-01-19,True,64.4,33.3,20.7,36.5,22.8,0.58,7.8,3.33,8.68,8.61,6.11,-10.74,0.323,112.3,1.0,12.0,104.65,37.4,3.0,4.2,0.0,3.7,True,True,False,True,True,Strong Green,upper,179.29,286.4
SEAMECLTD,Seamec Limited,NSE,2025-11-28,True,68.0,100.0,17.3,32.6,12.5,0.071,2.8,3.57,6.32,8.49,9.01,4.32,9.933,111.1,14.0,21.6,1.42,19.92,3.0,4.8,6.0,1.61,True,True,True,True,False,Three White Soldiers,upper,960.85,1199.85
APEX,Apex Frozen Foods Limited,NSE,2025-11-11,True,72.8,49.2,34.5,52.5,8.6,-0.105,12.0,4.31,11.21,13.95,15.8,15.45,2.278,131.6,49.0,20.9,18.79,6.53,3.0,9.9,0.0,3.0,True,True,True,True,True,Green,upper,272.95,292.02
YASHO,Yasho Industries Limited,NSE,2026-02-27,True,68.7,72.5,30.3,33.1,11.4,-0.084,6.8,4.77,5.02,8.56,9.28,-3.69,11.687,93.6,34.0,42.7,3.8,28.11,3.0,3.7,9.0,1.26,True,True,True,True,True,Three White Soldiers,above_mid,1561.4,2172.0
ADVAIT,Advait Energy Transitions Limited,NSE,2026-01-29,False,100.0,,,,,,1.2,,,,,,,,2.0,12.2,2.77,2.94,0.0,,,1.27,True,False,False,True,False,Morning Star,n/a,1544.0,1590.8
UNIVPHOTO,Universus Photo Imagings Limited,NSE,2026-02-13,True,79.5,100.0,29.3,33.7,8.7,0.54,12.0,5.28,19.21,22.82,17.86,9.24,6.703,144.0,17.0,37.3,10.62,23.19,3.0,20.6,5.0,3.1,True,True,True,True,False,Three White Soldiers,upper,256.1,333.4
ELPROINTL,,,,,,,,,,,,,,,,,,,,,,,,,,,,,,,,,,,
CEIGALL,Ceigall India Limited,NSE,2025-12-26,True,70.4,100.0,23.3,33.1,11.4,-0.133,2.4,3.28,6.05,7.78,6.31,-1.05,3.604,113.9,12.0,16.2,1.84,25.95,3.0,4.0,4.0,3.08,True,True,True,True,False,Morning Star,upper,259.91,351.0
JAYBARMARU,Jay Bharat Maruti Limited,NSE,2026-05-20,True,67.8,36.3,15.4,38.2,18.9,0.17,6.6,4.31,13.35,13.38,12.94,14.81,0.216,114.6,33.0,36.0,13.38,10.89,3.0,12.6,0.0,4.86,False,False,True,True,True,Bullish Marubozu,upper,103.27,115.89
SPECTRUM,Spectrum Electrical Industries Limited,NSE,2026-01-30,True,66.5,100.0,21.3,32.9,12.5,0.047,9.2,5.23,9.7,12.54,9.99,-8.15,25.887,110.4,12.0,34.4,2.21,43.91,3.0,16.6,5.0,1.36,True,True,True,True,False,Three White Soldiers,upper,1334.3,2379.0
521113,Suditi Industries Ltd,BSE,2026-02-24,True,67.8,100.0,21.7,23.0,11.3,0.251,12.0,7.2,7.07,11.47,16.63,31.5,1.087,100.7,63.0,20.2,2.79,2.54,3.0,15.0,8.0,5.43,True,True,False,False,False,Green,upper,82.35,84.5
PAISALO,Paisalo Digital Limited,NSE,2025-09-03,True,69.1,70.2,28.3,31.1,9.0,-0.136,10.0,3.34,7.45,8.03,7.0,,0.22,146.8,3.0,16.6,4.26,34.35,3.0,4.4,0.0,8.46,True,True,True,False,False,Strong Green,upper,33.35,50.8
HIRECT,Hind Rectifiers Limited,NSE,2026-04-10,True,64.8,58.4,21.9,36.8,17.3,0.41,7.0,6.07,14.83,16.49,18.0,17.17,4.25,119.0,49.0,27.3,21.01,20.28,3.0,19.3,0.0,1.72,True,True,True,True,True,Bullish Marubozu,upper,840.4,1054.25
CENTUM,Centum Electronics Limited,NSE,2026-02-20,True,61.8,32.8,14.8,29.3,19.5,0.25,10.2,5.04,6.14,7.64,8.36,9.48,6.173,104.3,28.0,22.0,56.12,16.47,3.0,9.5,8.0,0.99,True,True,False,True,True,Strong Green,upper,2542.8,3044.0
ROSSTECH,Rossell Techsys Limited,NSE,2026-02-04,True,69.1,93.9,20.0,25.2,11.3,0.386,11.4,6.82,14.67,18.9,18.99,30.3,14.833,128.5,17.0,32.2,4.05,7.4,3.0,14.1,5.0,1.78,True,True,False,True,True,Strong Green,upper,777.8,840.0
KSR,KSR Footwear Limited,NSE,2026-01-05,True,55.2,47.7,,34.1,26.7,0.292,1.8,8.73,29.72,28.41,,,,110.0,5.0,59.8,4.37,25.01,0.0,,,9.54,True,True,True,True,False,Dragonfly Doji,upper,26.21,34.95
524520,KMC Speciality Hospitals (India) Ltd,BSE,2025-11-12,True,72.7,100.0,19.4,40.1,10.3,-0.036,11.4,4.01,8.77,10.81,12.92,13.19,0.599,138.2,42.0,8.9,15.61,5.85,3.0,4.8,1.0,5.56,True,True,True,True,True,Three White Soldiers,upper,78.38,83.25
MCLEODRUSS,Mcleod Russel India Limited,NSE,2026-04-10,True,65.9,100.0,23.6,40.6,17.8,-0.349,1.4,6.2,16.4,18.52,11.55,2.46,1.305,110.4,7.0,40.9,2.14,36.51,3.0,28.9,0.0,7.43,True,True,True,True,False,Three White Soldiers,upper,43.47,68.47
QPOWER,Quality Power Electrical Equipments Limited,NSE,2026-04-09,True,66.4,88.7,13.4,32.9,16.2,0.182,9.6,5.14,9.74,13.48,17.71,28.22,10.999,123.5,48.0,32.6,2.45,10.37,3.0,10.4,1.0,1.6,True,True,True,True,True,Morning Star,upper,969.85,1082.0
SOTL,Savita Oil Technologies Limited,NSE,2026-05-04,True,65.8,43.6,21.7,34.6,16.4,0.05,0.4,3.3,3.93,6.4,7.79,0.8,1.484,86.8,22.0,26.6,2.1,20.17,3.0,17.9,13.0,2.54,False,True,True,True,False,Tweezer Bottom,above_mid,381.3,477.65
ADANIGREEN,Adani Green Energy Limited,NSE,2026-04-06,True,57.2,98.3,26.2,24.9,26.1,0.186,9.2,4.27,6.94,5.79,1.99,-4.41,7.013,115.8,46.0,27.7,3.58,21.78,3.0,10.3,0.0,1.64,True,True,True,True,True,Bullish Marubozu,upper,921.1,1177.55
AFIL,Akme Fintrade (India) Limited,NSE,2026-02-20,True,63.7,96.7,46.9,27.8,18.0,0.049,3.8,6.01,10.41,10.71,1.97,-14.94,0.131,123.1,16.0,33.6,4.35,42.13,3.0,10.4,0.0,19.56,True,True,True,True,False,Bullish Engulfing,upper,5.88,10.16
CMPDI,,,,,,,,,,,,,,,,,,,,,,,,,,,,,,,,,,,
SPARC,Sun Pharma Advanced Research Company Limited,NSE,2026-04-08,True,60.5,85.4,19.8,33.6,15.5,0.135,9.4,5.41,9.39,10.73,8.21,-1.34,2.135,110.7,9.0,27.2,1.24,33.39,3.0,12.7,7.0,4.24,True,True,True,True,False,Green,upper,136.16,204.4
KIRLPNU,Kirloskar Pneumatic Company Limited,NSE,2026-04-13,True,71.5,100.0,20.5,31.0,11.5,-0.021,12.0,3.75,6.78,9.78,10.91,6.48,19.159,110.5,84.0,18.2,2.68,20.11,3.0,7.6,5.0,1.42,True,True,True,True,False,Three White Soldiers,upper,1238.3,1550.0
ARVIND,Arvind Limited,NSE,2025-10-16,False,55.2,70.6,19.6,27.8,20.2,-0.142,7.0,3.29,4.51,3.13,0.52,,0.098,62.7,4.0,18.1,1.51,28.22,3.0,17.9,25.0,2.83,True,True,True,True,True,Green,above_mid,308.65,430.0
NETWEB,Netweb Technologies India Limited,NSE,2025-08-25,True,67.9,55.8,29.9,36.5,10.9,0.124,9.2,4.53,8.34,12.05,18.21,,12.347,102.5,3.0,12.8,1.95,19.35,3.0,7.0,0.0,1.02,True,False,True,True,True,Three White Soldiers,upper,2371.8,2941.0
MAYURUNIQ,Mayur Uniquoters Ltd,NSE,2026-04-21,True,65.0,95.3,23.8,25.3,12.5,0.047,11.6,3.63,3.51,6.68,9.2,10.48,5.401,89.3,65.0,12.9,1.66,6.91,3.0,9.0,15.0,2.05,True,True,True,True,True,Strong Green,above_mid,586.4,629.9
538668,Meghna Infracon Infrastructure Ltd,BSE,2026-04-09,True,67.2,96.1,24.3,27.4,18.2,-0.041,0.6,5.97,10.14,12.94,12.98,17.02,9.969,118.0,124.0,20.7,1.52,3.37,3.0,11.7,11.0,1.98,False,True,True,True,True,Three White Soldiers,upper,632.95,655.0
544191,Purple Finance Ltd,BSE,2025-12-12,True,66.2,80.4,18.4,20.0,15.7,0.218,7.8,5.76,6.55,8.57,12.91,6.88,0.095,119.9,51.0,23.3,11.19,31.34,3.0,10.7,37.0,7.14,True,True,False,True,False,Green,upper,47.34,68.95
NATIONALUM,National Aluminium Company Limited,NSE,2025-09-02,True,65.0,71.5,12.4,31.3,16.8,0.165,11.0,2.4,5.0,5.64,6.49,,0.737,135.4,3.0,7.9,4.82,8.09,3.0,4.4,8.0,3.5,True,True,True,True,False,Three White Soldiers,upper,200.53,218.18
DSSL,Dynacons Systems & Solutions Limited,NSE,2026-04-08,True,64.5,100.0,13.2,32.2,17.3,-0.054,12.0,4.75,11.03,11.82,9.87,1.69,12.234,124.4,5.0,22.7,4.29,17.32,3.0,14.5,0.0,1.57,True,True,True,True,False,Three White Soldiers,upper,1004.55,1215.0
MANAKALUCO,Manaksia Aluminium Company Limited,NSE,2026-04-17,True,65.6,100.0,28.6,38.6,18.7,0.171,12.0,4.91,11.43,15.75,9.41,5.2,1.077,107.5,11.0,52.1,2.71,53.9,3.0,25.7,2.0,8.73,True,True,True,True,False,Green,upper,31.4,68.12
HSCL,Himadri Speciality Chemical Limited,NSE,2026-04-15,True,66.1,99.6,15.4,27.4,19.1,0.354,8.6,4.1,5.0,6.6,6.71,4.71,4.53,119.5,95.0,15.4,1.13,8.23,3.0,10.1,11.0,2.24,True,True,True,True,True,Strong Green,upper,490.45,534.45
SOLARINDS,Solar Industries India Limited,NSE,2026-03-04,True,67.7,84.0,15.5,27.4,17.3,0.259,8.6,3.11,5.68,7.65,9.33,9.66,86.473,131.9,50.0,18.2,5.03,18.5,3.0,2.9,24.0,0.41,True,True,True,True,True,Strong Green,upper,14523.0,17820.0
STEELXIND,STEEL EXCHANGE INDIA LIMITED,NSE,2026-04-08,True,67.9,100.0,20.5,35.3,15.6,-0.159,1.8,5.25,13.03,14.87,12.54,2.58,0.151,122.6,9.0,21.1,4.58,22.42,3.0,18.8,0.0,15.96,True,True,True,True,False,Three White Soldiers,upper,8.96,11.55
GULPOLY,Gulshan Polyols Limited,NSE,2026-04-08,True,67.0,95.6,23.3,35.8,14.8,-0.017,8.6,4.88,10.16,12.07,14.39,11.78,1.607,111.4,43.0,21.9,4.01,21.71,3.0,12.7,0.0,3.77,True,True,True,True,True,Strong Green,upper,172.62,220.5
KESORAMIND,Kesoram Industries Limited,NSE,2025-12-08,True,85.6,97.8,26.8,54.1,7.9,0.629,2.6,5.17,30.05,40.34,42.07,-79.34,0.233,141.6,13.0,31.3,9.18,96.56,3.0,8.9,1.0,17.09,True,True,True,False,False,Green,upper,7.84,228.01
SGFIN,SG Finserve Limited,NSE,2026-02-12,True,63.3,100.0,19.8,33.3,18.4,0.004,12.0,4.57,8.36,9.41,7.62,,7.18,98.9,9.0,26.6,3.48,8.47,3.0,26.6,0.0,2.44,True,True,True,True,False,Green,upper,414.45,452.8
SAIL,Steel Authority of India Limited,NSE,2025-12-30,True,65.6,98.5,19.1,31.9,17.5,0.048,11.2,2.77,5.71,6.28,5.95,10.27,1.124,131.4,83.0,15.6,3.1,3.34,3.0,6.4,4.0,4.17,True,True,True,True,True,Three White Soldiers,upper,141.02,145.9
BUILDPRO,Shankara Buildpro Limited,NSE,2026-02-19,True,61.5,51.0,27.4,30.2,17.1,0.246,5.0,7.26,14.9,21.32,,,,109.2,17.0,29.2,5.31,1.34,0.0,,,1.57,True,False,True,True,False,Strong Green,upper,1010.7,1024.4
NEPHROPLUS,Nephrocare Health Services Limited,NSE,2026-01-06,False,100.0,,,,,-0.447,2.2,5.41,3.88,,,,,,11.0,10.6,0.71,3.89,1.0,8.8,,2.24,True,False,True,True,False,Three White Soldiers,n/a,492.55,512.5
BANDHANBNK,Bandhan Bank Limited,NSE,2026-01-28,True,63.1,99.2,21.0,29.9,20.6,0.028,0.8,2.61,4.64,5.17,3.49,-2.38,1.058,111.5,35.0,23.3,1.41,20.33,3.0,6.2,0.0,4.0,True,True,True,True,True,Bullish Engulfing,upper,153.35,192.48
MIDHANI,Mishra Dhatu Nigam Limited,NSE,2026-04-15,True,61.6,100.0,13.8,29.1,23.8,0.032,12.0,4.6,7.97,9.24,6.25,0.16,6.842,105.4,9.0,31.8,1.39,25.66,3.0,18.1,50.0,2.66,True,True,True,True,False,Three White Soldiers,upper,348.65,469.0
TMB,Tamilnad Mercantile Bank Limited,NSE,2025-10-20,True,66.2,85.2,17.6,29.6,15.1,0.077,2.6,1.64,2.96,3.59,3.44,,1.544,122.4,13.0,6.6,4.38,7.26,3.0,3.8,1.0,2.35,True,True,True,True,False,Three White Soldiers,upper,447.0,482.0
INDOBORAX,Indo Borax & Chemicals Limited,NSE,2026-04-06,True,67.2,72.4,16.0,26.8,13.4,-0.113,0.6,1.94,2.94,3.29,2.8,6.02,0.745,146.1,126.0,24.4,3.25,15.96,3.0,2.4,0.0,3.11,True,True,False,False,True,Strong Green,upper,253.68,301.85
SUNFLAG,Sunflag Iron And Steel Company Limited,NSE,2026-04-10,True,62.5,99.2,18.6,32.4,19.6,0.071,1.4,4.56,8.27,10.22,7.07,-1.13,5.235,107.0,7.0,27.2,1.2,22.54,3.0,12.7,81.0,3.14,True,True,True,True,False,Strong Green,upper,249.42,322.0
HINDCOPPER,Hindustan Copper Limited,NSE,2025-09-12,True,75.5,95.1,27.0,41.7,11.1,0.442,11.8,3.31,11.61,13.7,13.17,,4.041,142.7,10.0,20.9,22.05,2.64,3.0,6.5,7.0,2.96,True,True,True,True,False,Bullish Marubozu,upper,280.05,287.65
EBGNG,GNG Electronics Limited,NSE,2026-02-06,True,66.4,100.0,27.6,33.1,17.4,0.36,1.6,4.86,13.86,14.91,9.93,,7.247,110.7,8.0,29.7,12.37,20.06,3.0,24.2,0.0,2.77,True,True,True,True,False,Three White Soldiers,upper,321.1,401.7
APCOTEXIND,Apcotex Industries Limited,NSE,2026-04-08,True,62.3,100.0,25.9,25.0,20.2,0.045,2.6,4.2,7.19,7.77,6.31,3.18,3.999,104.9,5.0,18.7,1.08,14.03,3.0,12.4,2.0,2.54,True,True,True,True,False,Green,upper,381.7,444.0
ZIMLAB,Zim Laboratories Limited,NSE,2026-04-15,True,64.8,98.1,15.8,28.1,15.5,-0.076,1.8,5.46,7.28,10.47,10.09,-0.62,1.356,103.6,9.0,25.7,1.61,39.97,3.0,19.2,0.0,5.64,True,True,True,True,False,Green,upper,76.24,127.0
J&KBANK,The Jammu & Kashmir Bank Limited,NSE,2026-01-22,True,62.3,56.3,17.8,30.9,20.3,0.05,11.6,2.6,4.13,4.76,4.31,3.9,0.456,110.8,18.0,11.2,3.78,8.67,3.0,7.1,13.0,4.77,True,True,True,False,True,Green,upper,107.09,117.25
MWL,Mangalam Worldwide Limited,NSE,2025-09-09,True,67.7,37.3,24.6,34.4,16.1,0.243,7.2,3.05,4.45,5.68,9.57,,-0.397,122.9,14.0,3.7,7.07,1.27,3.0,2.4,40.0,3.52,True,False,True,True,False,Bullish Engulfing,upper,198.45,201.0
KPL,,,,,,,,,,,,,,,,,,,,,,,,,,,,,,,,,,,
VTL,Vardhman Textiles Limited,NSE,2025-08-19,False,48.9,79.9,32.9,29.9,24.5,0.029,10.2,3.93,5.42,1.15,-4.04,,1.275,52.6,2.0,27.4,37.67,19.41,3.0,24.3,35.0,2.38,True,False,True,False,False,Green,above_mid,435.1,539.9
WOCKPHARMA,Wockhardt Limited,NSE,2026-05-06,True,80.9,78.1,35.2,50.4,8.0,0.088,5.6,4.2,15.31,20.92,25.35,23.49,21.734,142.2,28.0,25.7,16.73,8.13,3.0,5.0,11.0,1.2,True,True,True,True,True,Three White Soldiers,upper,1716.9,1868.8
PARAS,Paras Defence and Space Technologies Limited,NSE,2026-04-15,True,68.5,100.0,15.6,31.2,16.7,0.106,10.4,4.76,10.58,13.72,14.2,13.24,12.608,124.2,13.0,24.6,4.21,22.38,3.0,8.5,4.0,1.81,True,True,True,True,False,Three White Soldiers,upper,754.85,972.5
DIACABS,Diamond Power Infrastructure Limited,NSE,2026-04-16,True,66.9,100.0,18.5,30.9,12.7,-0.032,9.6,4.88,8.52,11.69,11.93,9.43,2.509,114.6,14.0,19.8,2.2,19.19,3.0,8.6,0.0,4.07,True,True,True,True,True,Three White Soldiers,upper,148.28,183.5
ARFIN,Arfin India Limited,NSE,2025-09-09,True,51.6,100.0,35.2,22.1,19.1,0.629,5.6,6.07,8.26,11.61,,,0.804,112.3,7.0,22.3,3.73,3.7,2.0,6.2,,7.71,True,True,True,True,True,Morning Star,upper,40.35,41.9
FINCABLES,Finolex Cables Limited,NSE,2026-02-09,True,64.0,92.9,18.3,30.3,17.9,0.287,8.6,2.7,5.36,5.9,4.68,-5.19,6.687,98.2,7.0,11.3,1.88,25.22,3.0,9.5,0.0,1.77,True,True,True,True,False,Bullish Pin Bar,upper,792.65,1059.95
ABSLAMC,Aditya Birla Sun Life AMC Limited,NSE,2025-12-30,True,72.4,86.5,25.1,33.0,12.1,0.165,2.0,2.93,5.89,8.1,7.69,6.29,7.911,116.3,25.0,19.3,3.96,8.73,3.0,6.1,11.0,1.73,True,True,True,False,False,Strong Green,upper,828.75,908.0
LLOYDSME,Lloyds Metals And Energy Limited,NSE,2026-03-25,True,60.1,85.4,13.1,37.4,20.1,0.255,7.2,4.52,5.87,7.65,7.51,2.57,11.817,106.4,36.0,25.2,1.33,18.88,3.0,13.5,19.0,1.38,True,True,True,True,False,Green,upper,1307.7,1612.0
HARDWYN,Hardwyn India Limited,NSE,2025-11-03,True,72.2,100.0,19.0,24.9,16.8,0.243,2.6,5.44,7.99,12.39,14.11,8.03,0.275,102.0,13.0,27.3,3.01,20.51,3.0,22.1,6.0,12.32,True,True,True,False,True,Morning Star,upper,15.5,19.5
KOPRAN,Kopran Limited,NSE,2026-04-08,True,67.6,100.0,17.8,35.8,15.8,0.005,1.0,5.52,15.54,18.28,14.62,-2.19,3.441,128.8,5.0,27.1,2.49,31.65,3.0,13.7,2.0,4.09,True,True,True,True,False,Three White Soldiers,upper,146.27,214.0
BSE,BSE Limited,NSE,2025-10-10,True,64.9,100.0,27.1,34.1,17.8,0.056,1.8,3.15,6.75,8.08,5.22,,38.758,108.5,7.0,20.2,1.59,21.29,3.0,4.0,132.0,1.02,True,True,True,True,True,Three White Soldiers,upper,2385.0,3030.0
PASUPTAC,Pasupati Acrylon Limited,NSE,2026-04-23,True,68.5,80.5,13.5,35.3,16.6,0.064,12.0,4.72,9.87,12.6,12.14,10.48,0.698,114.5,15.0,30.2,5.19,15.98,3.0,13.3,10.0,6.73,True,True,True,False,False,Strong Green,upper,53.35,63.5
STYLAMIND,Stylam Industries Limited,NSE,2025-09-08,True,65.9,63.6,15.8,35.4,13.4,0.155,9.2,3.67,8.97,8.93,8.21,,10.626,140.8,2.0,16.6,19.85,21.44,3.0,13.3,0.0,1.16,True,True,True,False,False,Strong Green,upper,1835.1,2336.0
GANESHBE,Ganesh Benzoplast Limited,NSE,2026-02-20,True,69.0,86.1,28.9,35.6,10.6,0.162,12.0,4.28,9.59,12.5,11.97,-2.85,1.128,112.2,14.0,18.5,4.04,33.86,3.0,8.1,0.0,5.24,True,True,True,True,False,Three White Soldiers,upper,88.5,133.8
NDLVENTURE,NDL Ventures Limited,NSE,2026-02-10,True,70.2,66.0,12.4,29.5,12.0,0.309,0.4,4.49,8.47,9.96,11.25,16.81,0.675,144.8,90.0,28.3,7.66,10.19,3.0,9.7,23.0,4.92,False,True,False,False,True,Strong Green,upper,100.81,112.25
NLCINDIA,NLC India Limited,NSE,2026-04-01,True,64.3,97.2,15.2,28.6,15.0,0.007,3.6,4.08,5.85,7.83,9.27,12.52,2.286,112.8,145.0,11.2,1.7,3.08,3.0,7.7,12.0,2.95,True,True,True,True,True,Green,upper,283.2,292.2
SHREEJISPG,Shreeji Shipping Global Limited,NSE,2025-10-30,True,64.8,97.6,29.3,29.5,16.8,0.38,3.0,3.74,7.28,8.31,,,2.627,117.1,15.0,19.2,14.09,3.59,3.0,9.0,1.0,3.05,True,True,True,True,False,Three White Soldiers,upper,265.14,275.0
LAURUSLABS,Laurus Labs Limited,NSE,2025-10-23,True,68.1,100.0,19.3,30.5,14.4,0.051,12.0,2.4,3.61,5.15,7.56,24.44,7.03,101.2,17.0,12.8,1.97,1.02,3.0,2.8,3.0,1.63,True,True,True,True,False,Green,upper,934.4,944.0
CLEANMAX,Clean Max Enviro Energy Solutions Limited,NSE,2026-04-06,False,44.8,17.1,,11.3,9.2,0.023,0.6,10.0,1.43,-0.35,,,,42.0,3.0,24.3,0.87,12.35,1.0,20.5,,1.72,False,False,True,True,False,Strong Green,below_mid,841.4,960.0
DECNGOLD,,,,,,,,,,,,,,,,,,,,,,,,,,,,,,,,,,,
NAHARSPING,Nahar Spinning Mills Limited,NSE,2026-02-09,True,60.6,91.9,33.1,35.0,15.9,-0.066,1.8,5.11,7.07,8.03,3.61,-9.91,3.951,86.9,9.0,27.4,1.77,38.2,3.0,4.2,228.0,3.59,True,True,True,True,False,Bullish Engulfing,above_mid,190.95,309.0
LLOYDSENGG,LLOYDS ENGINEERING WORKS LIMITED,NSE,2026-04-08,True,62.0,100.0,21.4,34.2,18.3,-0.007,2.8,5.58,12.71,13.24,7.21,-10.11,1.104,115.4,5.0,33.8,1.19,41.55,3.0,13.0,2.0,7.0,True,False,True,True,False,Three White Soldiers,upper,49.26,84.27
SUVEN,Suven Life Sciences Limited,NSE,2026-04-02,True,65.0,87.0,16.6,32.2,17.4,-0.225,8.8,5.89,12.7,13.14,8.5,-6.64,2.384,127.4,6.0,29.1,2.18,47.34,3.0,14.8,1.0,3.94,True,True,False,True,False,Three White Soldiers,upper,157.96,299.99
GRANULES,Granules India Limited,NSE,2026-02-20,True,58.7,95.0,15.2,26.3,20.3,0.054,10.2,3.09,3.56,3.93,4.12,8.53,2.785,116.4,126.0,10.9,1.77,4.46,3.0,4.8,0.0,2.03,True,False,True,True,False,Bullish Engulfing,upper,599.05,627.0
CGPOWER,CG Power and Industrial Solutions Limited,NSE,2026-02-03,True,63.1,98.2,35.1,35.6,22.1,-0.091,2.2,3.82,10.54,10.21,4.86,-2.08,10.535,110.5,5.0,24.0,2.56,17.05,3.0,13.4,1.0,1.93,True,True,True,True,False,Green,upper,661.55,797.55
GOCLCORP,GOCL Corporation Limited,NSE,2026-03-24,False,57.4,56.2,14.8,31.8,20.8,0.414,7.8,4.96,8.98,7.25,1.99,-13.01,1.258,93.8,1.0,23.5,118.32,36.71,3.0,11.8,0.0,3.05,True,False,True,True,False,Strong Green,upper,264.25,417.5
AXISCADES,AXISCADES Technologies Limited,NSE,2026-02-13,True,62.7,100.0,22.7,39.6,21.8,0.163,2.6,4.62,11.25,13.34,9.81,11.87,31.771,114.6,15.0,30.0,2.38,20.07,3.0,8.7,2.0,1.32,True,False,True,False,True,Strong Green,upper,1422.1,1779.2
AGIIL,Agi Infra Limited,NSE,2025-09-24,True,71.5,79.5,31.9,24.0,12.8,0.248,10.8,2.77,3.93,5.62,10.43,,0.278,129.3,18.0,6.1,4.42,0.75,3.0,4.3,51.0,3.15,False,False,True,True,True,Strong Green,upper,247.52,249.4
DBOL,Dhampur Bio Organics Limited,NSE,2025-12-11,True,65.2,100.0,26.0,24.1,11.1,0.013,3.4,3.69,4.29,5.98,4.56,-2.78,0.876,98.4,17.0,20.3,1.78,31.96,3.0,17.4,11.0,5.48,True,True,True,False,False,Three White Soldiers,upper,80.97,119.0
VINDHYATEL,Vindhya Telelinks Limited,NSE,2026-04-15,True,75.8,100.0,25.1,41.8,10.0,-0.003,4.8,5.5,16.87,22.42,20.88,3.17,32.692,130.4,9.0,25.1,11.09,26.91,3.0,16.1,0.0,1.34,True,False,True,True,False,Green,upper,1380.65,1889.0
BHEL,Bharat Heavy Electricals Limited,NSE,2025-09-11,True,57.0,95.7,32.5,32.1,19.5,0.065,1.8,2.66,4.95,4.09,0.04,,2.476,111.3,9.0,22.8,5.37,15.81,3.0,3.2,0.0,3.28,True,True,True,True,False,Strong Green,upper,229.08,272.1
BLUSPRING,Bluspring Enterprises Limited,NSE,2026-05-20,True,70.0,77.5,40.3,29.7,7.9,0.2,8.4,4.9,6.26,9.86,15.82,8.69,0.176,109.8,40.0,33.3,7.02,27.13,3.0,8.1,36.0,5.74,True,True,True,True,False,Green,upper,73.51,100.88
BHARATFORG,Bharat Forge Limited,NSE,2025-09-08,True,59.3,72.4,34.0,25.6,15.5,-0.09,2.0,2.74,4.75,4.23,1.93,,7.015,101.3,6.0,17.6,4.03,11.7,3.0,7.9,0.0,1.44,True,True,False,True,False,Morning Star,upper,1202.8,1362.1
ASIANENE,Asian Energy Services Limited,NSE,2026-04-20,True,66.1,95.6,20.1,28.4,15.5,-0.014,10.8,5.13,6.39,10.08,11.61,5.52,5.067,94.3,54.0,24.2,1.49,19.47,3.0,22.0,5.0,2.8,True,True,True,True,True,Strong Green,above_mid,315.38,391.65
IDEA,Vodafone Idea Limited,NSE,2025-09-15,True,71.5,100.0,26.8,40.8,10.6,-0.169,12.0,4.26,10.11,14.56,15.79,,0.152,113.1,20.0,22.9,1.65,22.25,3.0,15.0,15.0,16.71,True,True,True,True,False,Three White Soldiers,upper,8.14,10.47
ABB,ABB India Limited,NSE,2026-01-29,True,68.1,71.2,28.8,39.1,18.2,0.206,10.6,2.94,10.07,9.73,8.11,1.85,38.046,105.3,6.0,12.9,12.45,15.64,3.0,12.0,0.0,0.67,True,True,True,True,False,Three White Soldiers,upper,5474.0,6488.95
MAHABANK,Bank of Maharashtra,NSE,2025-12-30,True,64.5,85.9,15.7,29.5,16.3,0.093,3.6,2.22,4.42,4.85,5.01,9.19,0.293,144.2,83.0,11.9,1.77,1.71,3.0,3.0,0.0,6.33,True,True,True,True,True,Strong Green,upper,60.51,61.56
KINGFA,Kingfa Science & Technology (India) Limited,NSE,2025-08-14,True,66.2,86.9,20.3,33.0,16.0,0.041,8.4,3.83,6.97,8.79,11.72,,23.273,104.3,2.0,6.7,2.22,3.44,3.0,13.7,0.0,0.81,True,False,True,True,False,Bullish Engulfing,upper,3817.8,3954.0
531911,Galaxy Agrico Exports Ltd,BSE,2026-05-08,True,69.4,71.0,33.9,26.8,7.9,0.403,7.2,5.39,6.92,11.05,16.41,17.07,0.255,119.3,49.0,39.3,6.2,10.44,3.0,6.9,22.0,6.56,True,True,True,True,False,Bullish Engulfing,upper,56.09,62.63
BODALCHEM,Bodal Chemicals Limited,NSE,2026-03-19,True,61.7,70.3,39.0,25.5,16.8,0.006,0.8,4.18,7.43,6.48,2.0,-13.36,0.453,100.0,4.0,20.9,2.51,39.71,3.0,11.2,1.0,7.0,True,True,True,True,False,Strong Green,upper,49.13,81.49
NRBBEARING,NRB Bearing Limited,NSE,2026-04-16,True,65.3,98.3,16.6,33.5,19.4,-0.024,11.0,4.41,9.36,11.45,9.51,5.25,5.378,110.7,10.0,28.5,7.03,10.25,3.0,18.8,0.0,2.96,True,True,True,True,False,Three White Soldiers,upper,281.15,313.25
ADFFOODS,ADF Foods Limited,NSE,2026-04-17,True,73.2,100.0,24.4,40.8,12.1,0.224,9.8,5.13,16.33,20.57,18.64,6.66,5.686,127.8,12.0,35.5,19.68,24.57,3.0,4.6,6.0,3.29,True,True,True,True,False,Strong Green,upper,226.94,300.85
INOXINDIA,INOX India Limited,NSE,2026-03-25,True,64.4,71.5,17.5,32.5,15.0,-0.035,12.0,3.49,4.19,5.59,6.95,7.99,4.713,113.8,151.0,17.3,2.52,3.82,3.0,6.4,0.0,1.42,False,True,True,False,True,Green,upper,1238.8,1288.0
JAYNECOIND,Jayaswal Neco Industries Limited,NSE,2026-04-02,True,57.7,87.7,13.4,23.9,17.5,-0.012,9.4,5.21,6.43,6.56,4.92,16.7,0.712,118.8,155.0,9.0,1.86,16.24,3.0,11.4,0.0,5.55,True,False,True,False,False,Strong Green,upper,78.99,94.3
AZAD,Azad Engineering Limited,NSE,2026-04-13,True,69.4,100.0,18.8,33.5,17.1,-0.167,9.2,3.98,7.0,9.9,10.2,8.7,31.165,105.7,12.0,23.1,1.49,8.31,3.0,11.2,3.0,1.19,True,True,True,True,False,Three White Soldiers,upper,1741.2,1899.0
535916,Alacrity Securities Ltd,BSE,2026-04-09,True,64.0,72.5,17.7,20.4,12.8,-0.172,1.2,8.63,13.44,14.7,15.66,2.43,0.549,119.7,86.0,34.0,3.86,26.62,3.0,19.6,0.0,6.13,False,True,False,True,True,Morning Star,upper,64.43,87.8
AVANTIFEED,Avanti Feeds Limited,NSE,2025-11-19,True,79.1,100.0,29.5,47.9,9.0,0.371,10.8,3.32,10.71,15.15,18.72,17.01,10.173,133.4,54.0,18.1,27.22,12.71,3.0,9.7,47.0,1.72,True,True,True,True,False,Strong Green,upper,841.65,964.2
MCX,Multi Commodity Exchange of India Limited,NSE,2025-10-09,True,71.7,97.7,15.6,35.0,14.7,0.102,3.8,2.61,6.11,8.22,9.81,,13.336,125.1,28.0,19.8,2.86,4.49,3.0,4.7,15.0,1.19,True,True,True,True,True,Bullish Marubozu,upper,1741.2,1823.0
500449,Hindustan Organic Chemicals Ltd,BSE,2026-04-20,True,70.1,100.0,17.4,34.9,12.1,0.002,2.4,5.81,14.01,17.91,16.14,4.74,0.771,118.3,12.0,35.9,6.04,18.64,3.0,29.0,2.0,8.46,True,True,True,True,False,Bullish Engulfing,upper,33.35,40.99
UNIVCABLES,Universal Cables Limited,NSE,2026-04-08,True,63.9,100.0,23.1,37.0,15.4,0.052,2.8,5.63,10.33,12.89,9.43,4.01,13.86,118.1,14.0,26.0,2.87,24.53,3.0,19.0,0.0,1.8,True,True,True,True,False,Three White Soldiers,upper,760.7,1008.0
AYMSYNTEX,AYM Syntex Limited,NSE,2026-01-30,False,51.8,100.0,21.2,22.1,14.2,-0.197,5.6,6.1,2.76,1.58,-1.61,-15.29,0.511,58.2,5.0,19.9,0.5,42.57,3.0,16.7,21.0,3.91,True,True,False,True,False,Hammer,above_mid,160.41,279.33
NAM-INDIA,Nippon Life India Asset Management Limited,NSE,2026-04-08,True,55.7,77.7,12.3,35.4,21.4,0.241,9.4,4.49,6.03,5.35,3.65,7.13,5.37,109.3,149.0,12.1,3.31,10.49,3.0,9.4,0.0,1.66,True,True,True,False,True,Strong Green,upper,903.2,1009.0
PREMEXPLN,Premier Explosives Limited,NSE,2026-04-22,True,68.4,92.4,18.2,31.9,18.9,0.066,8.4,4.82,9.61,13.99,13.35,6.3,11.286,105.6,14.0,31.7,5.57,21.73,3.0,21.7,34.0,2.15,True,False,True,True,False,Strong Green,upper,535.35,684.0
TIRUPATIFL,Tirupati Forge Limited,NSE,2026-01-02,True,63.1,100.0,17.7,26.0,15.6,0.032,2.0,4.98,6.8,7.98,4.4,-8.29,0.554,123.7,6.0,28.9,1.96,43.71,3.0,10.6,0.0,8.13,True,False,True,False,False,Three White Soldiers,upper,36.27,64.43
GHCLTEXTIL,GHCL Textiles Limited,NSE,2026-04-09,True,65.2,100.0,19.6,34.5,12.9,0.002,1.2,4.96,9.08,11.02,10.64,5.27,1.249,116.8,6.0,24.9,3.15,16.38,3.0,14.7,2.0,5.42,True,True,True,True,False,Green,upper,82.78,99.0
ADANIENT,Adani Enterprises Limited,NSE,2026-04-13,True,61.8,99.7,31.5,30.8,18.0,-0.153,1.6,3.98,6.65,7.74,4.51,-4.91,38.267,100.1,8.0,23.4,1.52,21.0,3.0,13.5,3.0,1.08,True,True,True,True,False,Three White Soldiers,upper,2129.0,2695.0
CEMPRO,Cemindia Projects Limited,NSE,2026-04-08,True,60.1,100.0,22.3,29.4,19.5,0.129,1.0,4.84,8.87,8.93,2.0,-10.8,9.636,126.0,9.0,29.0,2.83,35.91,3.0,10.7,0.0,2.02,True,True,True,True,False,Three White Soldiers,upper,605.05,944.0
SBC,SBC Exports Limited,NSE,2025-09-02,True,73.4,66.0,38.3,22.7,23.9,0.199,11.4,3.5,3.56,6.79,14.07,,-0.001,99.2,7.0,19.1,1.7,1.29,3.0,5.1,118.0,10.89,True,True,True,True,False,Bullish Engulfing,upper,19.83,20.09
544141,Pune E - Stock Broking Ltd,BSE,2026-04-15,True,61.5,76.8,16.9,40.1,24.1,0.092,11.2,4.26,6.94,8.32,10.12,20.27,1.493,125.8,154.0,18.0,4.82,3.89,3.0,3.9,0.0,3.14,True,False,True,False,False,Green,upper,249.85,259.95
BELRISE,Belrise Industries Limited,NSE,2026-02-11,True,66.0,91.5,27.7,34.0,14.5,0.254,8.6,3.83,5.95,8.99,12.28,,2.282,99.6,122.0,7.7,3.51,1.0,3.0,16.7,0.0,3.58,True,False,True,True,True,Strong Green,upper,191.81,193.74
543828,Sudarshan Pharma Industries Ltd,BSE,2026-02-10,True,67.6,100.0,24.4,30.9,22.8,0.284,2.0,6.08,14.24,17.65,13.2,-4.52,0.9,103.1,10.0,36.7,1.56,35.88,3.0,32.1,1.0,9.41,True,True,True,True,False,Three White Soldiers,upper,26.9,41.95
543916,Hemant Surgical Industries Ltd,BSE,2026-04-10,True,60.2,97.9,14.0,29.2,19.4,-0.208,12.0,6.26,7.4,9.17,7.84,16.86,4.779,95.9,7.0,33.4,2.27,19.55,3.0,21.8,4.0,2.89,True,True,True,False,True,Green,upper,295.35,367.1
VIJAYA,Vijaya Diagnostic Centre Limited,NSE,2026-04-24,True,73.9,94.8,25.7,28.8,13.2,0.444,3.2,3.22,4.15,7.71,9.25,7.01,11.912,88.7,16.0,18.2,3.63,9.7,3.0,5.5,10.0,1.53,True,True,True,True,False,Green,above_mid,1065.55,1180.0
543542,Kesar India Ltd,BSE,2025-12-16,True,89.8,60.5,35.4,70.2,14.5,0.091,9.6,1.88,9.1,12.82,20.01,35.98,5.061,131.8,69.0,15.8,10.31,3.44,3.0,3.3,113.0,1.56,True,False,True,True,False,Bullish Engulfing,upper,1013.9,1050.0
GESHIP,The Great Eastern Shipping Company Limited,NSE,2026-01-28,True,65.9,82.5,14.3,29.1,19.7,0.153,11.4,2.7,4.62,5.42,6.6,13.27,4.157,128.7,103.0,11.4,2.71,1.42,3.0,5.0,0.0,1.45,True,False,True,True,True,Strong Green,upper,1173.6,1190.5
POLYCAB,Polycab India Limited,NSE,2026-02-24,True,67.6,94.7,21.2,33.1,16.3,0.406,4.6,2.29,3.49,5.9,7.78,12.92,50.472,89.6,21.0,15.6,3.05,0.33,3.0,3.3,11.0,0.55,True,True,True,False,True,Three White Soldiers,above_mid,8120.5,8147.5
MBAPL,Madhya Bharat Agro Products Limited,NSE,2026-01-07,True,73.3,100.0,24.6,30.7,7.8,0.275,11.6,2.63,3.83,6.23,7.63,16.77,3.5,107.3,67.0,18.5,4.03,4.9,3.0,2.9,9.0,2.35,True,True,True,True,False,Bullish Engulfing,upper,446.7,469.7
SAILIFE,Sai Life Sciences Limited,NSE,2026-02-27,True,64.6,66.2,17.8,32.8,20.5,0.14,11.4,3.51,5.03,8.11,10.62,16.56,7.109,92.5,24.0,19.6,3.19,0.64,3.0,7.4,14.0,1.58,True,True,True,True,False,Strong Green,above_mid,998.25,1004.7
SCI,Shipping Corporation Of India Limited,NSE,2026-02-09,True,73.2,89.8,19.5,45.1,17.1,0.674,10.0,4.1,15.76,19.04,18.58,20.77,4.414,141.0,10.0,16.9,37.41,5.44,3.0,11.6,0.0,3.05,True,True,True,False,True,Morning Star,upper,265.25,280.5
SOUTHWEST,South West Pinnacle Exploration Limited,NSE,2025-10-24,True,61.1,100.0,21.7,22.7,14.5,-0.161,9.2,4.32,5.17,5.74,3.75,1.45,1.709,104.2,6.0,20.9,2.22,14.62,3.0,8.2,3.0,4.18,True,True,True,True,False,Green,upper,140.02,164.0
AETHER,Aether Industries Limited,NSE,2025-11-14,True,76.3,75.6,29.1,47.3,8.0,0.18,6.8,2.8,9.21,10.61,11.11,6.83,5.75,145.7,39.0,13.6,22.26,10.61,3.0,6.1,0.0,1.72,True,True,True,True,True,Three White Soldiers,upper,838.9,938.5
SENORES,Senores Pharmaceuticals Limited,NSE,2026-04-09,True,59.2,89.5,17.9,24.6,21.9,-0.107,10.4,3.97,3.51,4.66,3.93,9.61,6.837,99.6,130.0,11.1,3.42,8.12,3.0,6.8,8.0,1.75,True,True,True,False,True,Green,upper,805.35,876.5
STEELCAS,Steelcast Limited,NSE,2026-02-03,True,68.5,85.2,22.6,43.8,17.6,-0.015,11.8,5.48,18.22,19.55,17.35,16.84,3.814,123.3,8.0,20.7,10.76,5.18,3.0,13.4,0.0,3.18,True,True,True,True,False,Green,upper,242.55,255.8
SAIPARENT,,,,,,,,,,,,,,,,,,,,,,,,,,,,,,,,,,,
KRISHANA,Krishana Phoschem Limited,NSE,2026-02-11,True,61.0,100.0,13.3,29.3,15.3,0.179,12.0,3.47,4.63,5.25,3.69,11.73,5.656,113.8,89.0,30.4,1.55,15.87,3.0,5.7,1.0,2.18,True,True,True,False,True,Three White Soldiers,upper,520.75,619.0
GMDCLTD,Gujarat Mineral Development Corporation Limited,NSE,2025-09-03,True,63.9,90.1,22.0,32.6,14.4,0.032,11.8,4.31,6.78,8.74,12.39,,2.619,118.6,3.0,15.3,1.75,2.69,3.0,5.0,31.0,2.32,True,False,True,True,True,Three White Soldiers,upper,459.7,472.4
TARIL,Transformers And Rectifiers (India) Limited,NSE,2026-02-04,False,47.9,76.6,27.0,20.2,26.0,-0.344,8.2,5.85,4.81,0.36,-10.19,-36.11,1.171,50.7,2.0,34.8,0.56,56.93,3.0,34.0,23.0,3.1,True,True,True,True,False,Bullish Engulfing,above_mid,255.86,594.0
HAPPYFORGE,Happy Forgings Limited,NSE,2025-10-21,True,68.6,100.0,18.7,33.9,14.2,0.207,5.8,2.8,5.83,7.06,7.75,8.57,6.686,113.0,29.0,11.9,2.74,5.13,3.0,7.4,2.0,1.56,True,True,True,True,False,Three White Soldiers,upper,1014.2,1069.0
GLAND,Gland Pharma Limited,NSE,2026-04-17,True,61.7,89.6,19.5,29.9,17.3,0.136,11.4,3.14,3.23,4.37,3.91,1.67,12.751,99.1,17.0,19.8,1.62,15.65,3.0,7.7,13.0,1.18,True,False,True,True,False,Strong Green,upper,1797.4,2131.0
HINDALCO,Hindalco Industries Limited,NSE,2025-08-18,True,64.1,92.2,14.4,27.7,16.4,0.14,10.8,2.22,3.35,4.09,5.52,,1.708,112.3,1.0,2.8,1.54,0.67,3.0,4.8,0.0,1.86,False,False,True,True,True,Strong Green,upper,714.15,719.0
539730,Fredun Pharmaceuticals Ltd,BSE,2025-08-22,True,81.9,52.6,56.4,40.3,3.6,0.216,11.6,4.79,14.11,20.27,31.81,,8.404,124.2,7.0,10.2,2.17,1.64,3.0,10.2,66.0,1.41,True,False,True,True,True,Strong Green,upper,1254.05,1275.0
ZENTEC,Zen Technologies Limited,NSE,2026-04-09,True,66.6,87.9,19.6,30.7,16.0,0.101,11.2,4.15,7.94,9.65,11.08,3.59,11.203,115.5,56.0,16.6,6.0,32.4,3.0,12.8,0.0,1.27,True,True,True,True,True,Green,upper,1533.2,2268.0
GAEL,Gujarat Ambuja Exports Limited,NSE,2025-11-10,True,63.7,96.6,21.5,23.2,8.4,0.095,11.4,2.91,2.9,4.11,4.31,0.31,0.667,103.8,17.0,12.0,3.51,14.62,3.0,4.3,1.0,4.68,True,True,False,False,False,Three White Soldiers,upper,111.64,130.75
WELSPLSOL,,,,,,,,,,,,,,,,,,,,,,,,,,,,,,,,,,,
VETO,Veto Switchgears And Cables Limited,NSE,2026-04-28,True,64.5,53.9,15.8,23.2,17.5,-0.015,11.2,3.94,4.16,7.16,8.35,1.4,0.798,85.0,18.0,26.5,1.77,21.63,3.0,6.7,5.0,4.7,True,True,False,True,False,Green,above_mid,110.5,141.0
JINDALPOLY,Jindal Poly Films Limited,NSE,2026-02-17,True,75.8,100.0,26.3,42.7,9.6,0.139,3.6,4.28,11.64,15.67,11.43,-10.09,12.849,116.9,18.0,33.5,1.22,41.91,3.0,27.7,4.0,2.22,True,True,True,True,False,Three White Soldiers,upper,501.0,862.5
AMBIKCO,Ambika Cotton Mills Limited,NSE,2026-01-22,False,53.3,33.3,32.9,37.2,20.7,-0.249,0.2,3.75,4.09,2.2,-1.24,-10.63,-1.884,63.7,1.0,15.9,2.31,27.14,3.0,6.8,89.0,1.42,False,True,False,True,False,Morning Star,above_mid,1238.6,1700.0
UNIPARTS,Uniparts India Limited,NSE,2025-08-19,True,69.0,95.7,32.6,29.6,13.4,0.14,1.2,3.57,7.33,9.61,10.76,,6.63,102.6,1.0,7.8,1.4,1.86,3.0,20.2,83.0,2.44,True,False,True,True,True,Bullish Marubozu,upper,413.6,421.45
MMWL,,,,,,,,,,,,,,,,,,,,,,,,,,,,,,,,,,,
FOCUS,Focus Lighting and Fixtures Limited,NSE,2026-04-15,True,67.8,89.7,16.7,29.9,14.4,-0.168,8.2,4.78,10.33,12.36,10.56,-7.39,1.005,114.3,9.0,23.2,1.26,41.11,3.0,16.4,0.0,5.72,False,True,True,True,False,Strong Green,upper,74.29,126.15
AKUMS,Akums Drugs and Pharmaceuticals Limited,NSE,2026-02-16,True,66.1,63.3,29.0,35.1,14.6,0.141,11.4,3.12,3.68,5.73,7.07,-0.27,2.937,96.8,57.0,14.6,25.95,23.4,3.0,10.2,9.0,2.28,True,True,True,True,False,Green,upper,477.2,622.95
SANSTAR,Sanstar Limited,NSE,2026-05-08,True,73.2,99.8,31.0,29.3,12.0,0.303,5.2,3.11,4.41,7.48,9.5,5.11,0.612,107.6,26.0,19.2,2.29,11.03,3.0,4.6,19.0,5.05,True,True,True,True,False,Three White Soldiers,upper,95.46,107.29
PIRAMALFIN,Piramal Finance Limited,NSE,2025-11-11,False,100.0,,,,,,,,,,,,,,2.0,4.8,1.34,0.16,0.0,,,1.31,True,False,True,True,False,Three White Soldiers,n/a,1456.1,1458.5
GROWW,Billionbrains Garage Ventures Limited,NSE,2026-04-08,True,65.5,96.1,12.1,30.1,17.2,0.28,11.6,4.16,8.67,10.68,11.51,,2.085,126.2,99.0,16.7,3.08,6.6,3.0,9.0,2.0,3.68,True,False,True,True,False,Strong Green,upper,181.01,193.8
KEI,KEI Industries Limited,NSE,2026-02-03,False,59.9,77.1,34.0,34.8,22.8,-0.107,1.0,3.56,6.76,5.36,4.47,8.1,7.648,68.6,5.0,18.1,3.08,4.8,3.0,14.4,30.0,0.76,False,True,True,False,True,Inverted Hammer,above_mid,4367.0,4587.3
PREMIERPOL,Premier Polyfilm Limited,NSE,2026-01-13,True,68.9,62.9,14.6,30.9,15.5,0.456,9.2,5.63,13.78,15.73,14.63,-2.39,0.586,145.9,38.0,21.6,28.14,38.82,3.0,7.1,6.0,7.02,True,True,True,True,False,Bullish Marubozu,upper,49.03,80.14
GAUDIUMIVF,Gaudium IVF and Women Health Limited,NSE,2026-04-16,True,73.4,100.0,27.8,32.1,14.9,0.076,5.8,7.55,13.68,21.43,,,,105.6,14.0,30.6,1.94,2.51,2.0,13.1,0.0,4.84,True,False,True,True,False,Three White Soldiers,upper,104.12,106.8
ANGELONE,Angel One Limited,NSE,2025-10-14,True,63.0,100.0,22.3,32.8,15.2,0.147,2.0,2.94,5.07,5.87,1.87,,3.288,113.5,10.0,23.2,4.07,26.8,3.0,7.7,2.0,3.2,True,True,True,False,True,Three White Soldiers,upper,240.46,328.5
RICOAUTO,Rico Auto Industries Limited,NSE,2025-11-12,True,61.0,100.0,21.5,35.4,20.1,0.18,12.0,3.58,8.15,7.2,5.38,9.77,0.879,116.0,4.0,29.4,7.84,17.85,3.0,12.1,0.0,5.11,True,True,True,True,True,Bullish Engulfing,upper,93.06,113.28
GANDHAR,Gandhar Oil Refinery (India) Limited,NSE,2026-04-02,False,43.7,60.7,20.6,18.8,29.5,-0.158,12.0,4.81,0.44,-2.64,-7.29,-14.48,0.045,35.9,2.0,28.0,0.58,31.4,3.0,16.6,62.0,4.39,True,True,False,True,False,Green,below_mid,126.52,184.42
MCL,Madhav Copper Limited,NSE,2025-12-15,True,70.2,96.9,21.4,32.5,11.6,0.217,11.0,4.28,10.7,12.35,10.07,3.9,0.826,130.9,15.0,34.9,9.01,18.72,3.0,8.0,1.0,6.79,True,True,True,True,False,Strong Green,upper,52.42,64.49
TCIFINANCE,TCI Finance Limited,NSE,2025-12-17,True,73.3,79.0,17.7,23.9,15.6,0.447,1.2,6.24,15.76,17.51,14.85,2.42,0.189,155.2,14.0,28.6,18.26,28.62,3.0,7.6,0.0,13.17,True,True,False,True,False,Bullish Engulfing,upper,13.44,18.83
GRAPHITE,Graphite India Limited,NSE,2025-12-29,True,69.4,100.0,18.2,36.3,14.5,0.057,11.8,3.09,5.91,7.68,7.77,10.28,7.334,119.8,82.0,15.4,10.3,7.68,3.0,5.6,4.0,2.03,True,True,True,False,False,Three White Soldiers,upper,601.75,651.8
NELCAST,Nelcast Limited,NSE,2026-02-03,True,66.5,98.1,36.2,29.8,19.0,0.049,1.8,4.84,15.49,13.87,6.77,-7.22,1.358,108.9,3.0,24.8,8.07,39.66,3.0,10.1,0.0,4.73,True,True,True,True,False,Green,upper,109.16,180.9
DHANBANK,Dhanlaxmi Bank Limited,NSE,2026-04-08,True,63.4,100.0,36.8,31.3,22.7,-0.023,1.0,4.67,8.53,9.63,7.14,-1.53,0.386,100.6,5.0,20.8,3.58,25.07,3.0,16.7,2.0,9.72,True,True,True,True,False,Three White Soldiers,upper,25.1,33.5
MENONBE,Menon Bearings Limited,NSE,2026-04-08,False,48.4,46.8,22.8,16.5,23.3,-0.243,12.0,4.92,2.02,-0.26,-2.03,-3.28,-0.422,41.4,5.0,21.4,0.91,22.12,3.0,20.5,17.0,4.64,False,True,True,False,False,Green,below_mid,113.62,145.9
RSWM,RSWM Limited,NSE,2026-04-10,True,69.4,100.0,24.0,40.1,19.1,-0.038,1.4,4.15,13.71,14.65,11.55,4.3,3.004,120.3,7.0,27.7,5.55,17.99,3.0,8.1,0.0,3.95,True,True,True,True,False,Bullish Marubozu,upper,157.04,191.49
DIVGIITTS,Divgi Torqtransfer Systems Limited,NSE,2026-02-11,True,67.1,96.0,24.8,25.3,9.0,0.107,10.2,3.19,3.71,5.79,6.57,7.12,5.246,107.5,34.0,14.8,1.74,7.14,3.0,5.5,8.0,1.95,True,False,True,False,False,Three White Soldiers,upper,650.05,700.0
540545,Guru Krupa Gems and Jewellery Ltd,BSE,2025-10-23,True,70.5,100.0,14.1,15.6,16.3,0.619,12.0,5.32,5.27,8.16,12.7,34.86,0.254,106.8,17.0,12.0,5.31,0.65,3.0,5.2,3.0,10.17,True,True,True,True,False,Strong Green,upper,23.0,23.15
SAREGAMA,Saregama India Limited,NSE,2026-04-27,True,64.3,97.8,17.9,25.9,11.7,0.012,10.6,3.66,4.24,6.08,5.9,-8.27,3.055,102.3,13.0,16.7,1.99,40.35,3.0,16.7,0.0,2.62,True,True,True,True,True,Bullish Engulfing,upper,359.7,603.0
AMANTA,Amanta Healthcare Limited,NSE,2026-04-02,True,65.7,100.0,12.0,23.4,10.6,0.389,2.4,4.49,6.7,7.74,5.5,,1.376,122.5,10.0,14.6,2.1,30.01,3.0,6.9,1.0,4.76,True,True,True,True,False,Three White Soldiers,upper,108.07,154.4
LINCOLN,Lincoln Pharmaceuticals Limited,NSE,2026-02-10,True,70.5,86.4,27.9,47.7,14.9,0.072,1.6,3.63,10.99,12.63,10.77,-1.4,7.311,131.7,8.0,14.2,5.39,33.83,3.0,9.1,6.0,2.15,True,True,True,True,False,Strong Green,upper,535.15,808.8
AARTIIND,Aarti Industries Limited,NSE,2026-01-30,False,58.0,98.9,21.4,29.0,20.9,0.098,12.0,2.58,4.16,3.42,1.42,-5.06,1.355,78.2,6.0,13.9,2.45,24.86,3.0,6.7,0.0,2.58,False,True,False,True,False,Tweezer Bottom,above_mid,371.95,495.0
ATGL,Adani Total Gas Limited,NSE,2026-03-11,True,64.7,39.3,30.4,39.8,24.3,0.686,10.6,3.44,12.4,10.65,6.32,-3.98,2.283,103.4,2.0,19.9,51.25,28.96,3.0,6.3,0.0,2.09,True,True,False,True,False,Bullish Marubozu,upper,566.9,798.0
SAMMAANCAP,Sammaan Capital Limited,NSE,2025-09-02,True,68.5,100.0,13.6,37.8,14.9,0.19,10.0,4.05,11.16,12.34,11.55,,1.7,137.9,3.0,19.1,6.83,15.66,3.0,5.9,0.0,4.19,True,False,True,True,False,Three White Soldiers,upper,139.36,165.24
TIPSMUSIC,Tips Music Limited,NSE,2026-04-17,True,67.0,98.3,17.0,31.8,16.6,0.199,11.6,3.76,6.06,8.94,9.72,4.39,7.567,109.3,107.0,22.7,2.15,18.45,3.0,6.8,18.0,2.06,True,True,True,True,False,Three White Soldiers,upper,585.55,718.0
KISSHT,,,,,,,,,,,,,,,,,,,,,,,,,,,,,,,,,,,
HCC,Hindustan Construction Company Limited,NSE,2026-04-08,True,55.7,100.0,27.7,24.2,22.4,-0.01,1.0,5.26,8.0,6.55,-1.59,-25.45,0.299,103.8,5.0,34.7,1.32,55.2,3.0,10.8,55.0,11.82,True,False,True,True,False,Three White Soldiers,upper,16.75,37.39
OLAELEC,Ola Electric Mobility Limited,NSE,2026-04-02,True,60.3,89.1,23.0,34.4,14.6,0.186,2.4,6.12,13.43,13.14,1.49,-29.97,0.667,137.5,2.0,32.9,6.59,60.22,3.0,6.2,1.0,9.17,True,False,True,True,False,Strong Green,upper,28.34,71.25
CUMMINSIND,Cummins India Limited,NSE,2026-02-05,True,65.0,100.0,29.4,31.0,21.4,0.169,3.4,3.22,5.63,6.02,4.66,12.6,47.554,129.7,116.0,4.3,2.74,4.85,3.0,4.8,4.0,0.75,True,False,True,True,True,Strong Green,upper,4391.4,4615.0
530145,Kisan Mouldings Ltd,BSE,2026-04-20,True,71.5,83.4,30.0,34.6,8.8,0.102,11.0,7.13,15.99,23.22,25.81,7.33,0.792,111.1,12.0,31.5,5.63,35.9,3.0,12.8,8.0,8.45,True,False,True,True,False,Strong Green,upper,33.59,52.4
CRAFTSMAN,Craftsman Automation Limited,NSE,2025-11-11,False,70.1,90.1,17.7,34.0,14.3,0.189,3.4,3.1,5.29,6.59,7.65,19.38,51.633,120.9,17.0,11.8,9.79,2.75,3.0,6.5,0.0,0.59,True,True,True,True,True,Bullish Engulfing,upper,7175.5,7378.5
JSWENERGY,JSW Energy Limited,NSE,2026-03-12,True,64.0,74.3,11.1,35.6,17.4,0.246,6.2,3.31,5.46,6.51,6.75,2.39,2.095,129.4,31.0,18.4,9.64,10.48,3.0,8.2,0.0,2.18,True,True,True,True,True,Bullish Engulfing,upper,518.3,579.0
SANDHAR,Sandhar Technologies Limited,NSE,2026-05-07,True,63.7,84.3,16.4,33.5,15.7,-0.004,11.2,3.42,4.62,6.39,6.51,5.39,3.205,116.1,178.0,29.4,3.25,12.1,3.0,4.2,0.0,2.16,True,True,True,False,True,Strong Green,upper,528.3,601.0
540252,Viram Suvarn Ltd,BSE,2026-01-12,True,62.7,82.3,16.8,14.0,30.3,0.102,5.8,5.42,5.03,6.14,6.59,2.05,0.057,111.9,29.0,11.6,10.96,22.14,3.0,10.7,0.0,16.17,True,True,False,,False,Bullish Engulfing,upper,8.72,11.2
SURYODAY,Suryoday Small Finance Bank Limited,NSE,2026-02-26,False,44.9,34.0,23.9,25.7,25.4,-0.184,0.4,3.91,2.32,-1.28,-5.15,-6.83,-0.681,38.9,2.0,23.0,5.35,22.08,3.0,10.7,45.0,4.41,False,True,False,True,False,Morning Star,below_mid,125.83,161.48
GUJALKALI,Gujarat Alkalies and Chemicals Limited,NSE,2026-03-20,True,70.0,83.3,33.0,45.6,15.0,0.37,7.4,5.1,16.07,16.98,14.32,1.07,7.1,119.0,3.0,16.8,9.67,22.93,3.0,11.8,0.0,2.14,True,True,True,True,False,Three White Soldiers,upper,538.25,698.4
RAMRAT,Ram Ratna Wires Limited,NSE,2026-03-05,True,74.2,100.0,21.4,23.5,16.9,0.101,10.4,3.82,6.04,8.82,11.08,11.1,2.147,116.1,30.0,23.2,1.54,11.74,3.0,4.5,17.0,2.67,True,True,True,True,True,Three White Soldiers,upper,346.85,392.98
RISHABH,Rishabh Instruments Limited,NSE,2025-08-14,True,79.2,85.9,21.0,41.5,9.0,0.828,12.0,4.29,18.02,21.3,23.67,,5.094,153.0,2.0,10.0,95.01,0.0,3.0,5.9,1.0,2.63,True,False,True,True,False,Bullish Marubozu,upper,357.8,357.8
SUPRIYA,Supriya Lifescience Limited,NSE,2026-04-27,True,66.8,80.4,22.1,30.8,14.7,0.159,5.2,4.27,8.1,11.07,10.23,2.95,8.086,116.1,21.0,27.3,5.69,15.37,3.0,4.6,0.0,1.88,True,False,True,True,False,Strong Green,upper,704.45,832.4
TIMEX,,,,,,,,,,,,,,,,,,,,,,,,,,,,,,,,,,,
AVADHSUGAR,Avadh Sugar & Energy Limited,NSE,2026-03-04,True,76.6,100.0,27.9,47.0,9.6,0.28,5.8,4.68,13.68,17.57,16.58,1.47,7.976,124.5,29.0,22.1,18.32,29.76,3.0,9.5,2.0,2.45,True,True,True,True,True,Three White Soldiers,upper,410.4,584.25
STLNETWORK,STL Networks Limited,NSE,2026-04-10,True,64.8,100.0,17.3,37.9,15.5,-0.323,9.8,5.19,10.88,12.29,8.17,,0.424,113.7,7.0,35.0,1.97,39.92,3.0,21.2,0.0,10.53,True,True,True,True,False,Green,upper,21.27,35.4
RHETAN,Rhetan TMT Limited,NSE,2025-10-31,False,73.9,30.5,,17.9,2.7,-0.316,4.6,4.35,3.51,5.29,,,,117.1,23.0,9.2,0.84,1.65,2.0,4.9,,10.08,True,False,True,True,False,Green,upper,23.31,23.7
511523,Veerhealth Care Ltd,BSE,2025-11-26,False,62.8,33.3,15.0,24.4,13.1,-0.158,10.0,4.87,6.95,6.57,4.38,3.75,0.072,116.9,1.0,19.3,2.4,19.94,3.0,20.1,0.0,11.14,False,False,False,False,True,Bullish Marubozu,upper,19.03,23.77
JETFREIGHT,Jet Freight Logistics Limited,NSE,2025-11-13,True,72.9,93.9,18.6,27.9,9.2,0.206,1.4,5.03,9.7,11.39,10.27,3.26,0.183,138.5,7.0,18.6,11.91,22.99,3.0,6.6,3.0,12.71,True,True,False,False,True,Bullish Engulfing,upper,14.4,18.7
SIS,SIS LIMITED,NSE,2026-03-25,False,45.8,67.8,37.7,16.4,28.9,0.157,10.0,3.73,2.2,-0.77,-5.96,-13.38,0.898,47.5,2.0,28.4,0.53,28.85,3.0,8.0,37.0,2.93,False,True,True,True,False,Strong Green,below_mid,285.9,401.85
SONAMLTD,SONAM LIMITED,NSE,2026-02-17,True,66.3,97.4,25.5,26.1,5.8,0.074,12.0,5.32,6.88,9.13,9.19,0.92,0.521,119.4,84.0,30.8,4.44,19.84,3.0,4.9,6.0,7.26,True,True,False,True,False,Green,upper,45.61,56.9
CHENNPETRO,Chennai Petroleum Corporation Limited,NSE,2025-10-06,True,77.4,72.1,38.0,31.9,10.5,-0.06,11.6,2.94,5.05,8.11,12.26,,2.869,118.7,33.0,22.4,2.15,0.51,3.0,5.6,24.0,1.75,True,True,True,True,True,Strong Green,upper,807.7,811.8
CALSOFT,California Software Company Limited,NSE,2026-05-07,True,91.3,100.0,38.0,63.6,6.5,0.762,8.6,4.94,31.8,53.1,64.87,58.34,1.154,119.0,22.0,27.3,2.59,0.0,3.0,12.1,5.0,10.17,True,True,True,True,False,Bullish Pin Bar,upper,22.91,22.91
VIYASH,Viyash Scientific Limited,NSE,2025-10-08,True,72.2,70.0,27.3,40.0,13.4,0.02,5.4,3.56,7.43,10.86,14.83,,1.403,108.1,27.0,14.7,6.71,2.25,3.0,12.3,22.0,3.38,True,False,True,True,True,Morning Star,upper,215.49,220.45
KTKBANK,The Karnataka Bank Limited,NSE,2025-09-10,True,57.7,91.7,27.0,25.6,18.2,-0.263,2.0,1.62,2.16,2.03,-0.88,,1.276,116.3,17.0,19.5,1.82,17.08,3.0,2.3,7.0,3.7,True,True,True,False,False,Morning Star,upper,178.7,215.5
IBULLSLTD,Indiabulls Limited,NSE,2026-04-10,True,64.8,94.7,28.3,35.7,10.3,-0.161,1.4,7.16,12.7,17.33,11.38,-14.18,0.272,119.7,29.0,49.7,3.4,42.82,3.0,15.7,4.0,13.83,True,True,False,True,False,Green,upper,12.15,21.25
SKIPPER,Skipper Limited,NSE,2026-04-15,True,66.5,96.8,13.8,32.0,19.0,0.103,4.6,4.25,7.12,10.25,8.64,-6.55,6.387,112.7,23.0,24.8,1.77,31.65,3.0,7.7,4.0,2.48,True,True,True,True,False,Strong Green,upper,401.9,588.0
WSTCSTPAPR,West Coast Paper Mills Limited,NSE,2026-03-20,True,61.3,96.7,17.7,27.7,16.1,0.073,12.0,3.69,5.6,6.25,5.34,-2.68,3.977,101.8,9.0,19.3,1.81,25.45,3.0,5.0,2.0,2.38,True,True,True,True,False,Bullish Engulfing,upper,434.65,583.0
GKSL,Gujarat Kidney And Super Speciality Limited,NSE,2026-04-16,True,61.8,78.7,19.7,29.2,14.2,0.034,11.4,3.17,3.93,4.86,4.98,,0.827,108.4,53.0,20.0,2.34,8.89,3.0,6.5,0.0,4.67,True,False,True,True,False,Green,upper,112.06,123.0
QUADFUTURE,Quadrant Future Tek Limited,NSE,2025-12-19,False,45.9,34.8,25.6,33.4,28.6,0.22,6.6,5.19,4.68,-0.16,-10.65,-29.27,1.277,49.2,1.0,35.0,66.47,62.08,3.0,21.0,75.0,2.96,True,True,False,True,False,Strong Green,below_mid,282.1,744.0
GCSL,Gretex Corporate Services Limited,NSE,2025-11-11,True,68.8,100.0,41.8,39.9,5.7,0.129,4.6,7.51,20.69,26.13,,,9.577,131.8,15.0,35.0,3.8,5.0,2.0,21.8,1.0,2.79,True,True,True,True,False,Three White Soldiers,upper,316.65,333.3
POWERICA,,,,,,,,,,,,,,,,,,,,,,,,,,,,,,,,,,,
TATASTEEL,Tata Steel Limited,NSE,2025-12-31,True,67.2,99.0,17.6,37.1,17.1,0.137,3.0,1.92,4.16,5.3,5.47,11.0,1.316,113.0,85.0,9.3,2.15,3.67,3.0,3.2,12.0,3.69,True,True,True,True,True,Three White Soldiers,upper,180.08,186.94
GALAPREC,Gala Precision Engineering Limited,NSE,2026-05-05,True,66.2,65.4,14.6,32.1,14.6,0.138,4.6,3.55,6.52,7.82,8.49,2.49,4.196,112.8,65.0,16.8,3.69,16.49,3.0,8.3,12.0,1.74,False,True,True,True,True,Strong Green,upper,818.35,980.0
KDDL,KDDL Limited,NSE,2026-04-22,True,66.8,93.9,16.8,25.5,13.1,-0.015,2.8,4.34,6.38,9.32,9.93,4.07,32.223,102.2,14.0,23.6,3.19,17.99,3.0,10.5,7.0,0.99,True,True,True,True,False,Morning Star,upper,2551.4,3110.9
PFC,Power Finance Corporation Limited,NSE,2026-01-28,True,61.9,40.7,21.3,34.9,18.8,0.206,5.4,2.55,4.16,4.83,4.56,-1.87,0.155,98.1,27.0,19.8,2.07,13.75,3.0,7.3,0.0,2.54,False,True,True,True,True,Bullish Marubozu,upper,383.05,444.1
MMFL,MM Forgings Limited,NSE,2026-01-02,True,73.1,42.0,42.3,35.4,10.5,0.239,10.6,3.69,7.2,9.75,14.73,12.76,-0.217,131.1,38.0,14.7,7.74,17.47,3.0,7.4,30.0,2.5,True,False,True,True,True,Bullish Engulfing,upper,394.45,477.95
AEROENTER,Aeroflex Enterprises Limited,NSE,2026-04-09,True,61.5,98.3,15.8,31.5,16.8,0.141,2.0,5.75,9.4,11.18,7.85,-2.9,1.639,103.8,6.0,26.0,1.41,28.63,3.0,23.0,0.0,5.47,True,False,True,True,False,Three White Soldiers,upper,81.29,113.9
MAWANASUG,Mawana Sugars Limited,NSE,2026-03-27,True,64.4,74.3,16.8,31.8,13.5,0.002,4.0,4.34,6.88,8.31,7.8,1.09,0.719,122.7,8.0,12.2,7.72,22.09,3.0,8.2,0.0,5.3,True,True,False,True,False,Morning Star,upper,86.87,111.5
EXICOM,Exicom Tele-Systems Limited,NSE,2026-04-08,True,60.0,99.7,13.3,27.9,17.8,-0.167,3.8,5.82,9.46,9.46,3.15,-23.44,1.473,114.5,5.0,29.3,1.12,55.53,3.0,11.7,0.0,5.03,False,True,True,True,False,Green,upper,96.51,217.0
TRUALT,TruAlt Bioenergy Limited,NSE,2026-02-06,True,63.4,92.7,28.0,34.8,22.9,0.136,1.8,5.33,9.25,11.6,7.43,,9.439,106.2,9.0,30.3,3.93,20.24,3.0,15.8,0.0,2.41,True,True,True,True,False,Green,upper,426.3,534.5
ATALREAL,Atal Realtech Limited,NSE,2025-09-22,False,67.2,86.6,16.0,25.3,12.2,0.185,12.0,4.09,5.56,6.56,7.87,,0.115,133.3,15.0,12.6,8.55,4.1,3.0,3.8,84.0,10.73,True,True,True,True,False,Green,upper,20.6,21.48
530689,Lykis Ltd,BSE,2025-12-18,True,82.9,100.0,26.9,31.0,9.5,0.409,4.0,6.48,18.72,25.89,29.55,23.54,0.966,123.3,20.0,26.1,13.0,15.8,3.0,5.5,0.0,7.28,True,True,True,True,True,Strong Green,upper,45.46,53.99
