Stock,VCP Contractions,Pivot Price,3rd Leg confirmed (Y/N),Fib Extension Level,VCP+Leg Score (1-10)
MWL,C1:-9.4%/4b | C2:-5.5%/7b | C3:-2.9%/3b,385.15,N,0.74x,8.0
543916,C1:-21.8%/7b | C2:-9.7%/5b | C3:-8.6%/3b,446.0,Y,~1.618x,8.0
ADANIENT,C1:-13.5%/7b | C2:-5.7%/4b | C3:-4.5%/3b,3027.5,N,0.21x,8.0
SGFIN,C1:-12.6%/2b | C2:-9.2%/1b | C3:-6.8%/6b,596.8,N,2.21x,7.0
VIYASH,C1:-6.9%/2b | C2:-4.1%/3b | C3:-5.3%/1b,268.17,Y,1.86x,7.0
VETO,C1:-6.7%/2b | C2:-7.1%/3b | C3:-8.4%/4b,129.45,Y,1.41x,7.0
NINSYS,C1:-16.7%/12b | C2:-12.3%/4b | C3:-6.8%/1b,739.75,N,~1.618x,7.0
LOKESHMACH,C1:-14.5%/4b | C2:-10.4%/7b | C3:-7.5%/7b,264.89,N,0.90x,7.0
SAIL,C1:-13.8%/5b | C2:-10.3%/1b | C3:-7.2%/5b,208.45,N,0.56x,7.0
POLYCAB,C1:-8.9%/3b | C2:-3.2%/3b | C3:-2.8%/2b,9696.0,N,0.36x,7.0
VIJAYA,C1:-5.5%/2b | C2:-8.1%/3b | C3:-12.1%/6b,1379.3,Y,0.41x,7.0
500449,C1:-6.9%/2b | C2:-11.9%/4b | C3:-12.8%/4b,45.94,Y,1.01x,7.0
IOLCP,C1:-9.5%/2b | C2:-7.9%/2b | C3:-12.5%/4b,138.9,Y,4.37x,7.0
NIBE,C1:-29.0%/12b | C2:-11.1%/6b | C3:-10.0%/3b,1470.0,Y,2.01x,7.0
ASTRAMICRO,C1:-5.0%/1b | C2:-8.1%/7b | C3:-9.2%/1b,1433.0,N,~1.272x,7.0
SIGMAADV,C1:-20.3%/11b | C2:-14.7%/5b | C3:-12.9%/6b,338.95,Y,5.26x,7.0
SANSTAR,C1:-9.0%/2b | C2:-4.6%/5b | C3:-14.5%/2b,120.0,Y,~1.272x,7.0
KDDL,C1:-14.0%/8b | C2:-15.0%/7b | C3:-9.3%/3b,2952.8,N,~1.272x,7.0
ABSLAMC,C1:-9.1%/4b | C2:-8.6%/2b | C3:-7.0%/1b,1089.5,N,4.52x,7.0
APCOTEXIND,C1:-3.8%/3b | C2:-16.3%/4b | C3:-8.8%/8b,523.0,Y,2.29x,7.0
ABB,C1:-15.5%/6b | C2:-2.0%/3b | C3:-4.6%/1b,7340.0,N,0.40x,6.0
PANACEABIO,C1:-6.8%/2b | C2:-12.3%/3b | C3:-8.6%/7b,432.0,N,~1.272x,6.0
ACMESOLAR,C1:-13.7%/2b | C2:-6.0%/4b | C3:-14.8%/17b,314.0,N,~1.272x,6.0
IFCI,C1:-15.9%/6b | C2:-6.5%/5b | C3:-7.7%/6b,65.66,N,~1.618x,6.0
538668,C1:-11.7%/8b | C2:-7.2%/8b | C3:-4.9%/4b,802.0,N,0.34x,6.0
EBGNG,C1:-17.7%/4b | C2:-10.5%/11b | C3:-9.2%/6b,464.75,N,0.53x,6.0
SAILIFE,C1:-6.4%/6b | C2:-5.8%/1b | C3:-4.5%/2b,1169.9,N,0.88x,6.0
MIDHANI,C1:-11.7%/2b | C2:-10.7%/3b | C3:-9.6%/1b,447.85,N,0.37x,6.0
STEELXIND,C1:-11.8%/2b | C2:-9.5%/3b | C3:-7.6%/2b,13.39,N,0.62x,6.0
SCI,C1:-11.1%/3b | C2:-11.8%/5b | C3:-14.6%/5b,351.7,N,0.38x,6.0
KRISHANA,C1:-7.4%/2b | C2:-6.0%/1b | C3:-5.2%/2b,692.0,N,0.22x,6.0
GLAND,C1:-7.7%/3b | C2:-6.3%/2b | C3:-7.2%/2b,2363.5,N,~1.272x,6.0
NARMADA,C1:-8.5%/3b | C2:-10.0%/2b | C3:-9.2%/1b,39.61,N,5.36x,6.0
BUILDPRO,C1:-13.8%/9b | C2:-12.4%/5b | C3:-5.0%/1b,1184.0,N,0.34x,6.0
FCL,C1:-14.6%/7b | C2:-3.3%/1b | C3:-14.4%/4b,29.49,Y,3.41x,6.0
SBCL,C1:-14.4%/4b | C2:-11.5%/3b | C3:-13.6%/3b,783.0,N,0.77x,6.0
SPECTRUM,C1:-32.2%/14b | C2:-5.8%/3b | C3:-5.7%/7b,1544.8,N,0.72x,6.0
CEMPRO,C1:-10.7%/2b | C2:-2.7%/2b | C3:-8.9%/4b,930.0,N,2.02x,6.0
GHCLTEXTIL,C1:-14.7%/5b | C2:-8.4%/4b | C3:-9.6%/3b,103.37,Y,0.70x,6.0
PREMEXPLN,C1:-2.2%/2b | C2:-13.0%/4b | C3:-18.1%/4b,779.5,Y,~1.618x,6.0
AFIL,C1:-15.5%/7b | C2:-11.7%/7b | C3:-6.7%/6b,9.39,N,1.78x,6.0
542669,C1:-9.8%/1b | C2:-11.1%/1b | C3:-5.9%/2b,55.98,N,0.34x,6.0
ADANIGREEN,C1:-10.3%/3b | C2:-4.4%/2b | C3:-5.1%/5b,1518.0,N,1.80x,6.0
PRECWIRE,C1:-9.3%/2b | C2:-9.9%/2b | C3:-9.2%/3b,460.0,N,1.82x,6.0
KOPRAN,C1:-5.1%/6b | C2:-11.4%/3b | C3:-11.3%/3b,219.0,N,0.64x,6.0
KRISHNADEF,C1:-18.4%/4b | C2:-11.8%/2b | C3:-9.6%/3b,1187.7,N,0.74x,6.0
KOTYARK,C1:-16.4%/10b | C2:-10.9%/6b | C3:-10.6%/6b,464.0,N,1.43x,6.0
NRBBEARING,C1:-18.8%/7b | C2:-9.3%/5b | C3:-9.4%/6b,388.5,N,0.41x,6.0
BSE,C1:-7.7%/2b | C2:-3.9%/5b | C3:-3.6%/3b,4425.0,N,0.26x,6.0
MAHABANK,C1:-8.8%/2b | C2:-11.3%/7b | C3:-6.4%/5b,82.2,N,0.34x,6.0
LLOYDSENGG,C1:-13.0%/2b | C2:-6.9%/6b | C3:-7.9%/4b,79.4,N,0.53x,6.0
INOXINDIA,C1:-10.0%/6b | C2:-10.5%/3b | C3:-7.3%/3b,1545.8,N,0.52x,6.0
STLTECH,C1:-11.5%/2b | C2:-9.7%/2b | C3:-5.7%/3b,425.3,N,0.25x,6.0
VENUSREM,C1:-14.5%/4b | C2:-9.7%/2b | C3:-10.8%/5b,1016.15,N,5.74x,6.0
CPPLUS,C1:-6.3%/2b | C2:-5.0%/2b | C3:-8.0%/3b,2555.0,N,~1.272x,6.0
OLAELEC,C1:-10.4%/7b | C2:-15.9%/5b | C3:-8.7%/5b,37.73,N,0.55x,6.0
540252,C1:-8.3%/3b | C2:-16.7%/2b | C3:-11.3%/8b,11.95,N,0.74x,6.0
ACUTAAS,C1:-18.5%/2b | C2:-5.1%/1b | C3:-5.0%/1b,2849.9,N,0.42x,6.0
SURYODAY,C1:-10.2%/2b | C2:-14.6%/10b | C3:-2.8%/3b,166.67,N,0.51x,6.0
JETFREIGHT,C1:-17.0%/11b | C2:-11.2%/9b | C3:-10.4%/7b,23.8,N,0.34x,6.0
SIS,C1:-5.8%/1b | C2:-9.3%/5b | C3:-6.1%/4b,409.5,N,0.37x,6.0
KTKBANK,C1:-10.8%/3b | C2:-6.6%/2b | C3:-13.3%/10b,274.0,N,2.96x,6.0
RSWM,C1:-5.1%/5b | C2:-12.9%/7b | C3:-9.3%/4b,185.0,N,0.69x,6.0
GCSL,C1:-9.1%/2b | C2:-8.3%/4b | C3:-7.7%/2b,424.0,N,0.20x,6.0
OMNI,C1:-7.6%/3b | C2:-20.2%/3b | C3:-13.4%/4b,454.0,N,3.68x,6.0
MAWANASUG,C1:-8.2%/3b | C2:-10.7%/2b | C3:-8.1%/3b,121.0,Y,0.66x,6.0
ATALREAL,C1:-7.3%/1b | C2:-5.4%/5b | C3:-4.2%/6b,30.1,N,0.47x,6.0
SANGINITA,C1:-22.9%/9b | C2:-11.3%/10b | C3:-7.9%/4b,25.85,N,0.90x,6.0
DEEDEV,C1:-24.1%/4b | C2:-9.3%/2b | C3:-10.9%/2b,508.0,N,~1.618x,6.0
540545,C1:-6.0%/3b | C2:-7.2%/5b | C3:-13.7%/4b,48.6,N,5.23x,6.0
RPTECH,C1:-11.7%/2b | C2:-7.9%/4b | C3:-6.9%/4b,575.0,N,1.04x,6.0
DHANBANK,C1:-6.2%/4b | C2:-9.1%/7b | C3:-7.8%/2b,34.3,N,0.47x,6.0
526775,C1:-15.1%/6b | C2:-13.3%/7b | C3:-6.8%/3b,1304.2,N,0.75x,6.0
PIRAMALFIN,C1:-8.4%/3b | C2:-7.3%/5b | C3:-4.8%/4b,1995.0,N,0.72x,6.0
BALAMINES,C1:-7.8%/3b | C2:-14.1%/3b | C3:-13.1%/5b,1956.0,Y,0.79x,6.0
RICOAUTO,C1:-5.2%/2b | C2:-15.2%/6b | C3:-14.5%/3b,126.6,N,1.09x,6.0
KEI,C1:-7.7%/5b | C2:-2.9%/3b | C3:-5.5%/3b,5455.0,N,0.32x,5.0
GRANULES,C1:-3.3%/2b | C2:-4.7%/2b | C3:-3.0%/3b,800.0,N,0.47x,5.0
IBULLSLTD,C1:-15.7%/3b | C2:-11.0%/5b | C3:-26.2%/11b,22.78,N,3.95x,5.0
NAHARSPING,C1:-6.3%/1b | C2:-10.3%/4b | C3:-13.3%/7b,263.16,N,0.48x,5.0
TATASTEEL,C1:-3.5%/3b | C2:-8.9%/4b | C3:-5.6%/2b,218.96,N,1.02x,5.0
SHREEJISPG,C1:-11.9%/2b | C2:-4.9%/4b | C3:-5.8%/4b,473.4,N,0.17x,5.0
NDLVENTURE,C1:-15.7%/5b | C2:-5.4%/2b | C3:-7.1%/4b,135.0,N,0.36x,5.0
GANESHBE,C1:-14.3%/6b | C2:-8.5%/2b | C3:-11.8%/9b,105.5,N,0.46x,5.0
PASUPTAC,C1:-5.6%/3b | C2:-9.9%/5b | C3:-7.8%/2b,70.6,N,0.72x,5.0
SKIPPER,C1:-9.2%/3b | C2:-7.7%/2b | C3:-11.8%/6b,471.9,N,4.70x,5.0
GOCLCORP,C1:-7.8%/2b | C2:-7.1%/2b | C3:-14.7%/8b,335.0,N,0.13x,5.0
AGIIL,C1:-6.1%/1b | C2:-16.1%/1b | C3:-12.2%/6b,394.45,N,0.78x,5.0
HINDALCO,C1:-4.6%/2b | C2:-3.7%/2b | C3:-6.1%/3b,1154.0,N,0.62x,5.0
LAURUSLABS,C1:-11.4%/5b | C2:-4.2%/3b | C3:-2.3%/2b,1363.4,N,0.74x,5.0
543542,C1:-5.9%/3b | C2:-4.8%/2b | C3:-4.5%/2b,1255.9,N,1.41x,5.0
GALAPREC,C1:-10.7%/7b | C2:-8.3%/5b | C3:-5.4%/5b,948.0,N,0.51x,5.0
DBOL,C1:-10.7%/4b | C2:-11.3%/5b | C3:-21.0%/17b,112.72,N,2.77x,5.0
DIACABS,C1:-6.7%/4b | C2:-8.6%/2b | C3:-13.9%/4b,210.0,N,0.52x,5.0
PARAS,C1:-7.8%/3b | C2:-17.7%/7b | C3:-8.3%/4b,881.95,N,0.63x,5.0
MTARTECH,C1:-8.1%/3b | C2:-12.9%/3b | C3:-7.6%/2b,8449.5,N,2.46x,5.0
PFC,C1:-5.5%/4b | C2:-6.8%/4b | C3:-7.6%/6b,443.65,N,1.45x,5.0
MMFL,C1:-17.1%/7b | C2:-7.0%/5b | C3:-15.6%/7b,477.0,N,~1.272x,5.0
ZENTEC,C1:-7.9%/2b | C2:-8.3%/4b | C3:-6.7%/3b,1721.7,N,0.76x,5.0
TRUALT,C1:-7.6%/2b | C2:-12.2%/12b | C3:-3.6%/5b,514.8,N,0.44x,5.0
INDOBORAX,C1:-5.2%/2b | C2:-9.5%/7b | C3:-8.0%/3b,339.0,N,0.27x,5.0
GAEL,C1:-5.3%/5b | C2:-9.8%/6b | C3:-9.8%/7b,168.15,N,~1.272x,5.0
BANDHANBNK,C1:-3.3%/1b | C2:-7.5%/2b | C3:-11.4%/8b,212.48,N,0.30x,5.0
NEPHROPLUS,C1:-12.3%/9b | C2:-11.4%/2b | C3:-4.9%/4b,626.75,N,2.56x,5.0
JINDALPOLY,C1:-17.3%/6b | C2:-9.6%/5b | C3:-9.9%/9b,718.45,N,0.05x,5.0
LLOYDSME,C1:-13.5%/6b | C2:-6.5%/6b | C3:-8.6%/4b,1888.6,N,3.71x,5.0
BHARATFORG,C1:-5.8%/3b | C2:-5.9%/3b | C3:-4.9%/2b,1967.8,N,1.84x,5.0
BLUSPRING,C1:-13.7%/9b | C2:-8.1%/3b | C3:-11.7%/2b,75.5,N,0.39x,5.0
ASIANENE,C1:-16.2%/6b | C2:-8.8%/2b | C3:-6.0%/2b,363.65,N,1.09x,5.0
DIVGIITTS,C1:-10.7%/5b | C2:-9.1%/5b | C3:-14.5%/6b,843.25,N,4.45x,5.0
GANDHAR,C1:-4.9%/6b | C2:-14.9%/4b | C3:-11.7%/6b,172.2,N,0.83x,5.0
SAREGAMA,C1:-6.7%/3b | C2:-11.8%/2b | C3:-11.0%/7b,443.0,N,2.00x,5.0
543828,C1:-15.6%/9b | C2:-6.9%/5b | C3:-10.0%/5b,36.95,N,0.16x,5.0
BELRISE,C1:-7.3%/4b | C2:-10.8%/3b | C3:-4.0%/3b,221.13,N,0.44x,5.0
544141,C1:-5.4%/3b | C2:-9.1%/7b | C3:-4.9%/3b,289.1,N,0.38x,5.0
ATGL,C1:-9.2%/1b | C2:-8.0%/1b | C3:-10.6%/4b,830.0,N,~1.618x,5.0
TIPSMUSIC,C1:-6.8%/3b | C2:-7.0%/3b | C3:-6.7%/1b,686.0,N,0.31x,5.0
SBC,C1:-2.5%/4b | C2:-2.2%/2b | C3:-4.7%/3b,40.15,N,~1.272x,5.0
MBAPL,C1:-9.7%/7b | C2:-9.8%/7b | C3:-6.4%/4b,561.0,N,0.22x,5.0
CUMMINSIND,C1:-6.7%/2b | C2:-5.1%/3b | C3:-7.2%/3b,6099.0,N,0.56x,5.0
530145,C1:-10.3%/6b | C2:-17.4%/5b | C3:-11.6%/8b,37.91,N,0.88x,5.0
JSWENERGY,C1:-8.2%/3b | C2:-9.1%/7b | C3:-12.4%/4b,608.9,N,0.50x,5.0
NAM-INDIA,C1:-8.7%/2b | C2:-7.4%/3b | C3:-3.1%/1b,1122.0,N,0.35x,5.0
UNIVCABLES,C1:-6.9%/2b | C2:-24.8%/6b | C3:-12.5%/4b,1239.0,N,1.08x,5.0
MCX,C1:-15.7%/4b | C2:-5.1%/6b | C3:-4.0%/3b,3451.9,N,0.70x,5.0
ANGELONE,C1:-7.3%/2b | C2:-8.0%/8b | C3:-11.3%/3b,344.75,N,0.31x,5.0
GUJALKALI,C1:-10.6%/2b | C2:-17.5%/5b | C3:-5.6%/2b,721.4,N,0.71x,5.0
AVADHSUGAR,C1:-7.9%/4b | C2:-6.4%/6b | C3:-9.3%/6b,485.0,N,1.46x,5.0
STLNETWORK,C1:-18.2%/5b | C2:-18.6%/3b | C3:-14.1%/3b,30.37,N,0.20x,5.0
RHETAN,C1:-5.1%/2b | C2:-19.5%/3b | C3:-4.8%/3b,30.52,N,1.94x,5.0
FOCUS,C1:-8.7%/4b | C2:-6.9%/4b | C3:-9.3%/5b,87.3,N,0.23x,5.0
SOUTHWEST,C1:-17.2%/5b | C2:-17.4%/4b | C3:-5.9%/3b,271.0,N,0.37x,5.0
531911,C1:-6.9%/4b | C2:-5.8%/5b | C3:-6.6%/3b,61.0,N,0.39x,5.0
PREMIERPOL,C1:-8.7%/5b | C2:-15.2%/5b | C3:-9.0%/5b,59.34,N,0.45x,5.0
KINGFA,C1:-10.4%/3b | C2:-4.7%/4b | C3:-4.6%/4b,5656.6,N,0.86x,5.0
SONAMLTD,C1:-10.8%/6b | C2:-7.2%/2b | C3:-8.6%/3b,59.18,N,1.00x,5.0
TARIL,C1:-11.9%/1b | C2:-13.2%/7b | C3:-6.2%/3b,329.6,N,0.33x,5.0
IDEA,C1:-9.3%/3b | C2:-3.2%/5b | C3:-2.9%/3b,14.29,N,1.79x,5.0
AKUMS,C1:-6.5%/1b | C2:-9.0%/8b | C3:-4.8%/2b,548.5,N,0.72x,5.0
530689,C1:-17.5%/5b | C2:-4.4%/4b | C3:-10.4%/6b,47.5,N,0.25x,5.0
KESORAMIND,C1:-13.3%/3b | C2:-10.2%/6b | C3:-14.1%/3b,13.68,N,~1.618x,5.0
UTLSOLAR,C1:-6.5%/2b | C2:-7.6%/1b | C3:-16.3%/11b,286.75,N,6.66x,5.0
SHILPAMED,C1:-5.4%/3b | C2:-5.8%/6b | C3:-8.2%/4b,529.8,N,0.30x,5.0
SHADOWFAX,C1:-7.4%/2b | C2:-6.8%/6b | C3:-12.4%/8b,211.77,N,1.97x,5.0
DATAPATTNS,C1:-9.4%/3b | C2:-14.3%/4b | C3:-9.8%/3b,4212.0,N,0.93x,5.0
HONASA,C1:-3.0%/3b | C2:-4.4%/7b | C3:-4.9%/3b,422.75,N,0.84x,5.0
GRWRHITECH,C1:-10.5%/4b | C2:-12.4%/3b | C3:-7.1%/2b,6166.0,N,0.21x,5.0
RUBYMILLS,C1:-6.7%/5b | C2:-12.2%/7b | C3:-9.2%/5b,273.1,N,0.74x,5.0
ADANIENSOL,C1:-10.4%/3b | C2:-10.0%/3b | C3:-12.5%/5b,1558.8,N,0.26x,5.0
TDPOWERSYS,C1:-10.2%/3b | C2:-10.6%/2b | C3:-11.3%/4b,1375.0,N,1.48x,5.0
SWANDEF,C1:-8.1%/5b | C2:-4.8%/3b | C3:-6.8%/5b,2163.2,N,0.11x,5.0
SCHNEIDER,C1:-6.9%/3b | C2:-7.4%/3b | C3:-11.4%/9b,1417.8,N,0.26x,5.0
WALCHANNAG,C1:-26.5%/20b | C2:-17.9%/5b | C3:-14.9%/4b,276.6,N,0.11x,5.0
JINDALSAW,C1:-12.3%/4b | C2:-12.3%/5b | C3:-12.6%/9b,249.45,N,0.97x,5.0
SEAMECLTD,C1:-7.9%/3b | C2:-8.8%/5b | C3:-9.5%/7b,1664.8,N,1.10x,5.0
APEX,C1:-10.9%/4b | C2:-10.5%/3b | C3:-11.0%/4b,473.9,N,2.44x,5.0
YASHO,C1:-18.2%/3b | C2:-6.6%/1b | C3:-10.7%/3b,2295.0,N,0.98x,5.0
ADVAIT,C1:-5.2%/3b | C2:-14.6%/6b | C3:-9.8%/5b,2124.0,N,0.29x,5.0
JNKINDIA,C1:-6.3%/3b | C2:-12.8%/4b | C3:-13.4%/7b,410.45,N,0.30x,5.0
PARACABLES,C1:-12.3%/5b | C2:-13.3%/5b | C3:-15.9%/3b,70.95,N,~1.272x,5.0
CEIGALL,C1:-7.7%/4b | C2:-18.3%/8b | C3:-10.1%/4b,376.0,N,0.69x,5.0
SATIN,C1:-7.2%/5b | C2:-12.4%/7b | C3:-4.4%/3b,224.98,N,1.02x,5.0
WELCORP,C1:-8.1%/3b | C2:-4.6%/3b | C3:-7.8%/1b,1357.7,N,0.80x,5.0
SGMART,C1:-7.9%/3b | C2:-10.7%/3b | C3:-5.8%/5b,626.0,N,0.14x,5.0
APOLLO,C1:-8.0%/4b | C2:-14.0%/5b | C3:-8.1%/3b,442.0,N,1.08x,5.0
CUPID,C1:-21.0%/3b | C2:-3.6%/3b | C3:-13.0%/2b,133.92,N,1.04x,5.0
543787,C1:-4.5%/8b | C2:-17.0%/3b | C3:-3.7%/2b,1168.0,N,0.25x,5.0
NITINSPIN,C1:-8.1%/2b | C2:-11.9%/3b | C3:-7.5%/6b,519.9,N,0.25x,5.0
SANSERA,C1:-7.9%/5b | C2:-11.0%/6b | C3:-6.6%/3b,2975.0,N,2.92x,5.0
GAYAPROJ,C1:-17.8%/5b | C2:-16.7%/11b,19.75,Y,0.52x,5.0
ONELIFECAP,C1:-5.7%/2b | C2:-12.9%/3b | C3:-9.7%/3b,29.04,N,0.20x,5.0
WHEELS,C1:-6.8%/3b | C2:-15.1%/5b | C3:-6.6%/2b,1744.0,N,0.17x,5.0
SASKEN,C1:-4.1%/2b | C2:-10.0%/5b | C3:-13.7%/3b,2358.7,N,0.79x,5.0
PARKHOSPS,C1:-4.5%/3b | C2:-10.6%/5b | C3:-7.0%/1b,293.8,N,~1.272x,5.0
THANGAMAYL,C1:-13.0%/5b | C2:-19.3%/6b | C3:-2.6%/3b,3889.4,N,0.11x,5.0
KERNEX,C1:-23.8%/17b | C2:-3.7%/3b | C3:-16.7%/2b,1626.0,Y,~1.618x,5.0
BIRLACABLE,C1:-24.0%/7b | C2:-7.1%/2b | C3:-21.2%/7b,190.43,N,1.45x,5.0
AVALON,C1:-13.5%/4b | C2:-15.0%/1b | C3:-5.7%/1b,1528.4,N,0.27x,5.0
BBOX,C1:-11.8%/7b | C2:-7.3%/1b | C3:-4.5%/1b,655.85,N,n/a,5.0
SALSTEEL,C1:-7.9%/2b | C2:-5.1%/1b | C3:-14.9%/5b,63.0,N,0.60x,5.0
ANTELOPUS,C1:-16.4%/5b | C2:-11.9%/4b | C3:-13.0%/4b,788.9,N,0.75x,5.0
ATLANTAELE,C1:-10.3%/2b | C2:-17.8%/4b | C3:-17.4%/3b,1901.8,N,1.01x,5.0
MAYURUNIQ,C1:-9.0%/2b | C2:-7.5%/7b | C3:-6.9%/2b,805.75,N,0.23x,5.0
ROSSTECH,C1:-23.6%/3b | C2:-10.6%/2b | C3:-9.1%/3b,1088.0,N,0.21x,5.0
ARVIND,C1:-3.6%/4b | C2:-6.0%/5b | C3:-7.0%/3b,500.95,N,~1.618x,5.0
NATIONALUM,C1:-11.2%/2b | C2:-6.4%/4b | C3:-7.0%/3b,420.7,N,~1.272x,5.0
MCLEODRUSS,C1:-9.8%/3b | C2:-8.5%/2b | C3:-10.1%/3b,78.41,N,0.27x,5.0
BAJAJCON,C1:-10.0%/5b | C2:-10.4%/2b | C3:-5.7%/5b,572.9,N,0.34x,5.0
SOTL,C1:-5.1%/3b | C2:-12.9%/5b | C3:-4.8%/3b,436.45,N,0.48x,5.0
IDEAFORGE,C1:-13.5%/2b | C2:-14.3%/5b | C3:-6.2%/4b,855.4,N,0.28x,5.0
BLISSGVS,C1:-12.2%/3b | C2:-4.4%/4b | C3:-4.9%/4b,293.0,N,0.45x,5.0
HIRECT,C1:-9.9%/4b | C2:-6.6%/3b | C3:-9.9%/3b,1191.0,N,0.78x,5.0
SPARC,C1:-7.3%/3b | C2:-13.4%/6b | C3:-21.4%/4b,248.75,N,0.89x,5.0
PAISALO,C1:-10.1%/1b | C2:-6.0%/3b | C3:-5.0%/2b,51.3,N,~1.272x,5.0
KIRLPNU,C1:-3.4%/3b | C2:-9.6%/4b | C3:-9.0%/4b,1697.0,N,~1.618x,5.0
532380,C1:-10.2%/6b | C2:-17.5%/7b | C3:-9.0%/2b,14.02,Y,2.24x,5.0
JAYBARMARU,C1:-10.9%/9b | C2:-12.6%/6b | C3:-10.3%/4b,124.1,N,1.45x,5.0
UFBL,C1:-19.3%/5b | C2:-8.8%/5b | C3:-13.4%/2b,507.45,N,1.45x,5.0
524520,C1:-7.2%/4b | C2:-5.9%/2b | C3:-6.6%/9b,123.0,N,~1.272x,5.0
GKSL,C1:-3.9%/1b | C2:-7.1%/4b | C3:-5.1%/2b,146.49,N,0.56x,4.0
WSTCSTPAPR,C1:-7.8%/4b | C2:-15.8%/8b | C3:-6.8%/2b,529.4,N,0.72x,4.0
GRAPHITE,C1:-6.7%/4b | C2:-6.9%/2b | C3:-9.3%/3b,766.9,N,2.01x,4.0
TCIFINANCE,C1:-13.1%/3b | C2:-10.9%/4b | C3:-13.4%/14b,14.85,N,2.16x,4.0
RISHABH,C1:-8.9%/6b | C2:-16.6%/6b | C3:-13.1%/3b,560.0,N,0.32x,4.0
MCL,C1:-2.3%/3b | C2:-8.4%/6b | C3:-7.4%/2b,64.42,N,5.78x,4.0
QUADFUTURE,C1:-6.7%/5b | C2:-17.7%/10b | C3:-11.9%/3b,326.95,N,0.29x,4.0
AEROFLEX,C1:-5.4%/3b | C2:-23.9%/4b | C3:-8.3%/5b,417.45,N,0.58x,4.0
MODISONLTD,C1:-4.1%/2b | C2:-6.1%/5b | C3:-10.3%/3b,174.0,N,0.32x,4.0
OMAXAUTO,C1:-11.6%/7b | C2:-6.5%/5b | C3:-16.9%/8b,258.24,N,0.54x,4.0
GROWW,C1:-4.2%/1b | C2:-19.5%/5b | C3:-4.0%/4b,191.95,N,0.37x,4.0
VIDYAWIRES,C1:-8.2%/6b | C2:-10.4%/3b | C3:-15.0%/4b,114.08,N,3.30x,4.0
GVPIL,C1:-15.9%/7b | C2:-6.0%/3b | C3:-15.1%/3b,740.05,N,0.49x,4.0
AEROENTER,C1:-8.1%/1b | C2:-3.2%/3b | C3:-18.6%/17b,114.8,Y,0.82x,4.0
HFCL,C1:-13.0%/9b | C2:-11.8%/3b | C3:-12.8%/4b,154.7,N,0.84x,4.0
BHAGYANGR,C1:-18.8%/4b | C2:-11.3%/3b | C3:-21.5%/7b,336.6,N,3.88x,4.0
CONFIPET,C1:-10.8%/2b | C2:-5.5%/1b | C3:-13.6%/3b,66.0,N,1.06x,4.0
KSHINTL,C1:-10.5%/2b | C2:-17.1%/6b | C3:-10.4%/3b,835.0,N,0.86x,4.0
SUPRIYA,C1:-4.6%/5b | C2:-5.0%/5b | C3:-8.3%/1b,1085.0,N,0.53x,4.0
SPORTKING,C1:-11.0%/3b | C2:-8.0%/3b | C3:-7.6%/4b,192.9,N,0.27x,4.0
SCPL,C1:-2.0%/1b | C2:-8.5%/3b | C3:-15.3%/4b,467.8,N,0.19x,4.0
NGLFINE,C1:-10.7%/3b | C2:-21.1%/4b | C3:-12.3%/2b,3005.0,N,0.98x,4.0
UNIPARTS,C1:-7.0%/4b | C2:-10.2%/5b | C3:-5.6%/3b,623.05,N,0.47x,4.0
SANDHAR,C1:-4.2%/3b | C2:-7.9%/1b | C3:-7.3%/2b,720.0,N,0.61x,4.0
CRAFTSMAN,C1:-5.8%/6b | C2:-3.9%/1b | C3:-15.4%/6b,9259.0,N,1.08x,4.0
511523,C1:-5.2%/1b | C2:-3.7%/3b | C3:-12.6%/3b,24.94,N,0.54x,4.0
POWERINDIA,C1:-7.2%/2b | C2:-9.5%/4b | C3:-9.9%/2b,38645.0,N,0.19x,4.0
RUBICON,C1:-9.3%/2b | C2:-9.1%/4b | C3:-6.4%/5b,1370.0,N,0.93x,4.0
HCC,C1:-10.8%/3b | C2:-17.4%/10b | C3:-6.9%/3b,23.7,N,0.22x,4.0
RAIN,C1:-8.5%/4b | C2:-6.8%/4b | C3:-11.5%/5b,183.0,N,0.61x,4.0
SAMMAANCAP,C1:-4.4%/4b | C2:-11.0%/10b | C3:-8.9%/3b,152.7,N,0.56x,4.0
NEOGEN,C1:-26.6%/13b | C2:-4.4%/2b | C3:-14.0%/2b,1883.0,N,~1.618x,4.0
E2E,C1:-13.0%/6b | C2:-8.0%/5b | C3:-17.9%/5b,360.62,N,2.06x,4.0
AARTIIND,C1:-8.2%/3b | C2:-8.8%/2b | C3:-15.8%/10b,501.4,N,0.13x,4.0
LINCOLN,C1:-11.3%/4b | C2:-4.3%/4b | C3:-11.5%/4b,770.0,N,0.20x,4.0
CHENNPETRO,C1:-6.9%/2b | C2:-8.9%/3b | C3:-14.8%/14b,1150.0,N,0.19x,4.0
DJML,C1:-7.1%/1b | C2:-5.5%/2b | C3:-6.4%/3b,108.0,N,2.05x,4.0
SENORES,C1:-7.8%/2b | C2:-7.1%/6b | C3:-13.1%/5b,1173.8,N,1.10x,4.0
AMBIKCO,C1:-10.4%/3b | C2:-4.6%/3b | C3:-6.3%/3b,1750.0,N,0.27x,4.0
NLCINDIA,C1:-7.3%/3b | C2:-12.4%/7b | C3:-6.2%/3b,355.5,N,0.65x,4.0
ADFFOODS,C1:-8.2%/5b | C2:-7.6%/2b | C3:-9.8%/5b,288.0,N,0.23x,4.0
BODALCHEM,C1:-5.7%/7b | C2:-12.9%/3b | C3:-14.4%/6b,74.4,N,0.68x,4.0
GVT&D,C1:-5.3%/4b | C2:-12.3%/3b | C3:-10.1%/1b,5222.1,N,0.33x,4.0
APARINDS,C1:-7.7%/5b | C2:-3.7%/2b | C3:-7.4%/3b,13580.0,N,0.64x,4.0
BHEL,C1:-8.3%/5b | C2:-4.4%/3b | C3:-7.6%/2b,424.7,N,0.50x,4.0
VINDHYATEL,C1:-14.2%/7b | C2:-16.3%/4b | C3:-7.2%/3b,2285.9,N,0.24x,4.0
UNIVPHOTO,C1:-30.7%/19b | C2:-5.0%/2b | C3:-17.0%/12b,440.05,N,0.29x,4.0
AXISCADES,C1:-7.0%/2b | C2:-9.8%/2b | C3:-18.9%/9b,2074.7,N,2.09x,4.0
CGPOWER,C1:-4.9%/7b | C2:-5.0%/2b | C3:-5.0%/3b,938.0,N,0.38x,4.0
521113,C1:-9.6%/3b | C2:-14.2%/6b | C3:-10.0%/6b,97.9,N,0.17x,4.0
SUVEN,C1:-7.2%/2b | C2:-12.9%/5b | C3:-9.6%/4b,291.34,N,0.29x,4.0
CENTUM,C1:-5.7%/4b | C2:-8.6%/2b | C3:-4.7%/3b,3629.0,N,0.85x,4.0
KSR,C1:-12.0%/7b | C2:-14.4%/11b | C3:-14.9%/5b,34.39,N,0.15x,4.0
JAYNECOIND,C1:-11.4%/1b | C2:-7.0%/3b | C3:-11.1%/6b,109.0,N,0.45x,4.0
STYLAMIND,C1:-3.6%/8b | C2:-8.2%/3b,2929.0,N,0.40x,4.0
QPOWER,C1:-13.8%/3b | C2:-10.4%/5b | C3:-15.8%/7b,1174.0,N,0.27x,4.0
HARDWYN,C1:-7.2%/2b | C2:-8.1%/2b | C3:-6.5%/3b,26.6,N,0.25x,4.0
ARFIN,C1:-5.8%/1b | C2:-18.4%/4b | C3:-10.7%/5b,97.8,N,0.71x,4.0
J&KBANK,C1:-6.9%/1b | C2:-7.9%/2b | C3:-9.0%/2b,144.7,N,0.85x,4.0
ZIMLAB,C1:-9.9%/2b | C2:-18.9%/5b | C3:-4.8%/4b,104.0,N,0.36x,4.0
HINDCOPPER,C1:-5.6%/6b | C2:-12.3%/7b | C3:-6.5%/3b,564.85,N,0.51x,4.0
SUNFLAG,C1:-4.6%/6b | C2:-14.3%/2b | C3:-9.3%/3b,407.0,N,0.58x,4.0
MANAKALUCO,C1:-25.7%/15b | C2:-15.2%/3b | C3:-16.0%/2b,37.8,N,0.30x,4.0
TMB,C1:-5.6%/4b | C2:-13.1%/4b | C3:-3.1%/5b,697.85,N,2.10x,4.0
HSCL,C1:-6.3%/3b | C2:-10.1%/2b | C3:-15.5%/6b,625.0,N,0.57x,4.0
SOLARINDS,C1:-23.0%/15b | C2:-2.5%/13b | C3:-3.6%/3b,18799.0,N,0.78x,4.0
ATHERENERG,C1:-10.9%/3b | C2:-9.4%/1b | C3:-11.7%/9b,989.4,N,0.63x,4.0
KRN,C1:-11.0%/6b | C2:-23.0%/8b | C3:-6.5%/3b,1125.4,N,0.72x,4.0
AZAD,C1:-5.3%/6b | C2:-13.9%/3b | C3:-8.6%/4b,2145.9,N,0.29x,4.0
EMMVEE,C1:-12.7%/1b | C2:-14.7%/5b | C3:-13.3%/5b,284.9,N,1.06x,4.0
THERMAX,C1:-4.8%/3b | C2:-5.3%/2b | C3:-5.7%/2b,5016.1,N,0.35x,4.0
KIRLOSENG,C1:-15.5%/5b | C2:-5.9%/3b | C3:-11.8%/5b,1943.7,N,~1.618x,4.0
HAPPYFORGE,C1:-3.2%/3b | C2:-9.2%/6b | C3:-7.6%/2b,1470.0,N,0.54x,4.0
GMDCLTD,C1:-12.4%/6b | C2:-15.1%/9b | C3:-8.1%/2b,708.2,N,0.48x,4.0
GULPOLY,C1:-7.3%/3b | C2:-5.8%/2b | C3:-16.7%/6b,209.4,N,0.34x,4.0
AETHER,C1:-14.0%/3b | C2:-7.9%/9b | C3:-18.3%/14b,1275.1,N,~1.272x,4.0
APOLLOPIPE,C1:-12.7%/4b | C2:-5.5%/3b | C3:-15.8%/8b,554.0,N,1.04x,4.0
535916,C1:-7.1%/2b | C2:-17.2%/6b | C3:-10.3%/3b,76.0,N,0.94x,4.0
INDOTECH,C1:-12.1%/2b | C2:-19.7%/10b | C3:-5.3%/3b,2560.8,N,0.16x,4.0
GESHIP,C1:-4.7%/3b | C2:-9.7%/4b | C3:-19.2%/6b,1522.0,N,1.45x,4.0
VTL,C1:-11.9%/3b | C2:-5.0%/4b | C3:-9.0%/6b,626.8,N,0.23x,4.0
ADANIPOWER,C1:-8.1%/4b | C2:-10.9%/3b | C3:-3.3%/3b,252.65,N,0.16x,4.0
AVANTIFEED,C1:-8.6%/3b | C2:-17.4%/11b | C3:-15.8%/7b,1373.0,N,6.46x,4.0
MIRCELECTR,C1:-7.7%/4b | C2:-23.0%/4b | C3:-7.6%/4b,43.38,N,0.49x,4.0
RRKABEL,C1:-4.4%/3b | C2:-7.4%/4b | C3:-7.1%/3b,2007.9,N,0.81x,4.0
AYMSYNTEX,C1:-11.9%/2b | C2:-7.9%/1b | C3:-13.6%/4b,234.1,N,0.35x,4.0
MENONBE,C1:-10.5%/8b | C2:-20.5%/8b | C3:-9.2%/6b,159.0,N,n/a,3.0
TIRUPATIFL,C1:-6.3%/2b | C2:-15.6%/12b | C3:-9.3%/3b,45.97,N,0.37x,3.0
540492,C1:-12.8%/6b | C2:-13.2%/7b | C3:-23.3%/12b,11.4,N,6.35x,3.0
EXICOM,C1:-10.7%/5b | C2:-14.6%/5b | C3:-10.5%/3b,166.0,N,0.38x,3.0
539730,C1:-6.9%/1b | C2:-10.9%/5b | C3:-15.1%/4b,2539.0,N,0.39x,3.0
SAKAR,C1:-6.3%/1b | C2:-20.8%/5b | C3:-9.7%/2b,871.3,N,0.89x,3.0
STEELCAS,C1:-9.6%/2b | C2:-9.3%/3b | C3:-14.1%/7b,300.0,N,0.23x,3.0
GAUDIUMIVF,C1:-13.0%/2b | C2:-11.0%/5b | C3:-16.7%/8b,120.79,N,0.20x,3.0
544191,C1:-10.3%/7b | C2:-2.0%/1b | C3:-6.1%/3b,70.5,N,0.79x,3.0
WOCKPHARMA,C1:-5.0%/5b | C2:-15.1%/7b | C3:-3.9%/3b,2422.3,N,0.33x,3.0
NETWEB,C1:-7.8%/4b | C2:-8.7%/2b | C3:-16.9%/7b,4492.0,N,0.21x,3.0
FINCABLES,C1:-3.0%/3b | C2:-14.7%/6b | C3:-16.9%/3b,1184.8,N,0.49x,3.0
RAMRAT,C1:-6.4%/3b | C2:-8.6%/5b | C3:-7.2%/1b,477.5,N,0.65x,3.0
INDSWFTLAB,C1:-3.7%/4b | C2:-11.7%/8b | C3:-5.9%/2b,173.25,N,0.58x,3.0
SKYGOLD,C1:-10.2%/3b | C2:-6.2%/2b | C3:-21.6%/4b,549.9,N,0.27x,3.0
SYRMA,C1:-9.0%/1b | C2:-4.8%/2b | C3:-15.9%/5b,1145.2,N,0.41x,3.0
CALSOFT,C1:-23.2%/5b | C2:-12.1%/7b | C3:-28.3%/11b,26.51,N,~1.272x,3.0
CLEANMAX,C1:-20.5%/11b | C2:-22.0%/7b,1398.6,N,n/a,2.0
DSSL,C1:-4.9%/5b | C2:-14.5%/7b | C3:-6.1%/8b,1924.8,N,n/a,2.0
AMANTA,C1:-7.0%/7b | C2:-12.9%/6b | C3:-15.1%/5b,134.41,N,0.30x,2.0
NELCAST,C1:-5.5%/1b | C2:-10.8%/5b | C3:-23.3%/8b,147.79,N,0.45x,2.0
KOVAI,,,,,
NOVARTIND,,,,,
NITTAGELA,,,,,
COCKERILL,,,,,
SEDEMAC,,,,,
ELPROINTL,,,,,
CMPDI,,,,,
KPL,,,,,
DECNGOLD,,,,,
SAIPARENT,,,,,
WELSPLSOL,,,,,
MMWL,,,,,
KISSHT,,,,,
TIMEX,,,,,
POWERICA,,,,,
